generation,kcat_index,abs_log10_var_plus_eps
0,kcat_0,0.3974544940935863
1,kcat_0,0.3740800552101631
2,kcat_0,0.30288826629696447
3,kcat_0,0.25559777528917577
4,kcat_0,0.2333149764432273
5,kcat_0,0.21411902241593392
6,kcat_0,0.19639012464394368
7,kcat_0,0.1578158081306343
8,kcat_0,0.10275451607261168
9,kcat_0,0.09784168753039336
10,kcat_0,0.09630610843359678
11,kcat_0,0.08442230954397482
12,kcat_0,0.0807100638054582
13,kcat_0,0.08005761918178342
14,kcat_0,0.08524173509787229
15,kcat_0,0.0653307878671404
16,kcat_0,0.06320348001096096
17,kcat_0,0.05853992551993069
18,kcat_0,0.045420453408686084
19,kcat_0,0.03724890688284089
20,kcat_0,0.020843188140022357
21,kcat_0,0.009913885963258052
22,kcat_0,0.005009064287228775
23,kcat_0,0.004135931418861708
24,kcat_0,0.008833167665357036
25,kcat_0,0.012973886373809614
26,kcat_0,0.01668529082380139
27,kcat_0,0.01650169365634064
28,kcat_0,0.021499936043789532
29,kcat_0,0.02346791188541261
30,kcat_0,0.029178711877941577
31,kcat_0,0.0292360594036125
32,kcat_0,0.029546340332787784
33,kcat_0,0.03220131337539156
34,kcat_0,0.03978759305874146
35,kcat_0,0.04088996688692323
36,kcat_0,0.04627929216540653
37,kcat_0,0.04829849527136794
38,kcat_0,0.054670404582863055
39,kcat_0,0.05729376074200752
40,kcat_0,0.05871457833061182
41,kcat_0,0.057767366697836144
42,kcat_0,0.06268343267591861
43,kcat_0,0.06633403687366456
44,kcat_0,0.07401520557834923
45,kcat_0,0.07789870654677267
46,kcat_0,0.08139707060014113
47,kcat_0,0.08275709442575664
48,kcat_0,0.08729189918216239
49,kcat_0,0.08913447604949311
0,kcat_1,0.9366457286396901
1,kcat_1,0.8163561167053652
2,kcat_1,0.6746202059152979
3,kcat_1,0.5205955486523024
4,kcat_1,0.44812390887052844
5,kcat_1,0.40977494289637517
6,kcat_1,0.37415387307098824
7,kcat_1,0.3056795950127511
8,kcat_1,0.27310356920948997
9,kcat_1,0.2656920431985859
10,kcat_1,0.2553274193140834
11,kcat_1,0.23714095710296687
12,kcat_1,0.22520244847798557
13,kcat_1,0.22747344976259606
14,kcat_1,0.21365664383271782
15,kcat_1,0.1757239492399198
16,kcat_1,0.17091851253896018
17,kcat_1,0.16348788728780098
18,kcat_1,0.15061721426850266
19,kcat_1,0.14646178442641133
20,kcat_1,0.13531075553227323
21,kcat_1,0.1279395355265283
22,kcat_1,0.11925884081742892
23,kcat_1,0.11503366948049899
24,kcat_1,0.10651789262967609
25,kcat_1,0.09778116422890237
26,kcat_1,0.0892470444080969
27,kcat_1,0.08601785014931712
28,kcat_1,0.07962450686117224
29,kcat_1,0.07186496765438186
30,kcat_1,0.06788947288977254
31,kcat_1,0.06408056390666149
32,kcat_1,0.05577478558534238
33,kcat_1,0.05256202014661125
34,kcat_1,0.037433838001330856
35,kcat_1,0.029608862591077787
36,kcat_1,0.026069250081999878
37,kcat_1,0.021169835688126148
38,kcat_1,0.015643240324851905
39,kcat_1,0.010482546687116477
40,kcat_1,0.01151723219444479
41,kcat_1,0.009543054730385133
42,kcat_1,0.007434673526961688
43,kcat_1,0.009757466472859022
44,kcat_1,0.006838730956576324
45,kcat_1,0.006235104485197382
46,kcat_1,0.0024372925721908266
47,kcat_1,0.003914259009330843
48,kcat_1,0.008692076045376466
49,kcat_1,0.011367569500458525
0,kcat_2,0.715907392425997
1,kcat_2,0.6679935077912854
2,kcat_2,0.62838740674205
3,kcat_2,0.5279697797769294
4,kcat_2,0.45266058439224766
5,kcat_2,0.39987592847730086
6,kcat_2,0.38304760281495537
7,kcat_2,0.3310701751035898
8,kcat_2,0.27686199407283285
9,kcat_2,0.2710629396486305
10,kcat_2,0.2577044038127205
11,kcat_2,0.2464328580967018
12,kcat_2,0.23742594418411808
13,kcat_2,0.23002684223442998
14,kcat_2,0.2072703139901528
15,kcat_2,0.17855101725297828
16,kcat_2,0.1713592472735687
17,kcat_2,0.15703280634590813
18,kcat_2,0.14416203706327252
19,kcat_2,0.13752383629250384
20,kcat_2,0.13206017679162513
21,kcat_2,0.12470401580495166
22,kcat_2,0.11282992984299936
23,kcat_2,0.11244864913566242
24,kcat_2,0.10640153943845099
25,kcat_2,0.09902751728819263
26,kcat_2,0.08422020195026458
27,kcat_2,0.07873868715848525
28,kcat_2,0.06807078047777199
29,kcat_2,0.06973391408929477
30,kcat_2,0.06691713536093777
31,kcat_2,0.0661321737364891
32,kcat_2,0.05847753728471504
33,kcat_2,0.051428486067607936
34,kcat_2,0.03733685137850267
35,kcat_2,0.02755259581136613
36,kcat_2,0.023235321606719497
37,kcat_2,0.02079327814579352
38,kcat_2,0.010087776490228021
39,kcat_2,0.007965846746400435
40,kcat_2,0.00560167135666739
41,kcat_2,0.005295603943823977
42,kcat_2,0.01376346494747619
43,kcat_2,0.015758508351012987
44,kcat_2,0.019242413966593964
45,kcat_2,0.02089927806624472
46,kcat_2,0.027848442843035053
47,kcat_2,0.028151485861974777
48,kcat_2,0.028767083663123076
49,kcat_2,0.02748855426532609
0,kcat_3,0.39960699320415105
1,kcat_3,0.38142786982731974
2,kcat_3,0.3533982674490344
3,kcat_3,0.31721165753292463
4,kcat_3,0.29268182781198615
5,kcat_3,0.25706888243937154
6,kcat_3,0.24916054637961096
7,kcat_3,0.2275221518898629
8,kcat_3,0.20045097627888514
9,kcat_3,0.18890642081662887
10,kcat_3,0.1712474197356698
11,kcat_3,0.15835100334683522
12,kcat_3,0.1466532469877997
13,kcat_3,0.1355153575352927
14,kcat_3,0.13197191526239127
15,kcat_3,0.12146050654842282
16,kcat_3,0.11263607031874147
17,kcat_3,0.10162885841207493
18,kcat_3,0.09748414251079163
19,kcat_3,0.09173345608872387
20,kcat_3,0.08791475261337597
21,kcat_3,0.09138451483749653
22,kcat_3,0.08426548206369361
23,kcat_3,0.07942566946965099
24,kcat_3,0.075556953441562
25,kcat_3,0.07625330694026539
26,kcat_3,0.06417079130763238
27,kcat_3,0.06222355057654119
28,kcat_3,0.05819130904260587
29,kcat_3,0.04717010917426845
30,kcat_3,0.041947472400374566
31,kcat_3,0.03636748510494805
32,kcat_3,0.02207818258467793
33,kcat_3,0.020098842298212266
34,kcat_3,0.015176733619407858
35,kcat_3,0.014471230793509891
36,kcat_3,0.011612591654755498
37,kcat_3,0.008506113179347687
38,kcat_3,0.007396521737962697
39,kcat_3,0.002341959440206546
40,kcat_3,0.00443917971181124
41,kcat_3,0.00558867354263156
42,kcat_3,0.008222244500555932
43,kcat_3,0.014500751443507393
44,kcat_3,0.013838467025766223
45,kcat_3,0.02263790921164252
46,kcat_3,0.03009787121529674
47,kcat_3,0.03411406635683688
48,kcat_3,0.03912062714426586
49,kcat_3,0.038819278757979664
0,kcat_4,1.0477427890800297
1,kcat_4,0.9225449844135094
2,kcat_4,0.6855316156099758
3,kcat_4,0.5859286935583963
4,kcat_4,0.5022592741097268
5,kcat_4,0.41200031895693734
6,kcat_4,0.378402508364826
7,kcat_4,0.3393518041414267
8,kcat_4,0.2913169472234604
9,kcat_4,0.2712341803124344
10,kcat_4,0.2536687016356781
11,kcat_4,0.22902196529390983
12,kcat_4,0.21379974934284007
13,kcat_4,0.22106670811181206
14,kcat_4,0.20986250289081038
15,kcat_4,0.18534486668577296
16,kcat_4,0.16470474959182052
17,kcat_4,0.15343471498523925
18,kcat_4,0.14179082328298775
19,kcat_4,0.1338177551254001
20,kcat_4,0.11275196263028966
21,kcat_4,0.0930010629495967
22,kcat_4,0.0829457673359944
23,kcat_4,0.08118310728740527
24,kcat_4,0.07947957820162072
25,kcat_4,0.0753639131901334
26,kcat_4,0.06307938587920602
27,kcat_4,0.05597969558562831
28,kcat_4,0.048957143503917576
29,kcat_4,0.03788382726718578
30,kcat_4,0.025389259114112654
31,kcat_4,0.021129333129838758
32,kcat_4,0.006352317872169355
33,kcat_4,0.0010301823621506187
34,kcat_4,0.007694874043277247
35,kcat_4,0.009256793786529275
36,kcat_4,0.015781370119322673
37,kcat_4,0.018973449490487244
38,kcat_4,0.02056154766117675
39,kcat_4,0.019881985659039057
40,kcat_4,0.0224232809541961
41,kcat_4,0.021355085509619617
42,kcat_4,0.026073492556462248
43,kcat_4,0.030253278255771766
44,kcat_4,0.03393811021985364
45,kcat_4,0.03933204115811598
46,kcat_4,0.04335879318385511
47,kcat_4,0.044594275748986396
48,kcat_4,0.04889724006247286
49,kcat_4,0.051576505508101916
0,kcat_5,1.1064876468214293
1,kcat_5,1.012786018713947
2,kcat_5,0.8197401695882943
3,kcat_5,0.6690202454385379
4,kcat_5,0.6183121454563554
5,kcat_5,0.5235625191565849
6,kcat_5,0.49455049239952203
7,kcat_5,0.4473949230058056
8,kcat_5,0.3805292245040671
9,kcat_5,0.3705286403459131
10,kcat_5,0.3593288435900588
11,kcat_5,0.3361696932862524
12,kcat_5,0.32284495953848485
13,kcat_5,0.3051647299088228
14,kcat_5,0.2861249758606897
15,kcat_5,0.24185648558553097
16,kcat_5,0.2325268684357883
17,kcat_5,0.21853660910682568
18,kcat_5,0.210044078244712
19,kcat_5,0.20334699309042328
20,kcat_5,0.16787685239039543
21,kcat_5,0.15517382820621212
22,kcat_5,0.14853892009609315
23,kcat_5,0.14399224394342316
24,kcat_5,0.13931536893900576
25,kcat_5,0.13381575475202998
26,kcat_5,0.11583847787695174
27,kcat_5,0.11530774985165033
28,kcat_5,0.11057890917059426
29,kcat_5,0.09479199459329089
30,kcat_5,0.08919639542614173
31,kcat_5,0.08942689543829227
32,kcat_5,0.0796226062069708
33,kcat_5,0.07910333196505236
34,kcat_5,0.06770532825072774
35,kcat_5,0.06379830174599765
36,kcat_5,0.05606520402743985
37,kcat_5,0.05143915031630549
38,kcat_5,0.04192017661267136
39,kcat_5,0.038961184464185186
40,kcat_5,0.03555643980985269
41,kcat_5,0.03450074430955388
42,kcat_5,0.023339713129465176
43,kcat_5,0.01126737603863862
44,kcat_5,0.006002031439659355
45,kcat_5,0.000861765057521994
46,kcat_5,0.012303911090407762
47,kcat_5,0.010088685304457026
48,kcat_5,0.013863938095845374
49,kcat_5,0.01771556197344831
0,kcat_6,0.7877600000586659
1,kcat_6,0.7405212962539413
2,kcat_6,0.6082257765455963
3,kcat_6,0.5109234549944954
4,kcat_6,0.4398751035096722
5,kcat_6,0.38038830145365327
6,kcat_6,0.37249929001765697
7,kcat_6,0.3370709840761217
8,kcat_6,0.27388081537271924
9,kcat_6,0.25821594024272193
10,kcat_6,0.23258535535810182
11,kcat_6,0.20519520842057382
12,kcat_6,0.19415434083455083
13,kcat_6,0.1903541125707018
14,kcat_6,0.17369490375346303
15,kcat_6,0.1428882631483013
16,kcat_6,0.13211508007787112
17,kcat_6,0.12343022734917453
18,kcat_6,0.10335120490526571
19,kcat_6,0.09779882209730119
20,kcat_6,0.08055019133333488
21,kcat_6,0.07018160838365274
22,kcat_6,0.06883810349209478
23,kcat_6,0.06745400480661819
24,kcat_6,0.06392964121870072
25,kcat_6,0.06206488567628296
26,kcat_6,0.041670269409634766
27,kcat_6,0.036054503849659074
28,kcat_6,0.02773278226118614
29,kcat_6,0.015509947818383475
30,kcat_6,0.007092049121260527
31,kcat_6,0.0002678474474376824
32,kcat_6,0.00026576472127819726
33,kcat_6,0.000806320803100108
34,kcat_6,0.010102607120111354
35,kcat_6,0.014545481917437271
36,kcat_6,0.01679429173662705
37,kcat_6,0.01961983982310306
38,kcat_6,0.024598984967334165
39,kcat_6,0.03203606007174053
40,kcat_6,0.036749910140332416
41,kcat_6,0.03600078094003904
42,kcat_6,0.04328355884888942
43,kcat_6,0.0459087683225979
44,kcat_6,0.047010346501801574
45,kcat_6,0.05006024087179105
46,kcat_6,0.05850911351940001
47,kcat_6,0.06395633745231956
48,kcat_6,0.06510985212719009
49,kcat_6,0.06560218301440265
0,kcat_7,0.7086446810117755
1,kcat_7,0.6777630359247938
2,kcat_7,0.5792783928135652
3,kcat_7,0.481080733779028
4,kcat_7,0.4262913710587302
5,kcat_7,0.358872007236317
6,kcat_7,0.31823992532450013
7,kcat_7,0.29615163486080015
8,kcat_7,0.25943278109132206
9,kcat_7,0.24941321088855958
10,kcat_7,0.2398458899621488
11,kcat_7,0.20566247764825585
12,kcat_7,0.20040780326516933
13,kcat_7,0.1909107054739246
14,kcat_7,0.17858176876648732
15,kcat_7,0.15238565880826194
16,kcat_7,0.14343740997088752
17,kcat_7,0.13528186032526668
18,kcat_7,0.12804012806007384
19,kcat_7,0.12760319960137914
20,kcat_7,0.11446778810025854
21,kcat_7,0.10115781818630167
22,kcat_7,0.09131201428760692
23,kcat_7,0.09121635392982591
24,kcat_7,0.0850823367884128
25,kcat_7,0.08328522294339881
26,kcat_7,0.07069850491986479
27,kcat_7,0.07057577351739228
28,kcat_7,0.06638111415212382
29,kcat_7,0.05105226136715332
30,kcat_7,0.04620795892298013
31,kcat_7,0.04524630025416038
32,kcat_7,0.04151237892187174
33,kcat_7,0.03380043148258701
34,kcat_7,0.018110273436777742
35,kcat_7,0.011450785200299142
36,kcat_7,0.0014565995029066268
37,kcat_7,0.0008155571826945108
38,kcat_7,0.007988121016022434
39,kcat_7,0.011738698701407287
40,kcat_7,0.01548383274246968
41,kcat_7,0.011655823768394202
42,kcat_7,0.018208102089479893
43,kcat_7,0.02114314973979794
44,kcat_7,0.022956150793751698
45,kcat_7,0.023620260512410472
46,kcat_7,0.027459137909477554
47,kcat_7,0.027950125501190064
48,kcat_7,0.037236753513537446
49,kcat_7,0.03628503063534598
0,kcat_8,0.4657278979410509
1,kcat_8,0.4357077227768414
2,kcat_8,0.39259908432378504
3,kcat_8,0.35992372598918887
4,kcat_8,0.32385840021346735
5,kcat_8,0.3084765489495718
6,kcat_8,0.27500303754149297
7,kcat_8,0.24041579293542892
8,kcat_8,0.21521463121682477
9,kcat_8,0.21323854927454125
10,kcat_8,0.19672499161925194
11,kcat_8,0.1900343890386724
12,kcat_8,0.17605588052541005
13,kcat_8,0.170738549039155
14,kcat_8,0.15730216675157083
15,kcat_8,0.14227382596606983
16,kcat_8,0.13329090424548476
17,kcat_8,0.13060313357651762
18,kcat_8,0.1130070650311043
19,kcat_8,0.10956885786206026
20,kcat_8,0.09390431875505154
21,kcat_8,0.08800998378005435
22,kcat_8,0.0758303997378363
23,kcat_8,0.07135697721899063
24,kcat_8,0.06805654594054728
25,kcat_8,0.05913044110044766
26,kcat_8,0.04919102364267969
27,kcat_8,0.043863233006854935
28,kcat_8,0.0382856120763598
29,kcat_8,0.03817995134994592
30,kcat_8,0.039572145563629674
31,kcat_8,0.0361529626870981
32,kcat_8,0.027437574990128746
33,kcat_8,0.02157534153084357
34,kcat_8,0.015861229499400574
35,kcat_8,0.006961559500758691
36,kcat_8,0.003978532246808991
37,kcat_8,0.0005866161037977945
38,kcat_8,0.0016145662196971643
39,kcat_8,0.0011032363796829902
40,kcat_8,0.0063199039985354765
41,kcat_8,0.008560604090925968
42,kcat_8,0.010735085961888949
43,kcat_8,0.015041028431684141
44,kcat_8,0.01946807794684235
45,kcat_8,0.026183327907009547
46,kcat_8,0.030322785561635736
47,kcat_8,0.03814662168889176
48,kcat_8,0.04042254946065981
49,kcat_8,0.043574550542687794
0,kcat_9,0.4434600887180087
1,kcat_9,0.4305436831880263
2,kcat_9,0.3909301650474206
3,kcat_9,0.35620715661167285
4,kcat_9,0.3258011097656892
5,kcat_9,0.31441179223456167
6,kcat_9,0.2888509079414933
7,kcat_9,0.2664974407727547
8,kcat_9,0.2219454833077871
9,kcat_9,0.20878416869955008
10,kcat_9,0.20270955639110183
11,kcat_9,0.1878032079375855
12,kcat_9,0.18619124467841638
13,kcat_9,0.17993154762412958
14,kcat_9,0.16294274076936707
15,kcat_9,0.13355535692395928
16,kcat_9,0.13153588736810715
17,kcat_9,0.11983152382017159
18,kcat_9,0.106138254080246
19,kcat_9,0.09817219443174885
20,kcat_9,0.09015952280179941
21,kcat_9,0.08371647359824483
22,kcat_9,0.07114112821140857
23,kcat_9,0.06762167420058504
24,kcat_9,0.05874014607066028
25,kcat_9,0.05578786116976037
26,kcat_9,0.05182152868943799
27,kcat_9,0.04615652618713915
28,kcat_9,0.04281821370169307
29,kcat_9,0.039168912334500094
30,kcat_9,0.03688857817386435
31,kcat_9,0.03381458568455157
32,kcat_9,0.027843389799556525
33,kcat_9,0.0267065469107038
34,kcat_9,0.02334721170121772
35,kcat_9,0.01567619782027162
36,kcat_9,0.016384478691584478
37,kcat_9,0.014100713068866897
38,kcat_9,0.009376214282585794
39,kcat_9,0.006644003973975458
40,kcat_9,0.0001236279611303138
41,kcat_9,0.0012343971406780967
42,kcat_9,0.010458505106491992
43,kcat_9,0.014704340036360015
44,kcat_9,0.02348025363131024
45,kcat_9,0.0270446344723297
46,kcat_9,0.04178706952595412
47,kcat_9,0.043404962609409924
48,kcat_9,0.05030654315571912
49,kcat_9,0.05028221776775213
0,kcat_10,0.49779935946851833
1,kcat_10,0.4778179716013022
2,kcat_10,0.44441112009330985
3,kcat_10,0.3474702355996266
4,kcat_10,0.3281849556233959
5,kcat_10,0.29294996013546815
6,kcat_10,0.2766825167523513
7,kcat_10,0.2623212951899405
8,kcat_10,0.22132755555357592
9,kcat_10,0.2014722196334521
10,kcat_10,0.1900381109950291
11,kcat_10,0.17399297401985236
12,kcat_10,0.16854335524915723
13,kcat_10,0.16597446453553033
14,kcat_10,0.15828148694016356
15,kcat_10,0.14488386633650296
16,kcat_10,0.13600786229505685
17,kcat_10,0.13775178379713285
18,kcat_10,0.1290065656165717
19,kcat_10,0.12666034960467093
20,kcat_10,0.09735175874680377
21,kcat_10,0.08831754543624867
22,kcat_10,0.08040631619697582
23,kcat_10,0.07539625223466118
24,kcat_10,0.0699668120114536
25,kcat_10,0.06985919279237252
26,kcat_10,0.05202144649835938
27,kcat_10,0.04791576603137352
28,kcat_10,0.042483227776038655
29,kcat_10,0.040615860197742645
30,kcat_10,0.03035868303566032
31,kcat_10,0.024302647245680726
32,kcat_10,0.016474391222098674
33,kcat_10,0.01379615559994553
34,kcat_10,0.0058920596834726386
35,kcat_10,0.002255286603023164
36,kcat_10,0.01236375047268982
37,kcat_10,0.015822793573049797
38,kcat_10,0.0181026870527358
39,kcat_10,0.021247496376129014
40,kcat_10,0.026742379788135488
41,kcat_10,0.02762342457368923
42,kcat_10,0.0321217744126215
43,kcat_10,0.03625821817882874
44,kcat_10,0.039198299514968185
45,kcat_10,0.039054625577373714
46,kcat_10,0.04268495195545204
47,kcat_10,0.043049145774650896
48,kcat_10,0.04880035609970601
49,kcat_10,0.0491043289653932
0,kcat_11,0.20960416539233584
1,kcat_11,0.2020918599041394
2,kcat_11,0.17866331080088285
3,kcat_11,0.1515114422795476
4,kcat_11,0.1443874655536487
5,kcat_11,0.12626022842241902
6,kcat_11,0.10662151214084832
7,kcat_11,0.09500391450354015
8,kcat_11,0.05877020974260533
9,kcat_11,0.05793059563451295
10,kcat_11,0.05631530547358756
11,kcat_11,0.045551115557047536
12,kcat_11,0.041904270369940703
13,kcat_11,0.04556650924432818
14,kcat_11,0.041489943003164866
15,kcat_11,0.03291850664162731
16,kcat_11,0.028616289693529355
17,kcat_11,0.022310725693174303
18,kcat_11,0.016476418807648625
19,kcat_11,0.012994226661784212
20,kcat_11,0.0031458103252182926
21,kcat_11,0.0020873614672968065
22,kcat_11,0.004745635210320108
23,kcat_11,0.00696068679270919
24,kcat_11,0.007576649856889608
25,kcat_11,0.013162653224867992
26,kcat_11,0.020199645442965306
27,kcat_11,0.019876196172819122
28,kcat_11,0.022797783454413544
29,kcat_11,0.0173312571925962
30,kcat_11,0.0182341382655506
31,kcat_11,0.022375017888531006
32,kcat_11,0.027159799779885085
33,kcat_11,0.028024095512716122
34,kcat_11,0.040574377333393453
35,kcat_11,0.04200364775478113
36,kcat_11,0.04680053483157112
37,kcat_11,0.05010699717074135
38,kcat_11,0.049168734261502624
39,kcat_11,0.05588674166453869
40,kcat_11,0.0584359462740215
41,kcat_11,0.05988566969044445
42,kcat_11,0.05690194291058989
43,kcat_11,0.05822976382106546
44,kcat_11,0.05737925164795413
45,kcat_11,0.060556988647050024
46,kcat_11,0.07711034045712234
47,kcat_11,0.07732457636861806
48,kcat_11,0.07840524481387054
49,kcat_11,0.08015996765563277
0,kcat_12,0.15722034641043076
1,kcat_12,0.15852642156854885
2,kcat_12,0.15293932210793917
3,kcat_12,0.1327699801643502
4,kcat_12,0.13266134275576363
5,kcat_12,0.13993327289790028
6,kcat_12,0.13644522420707833
7,kcat_12,0.1284054573775073
8,kcat_12,0.10677579184119053
9,kcat_12,0.09997930917846852
10,kcat_12,0.09682633164509959
11,kcat_12,0.09552127519646156
12,kcat_12,0.09171139692748012
13,kcat_12,0.08746121724662631
14,kcat_12,0.09472211632581548
15,kcat_12,0.08271706205473485
16,kcat_12,0.08041908850698698
17,kcat_12,0.06981578285798647
18,kcat_12,0.06801734829827633
19,kcat_12,0.06238429219717898
20,kcat_12,0.05065098050969202
21,kcat_12,0.03961737029273604
22,kcat_12,0.03248583273742514
23,kcat_12,0.032032467963276086
24,kcat_12,0.029006668572165845
25,kcat_12,0.025046159461445887
26,kcat_12,0.023946475423385846
27,kcat_12,0.024788781923197393
28,kcat_12,0.01459721700166433
29,kcat_12,0.006818441771646513
30,kcat_12,0.0029099270427249435
31,kcat_12,0.008116074507583225
32,kcat_12,0.011369746402585864
33,kcat_12,0.012227508486100349
34,kcat_12,0.020745104134517838
35,kcat_12,0.020618695724782282
36,kcat_12,0.024122435228631875
37,kcat_12,0.026285281815239182
38,kcat_12,0.026170326846938416
39,kcat_12,0.0322170707569885
40,kcat_12,0.03653080460637731
41,kcat_12,0.037162292551121495
42,kcat_12,0.045371425324753856
43,kcat_12,0.0437918556917587
44,kcat_12,0.04703260384152804
45,kcat_12,0.05287547300130667
46,kcat_12,0.05567555186123315
47,kcat_12,0.05478975147584855
48,kcat_12,0.059620499319864746
49,kcat_12,0.06056629692569283
0,kcat_13,0.5907755988514208
1,kcat_13,0.5715219199770561
2,kcat_13,0.504303317870492
3,kcat_13,0.41588244008725367
4,kcat_13,0.3696952072123142
5,kcat_13,0.32979125099562057
6,kcat_13,0.31311494221782254
7,kcat_13,0.2926076953987331
8,kcat_13,0.2829346212979865
9,kcat_13,0.27584432978118756
10,kcat_13,0.2593546609591168
11,kcat_13,0.2316295093283246
12,kcat_13,0.21765004868788188
13,kcat_13,0.20953816063904115
14,kcat_13,0.18710709657310073
15,kcat_13,0.14889103897945047
16,kcat_13,0.1450087958545193
17,kcat_13,0.14407429686199802
18,kcat_13,0.12899731605408896
19,kcat_13,0.12648203654866
20,kcat_13,0.11391463940399557
21,kcat_13,0.1013843361186067
22,kcat_13,0.09286170255996007
23,kcat_13,0.08953354461480606
24,kcat_13,0.08621445875074053
25,kcat_13,0.07982684075828415
26,kcat_13,0.0744436661286451
27,kcat_13,0.07112098542204523
28,kcat_13,0.06544647940623254
29,kcat_13,0.06024150514693916
30,kcat_13,0.048752627684887306
31,kcat_13,0.03921716818994814
32,kcat_13,0.03642501428186929
33,kcat_13,0.028325706795965914
34,kcat_13,0.020178792020166255
35,kcat_13,0.01791627515469415
36,kcat_13,0.013942607812679217
37,kcat_13,0.009511868031413481
38,kcat_13,0.00390972988013115
39,kcat_13,0.002213174102864967
40,kcat_13,0.01099581372677139
41,kcat_13,0.01211522827897468
42,kcat_13,0.014688781717766204
43,kcat_13,0.022497905083033082
44,kcat_13,0.02607466988183566
45,kcat_13,0.033614120520437385
46,kcat_13,0.041289016118461266
47,kcat_13,0.04131290897274319
48,kcat_13,0.04848220296328537
49,kcat_13,0.04783154239379274
0,kcat_14,0.6962189655781137
1,kcat_14,0.6416020160477616
2,kcat_14,0.49848879097444593
3,kcat_14,0.37886761310497713
4,kcat_14,0.34351917146190086
5,kcat_14,0.3171757420555621
6,kcat_14,0.2998834336343284
7,kcat_14,0.27069167334804384
8,kcat_14,0.21661043282847414
9,kcat_14,0.21457774038925412
10,kcat_14,0.20925647167051714
11,kcat_14,0.19524469696568125
12,kcat_14,0.18817639285760085
13,kcat_14,0.19230490146197832
14,kcat_14,0.1730337254775211
15,kcat_14,0.14813386427161607
16,kcat_14,0.13582250847631594
17,kcat_14,0.12918091742718268
18,kcat_14,0.11649247058174396
19,kcat_14,0.10901819092252256
20,kcat_14,0.09897793903893712
21,kcat_14,0.0913417911240343
22,kcat_14,0.07497984720309896
23,kcat_14,0.07376937547742635
24,kcat_14,0.07588687353642551
25,kcat_14,0.07545101810523706
26,kcat_14,0.0544661028122389
27,kcat_14,0.05423856471078387
28,kcat_14,0.05138669474127576
29,kcat_14,0.04663644178241424
30,kcat_14,0.037883556261989006
31,kcat_14,0.027704518514103542
32,kcat_14,0.026861536921638684
33,kcat_14,0.021912318831275538
34,kcat_14,0.004353166539501418
35,kcat_14,0.0009023639244821936
36,kcat_14,0.0023026275481575795
37,kcat_14,0.0038192221949999664
38,kcat_14,0.008878942842850212
39,kcat_14,0.008875923090506164
40,kcat_14,0.013047315492240488
41,kcat_14,0.012735063407709604
42,kcat_14,0.017524147250756995
43,kcat_14,0.021869551208521527
44,kcat_14,0.025571617414020253
45,kcat_14,0.027922785953691583
46,kcat_14,0.033196505615320664
47,kcat_14,0.03878411118780613
48,kcat_14,0.0437703642566625
49,kcat_14,0.043757173290357936
0,kcat_15,0.30863871944059307
1,kcat_15,0.2930035330001843
2,kcat_15,0.2647163238553851
3,kcat_15,0.23221926470439302
4,kcat_15,0.22264267439744104
5,kcat_15,0.19977434778138795
6,kcat_15,0.18509823018236385
7,kcat_15,0.16519589619682715
8,kcat_15,0.13432331828925667
9,kcat_15,0.12782896372861807
10,kcat_15,0.12549662500291092
11,kcat_15,0.11946009837923362
12,kcat_15,0.11121934403837505
13,kcat_15,0.0939687763643404
14,kcat_15,0.08140425238390524
15,kcat_15,0.07936141781387264
16,kcat_15,0.0778074919164717
17,kcat_15,0.07946863881216047
18,kcat_15,0.0743811209168946
19,kcat_15,0.07426529025525387
20,kcat_15,0.06022079028922728
21,kcat_15,0.05556731338721079
22,kcat_15,0.05508868998550464
23,kcat_15,0.054478994152031814
24,kcat_15,0.0521564446728797
25,kcat_15,0.04746333551727848
26,kcat_15,0.036009438741378935
27,kcat_15,0.030719547076586497
28,kcat_15,0.03030501308274556
29,kcat_15,0.029478434002895425
30,kcat_15,0.021956268053800583
31,kcat_15,0.020263449041338172
32,kcat_15,0.0182772459286776
33,kcat_15,0.022459859783064383
34,kcat_15,0.010660317249854306
35,kcat_15,0.003022546965953068
36,kcat_15,0.00010925826683891505
37,kcat_15,0.004074209179342763
38,kcat_15,0.01654806803880126
39,kcat_15,0.015773249691026628
40,kcat_15,0.017589223797321574
41,kcat_15,0.019586418181471162
42,kcat_15,0.028043685888266074
43,kcat_15,0.03363697752211045
44,kcat_15,0.03574186152976411
45,kcat_15,0.0358900968326739
46,kcat_15,0.03871461735376575
47,kcat_15,0.04041931375526622
48,kcat_15,0.04582256459429529
49,kcat_15,0.045146393538373526
0,kcat_16,0.16720444318747887
1,kcat_16,0.15330773792945226
2,kcat_16,0.13772017538359643
3,kcat_16,0.13315319015364038
4,kcat_16,0.11559031180188457
5,kcat_16,0.090157381907597
6,kcat_16,0.08822947330367707
7,kcat_16,0.08001666366007303
8,kcat_16,0.07704382981810595
9,kcat_16,0.0759713877065332
10,kcat_16,0.0686630978848857
11,kcat_16,0.06535589487597362
12,kcat_16,0.06610125590034475
13,kcat_16,0.054636743967646166
14,kcat_16,0.052654304715971836
15,kcat_16,0.04093180208923745
16,kcat_16,0.022029402525674292
17,kcat_16,0.01712292114544933
18,kcat_16,0.01643309176572557
19,kcat_16,0.014093807280020324
20,kcat_16,0.01167502736700332
21,kcat_16,0.01585238254477907
22,kcat_16,0.008758719053323264
23,kcat_16,0.009265736162231976
24,kcat_16,0.010745477664198599
25,kcat_16,0.010351417547473358
26,kcat_16,0.002687848360454753
27,kcat_16,0.0015306446414757792
28,kcat_16,0.003051689866474594
29,kcat_16,0.0007005434348542152
30,kcat_16,0.0009639632507993542
31,kcat_16,0.0019038864337413512
32,kcat_16,0.004837455754099748
33,kcat_16,0.010750216163280465
34,kcat_16,0.02153753842637238
35,kcat_16,0.021589880466003398
36,kcat_16,0.022105444082377815
37,kcat_16,0.0230841485534013
38,kcat_16,0.025980068271483858
39,kcat_16,0.02854088504593736
40,kcat_16,0.03230101909300245
41,kcat_16,0.03299350600885222
42,kcat_16,0.040444021138689425
43,kcat_16,0.047783960094507645
44,kcat_16,0.05398892064943265
45,kcat_16,0.0559150040800132
46,kcat_16,0.07047781346669357
47,kcat_16,0.06857702855181662
48,kcat_16,0.07516439782195507
49,kcat_16,0.07614892926090397
0,kcat_17,0.8158110178670146
1,kcat_17,0.7027851919592957
2,kcat_17,0.5722722437784551
3,kcat_17,0.47857665231323615
4,kcat_17,0.42156430950951473
5,kcat_17,0.3499520780135954
6,kcat_17,0.3259776607003357
7,kcat_17,0.30232522135891565
8,kcat_17,0.2588880964967945
9,kcat_17,0.2502265430213561
10,kcat_17,0.23300847485871026
11,kcat_17,0.20507329970851434
12,kcat_17,0.1847558192062702
13,kcat_17,0.17028683449434634
14,kcat_17,0.15979313306712659
15,kcat_17,0.13822239011936316
16,kcat_17,0.13185912294987015
17,kcat_17,0.11648475050738866
18,kcat_17,0.10489055102211815
19,kcat_17,0.09625759659842557
20,kcat_17,0.07423246426839805
21,kcat_17,0.07472399930635094
22,kcat_17,0.06128937995764662
23,kcat_17,0.06093739825387372
24,kcat_17,0.056096758904939016
25,kcat_17,0.05725791454697481
26,kcat_17,0.045469364421006624
27,kcat_17,0.04511797140725709
28,kcat_17,0.036060420681908296
29,kcat_17,0.03788696627444362
30,kcat_17,0.03255369576981209
31,kcat_17,0.03191164641171847
32,kcat_17,0.032990220149851916
33,kcat_17,0.029661239792513464
34,kcat_17,0.02181472500075698
35,kcat_17,0.019516815761321766
36,kcat_17,0.01684287409845711
37,kcat_17,0.010437225560766991
38,kcat_17,0.009205199725435575
39,kcat_17,0.007681862901057789
40,kcat_17,0.007258691890027202
41,kcat_17,0.006772040303416859
42,kcat_17,0.0025871763580790044
43,kcat_17,0.002575234661535574
44,kcat_17,0.005829970571393451
45,kcat_17,0.009885389639384429
46,kcat_17,0.018006507019517552
47,kcat_17,0.022039522651437504
48,kcat_17,0.01958970266567816
49,kcat_17,0.0215079358401471
0,kcat_18,0.3390560050649878
1,kcat_18,0.32785946612382355
2,kcat_18,0.2852432202364669
3,kcat_18,0.26052127173919504
4,kcat_18,0.23405568462414209
5,kcat_18,0.19812568656424195
6,kcat_18,0.19323172989363485
7,kcat_18,0.1690968312434272
8,kcat_18,0.1164530373884654
9,kcat_18,0.09513574783545288
10,kcat_18,0.08504505979651703
11,kcat_18,0.07691904813433853
12,kcat_18,0.06315186507422417
13,kcat_18,0.06446943604641622
14,kcat_18,0.05338325050119341
15,kcat_18,0.040950795464294976
16,kcat_18,0.03684300391404661
17,kcat_18,0.03409028167356584
18,kcat_18,0.031238199648645222
19,kcat_18,0.025893593944783865
20,kcat_18,0.014603081957216784
21,kcat_18,0.004615458795290241
22,kcat_18,0.007443259854388038
23,kcat_18,0.013274593733545217
24,kcat_18,0.016856810403317643
25,kcat_18,0.017480969805268854
26,kcat_18,0.026075590322045074
27,kcat_18,0.02449549155389472
28,kcat_18,0.028576770460185023
29,kcat_18,0.028376219468235306
30,kcat_18,0.035479429244236846
31,kcat_18,0.040431335684568005
32,kcat_18,0.04581792112695393
33,kcat_18,0.04648332286117947
34,kcat_18,0.05775952877343101
35,kcat_18,0.05580956097805956
36,kcat_18,0.0613560494975531
37,kcat_18,0.06364371627225822
38,kcat_18,0.06934976775717899
39,kcat_18,0.07108342700786653
40,kcat_18,0.06788579143767358
41,kcat_18,0.06851901346520939
42,kcat_18,0.06730445803060693
43,kcat_18,0.07170423370987215
44,kcat_18,0.07210313157803891
45,kcat_18,0.07096723823593751
46,kcat_18,0.07976312409769017
47,kcat_18,0.08467695422227209
48,kcat_18,0.08389120932679835
49,kcat_18,0.08623237783851827
0,kcat_19,1.0896491122525533
1,kcat_19,0.9851145196929959
2,kcat_19,0.8118372630712943
3,kcat_19,0.6980069826541887
4,kcat_19,0.6373941036345889
5,kcat_19,0.509535597870964
6,kcat_19,0.4918339571484898
7,kcat_19,0.43550128041627634
8,kcat_19,0.3941858423005405
9,kcat_19,0.37260645160806605
10,kcat_19,0.35226102288785727
11,kcat_19,0.31973624920908994
12,kcat_19,0.30319186184304353
13,kcat_19,0.3061006722708342
14,kcat_19,0.2962857716651796
15,kcat_19,0.2618705774401832
16,kcat_19,0.24207574514112035
17,kcat_19,0.22848467603646053
18,kcat_19,0.21325419193726705
19,kcat_19,0.20867995719111143
20,kcat_19,0.18189942023191502
21,kcat_19,0.1715043339064183
22,kcat_19,0.1660420542912553
23,kcat_19,0.16301124038658166
24,kcat_19,0.16141617215243967
25,kcat_19,0.15138927208034142
26,kcat_19,0.13821224059349294
27,kcat_19,0.13407184860890395
28,kcat_19,0.1289752251666463
29,kcat_19,0.12144832415126297
30,kcat_19,0.11304601207394568
31,kcat_19,0.10668806077029824
32,kcat_19,0.1026582244715696
33,kcat_19,0.09822179257780486
34,kcat_19,0.09160554152681248
35,kcat_19,0.08307481052050758
36,kcat_19,0.07423766499328414
37,kcat_19,0.07178284067223717
38,kcat_19,0.06600277277875179
39,kcat_19,0.057728113897469756
40,kcat_19,0.049632806786603215
41,kcat_19,0.054390550757221184
42,kcat_19,0.04552997465503848
43,kcat_19,0.04324004832193452
44,kcat_19,0.041878539363010746
45,kcat_19,0.03583329881738219
46,kcat_19,0.025837103143137898
47,kcat_19,0.020915531692206335
48,kcat_19,0.011041952136538807
49,kcat_19,0.008555779699847445
0,kcat_20,0.6982446588890222
1,kcat_20,0.6575520264991113
2,kcat_20,0.5818777182156292
3,kcat_20,0.4827140974007864
4,kcat_20,0.4512923231165771
5,kcat_20,0.42270532432698693
6,kcat_20,0.4009395482464703
7,kcat_20,0.37494978687061714
8,kcat_20,0.34185312409154084
9,kcat_20,0.3347164075968012
10,kcat_20,0.32069725898052814
11,kcat_20,0.293029939982712
12,kcat_20,0.2714612122534465
13,kcat_20,0.26219774980097127
14,kcat_20,0.2511695873975984
15,kcat_20,0.2346894689092192
16,kcat_20,0.22292259558921998
17,kcat_20,0.21390346432836693
18,kcat_20,0.19612469647877323
19,kcat_20,0.19001219448238685
20,kcat_20,0.1812026500965403
21,kcat_20,0.1807135316343133
22,kcat_20,0.1718479095182464
23,kcat_20,0.17132214052040864
24,kcat_20,0.16236982691558904
25,kcat_20,0.15248045167277507
26,kcat_20,0.1300984643412617
27,kcat_20,0.1285802478690605
28,kcat_20,0.12427179678582044
29,kcat_20,0.1173753172373582
30,kcat_20,0.10947191893545928
31,kcat_20,0.10788529767147181
32,kcat_20,0.10136639727357927
33,kcat_20,0.09620927888149204
34,kcat_20,0.08359325743956164
35,kcat_20,0.08083479486436662
36,kcat_20,0.07249143041862062
37,kcat_20,0.06701994034581193
38,kcat_20,0.05779880962969997
39,kcat_20,0.04885445246648881
40,kcat_20,0.03661432482967063
41,kcat_20,0.03742388911809909
42,kcat_20,0.03156322256269379
43,kcat_20,0.026667936831152685
44,kcat_20,0.02462712388379443
45,kcat_20,0.014716031406186374
46,kcat_20,0.006100874030707145
47,kcat_20,0.005702468220832326
48,kcat_20,0.0008964641369607549
49,kcat_20,0.0013965821974263513
0,kcat_21,0.7491874614637929
1,kcat_21,0.6816244313546626
2,kcat_21,0.5797338283303451
3,kcat_21,0.48534657414527865
4,kcat_21,0.4492491721371241
5,kcat_21,0.40190597865780725
6,kcat_21,0.37367032356863855
7,kcat_21,0.3318308702201217
8,kcat_21,0.29262003194168795
9,kcat_21,0.2804108382617507
10,kcat_21,0.2661756903913223
11,kcat_21,0.24872914494873047
12,kcat_21,0.24809587153338855
13,kcat_21,0.23850786727321485
14,kcat_21,0.22937498782836271
15,kcat_21,0.19855935650923118
16,kcat_21,0.18531982128260338
17,kcat_21,0.17590335788022168
18,kcat_21,0.16182390455466344
19,kcat_21,0.15531856635518107
20,kcat_21,0.13201703528972156
21,kcat_21,0.12332210657920618
22,kcat_21,0.09814546476598592
23,kcat_21,0.0930684322316923
24,kcat_21,0.09009347294786237
25,kcat_21,0.08455376594105432
26,kcat_21,0.08059135792346477
27,kcat_21,0.07923828880140574
28,kcat_21,0.07763190309557924
29,kcat_21,0.0794831910524061
30,kcat_21,0.06617817232026743
31,kcat_21,0.06454851653956278
32,kcat_21,0.058785171921023276
33,kcat_21,0.057872031096201135
34,kcat_21,0.05272258812571874
35,kcat_21,0.0457824367799763
36,kcat_21,0.036132332072049515
37,kcat_21,0.03362165617030196
38,kcat_21,0.018683631648893192
39,kcat_21,0.012560971003822856
40,kcat_21,0.006667276657771176
41,kcat_21,0.00619939357466158
42,kcat_21,0.002356266312409225
43,kcat_21,0.0019066020506929634
44,kcat_21,0.0008504742121196991
45,kcat_21,0.007260711604286313
46,kcat_21,0.018879695501938454
47,kcat_21,0.020784286946631293
48,kcat_21,0.027930041001026605
49,kcat_21,0.028018076077071952
0,kcat_22,0.6475740421982894
1,kcat_22,0.6098271199017024
2,kcat_22,0.5179606117412756
3,kcat_22,0.44321465160755
4,kcat_22,0.4212264189052168
5,kcat_22,0.3753143837745818
6,kcat_22,0.35315335171715834
7,kcat_22,0.33055583698406193
8,kcat_22,0.2973658399183396
9,kcat_22,0.2941172481669668
10,kcat_22,0.2832830958268961
11,kcat_22,0.26909506123465365
12,kcat_22,0.25466640540961405
13,kcat_22,0.24157979769642135
14,kcat_22,0.23100407576532012
15,kcat_22,0.1985588745485855
16,kcat_22,0.17879113221577725
17,kcat_22,0.16721600932578323
18,kcat_22,0.16513346134651063
19,kcat_22,0.15586607010867884
20,kcat_22,0.13270724225125402
21,kcat_22,0.12120166187205426
22,kcat_22,0.10791260621782323
23,kcat_22,0.10478925027538656
24,kcat_22,0.10244672656907886
25,kcat_22,0.09697836437344393
26,kcat_22,0.08189490528976384
27,kcat_22,0.07459491740355922
28,kcat_22,0.06969073175036233
29,kcat_22,0.06036333482342908
30,kcat_22,0.05888157576125499
31,kcat_22,0.05029929375261829
32,kcat_22,0.041190890832480155
33,kcat_22,0.03726824247915285
34,kcat_22,0.03256947682173301
35,kcat_22,0.03449047095849435
36,kcat_22,0.02267705211384013
37,kcat_22,0.02288502401400264
38,kcat_22,0.022749886327435312
39,kcat_22,0.02058610880069818
40,kcat_22,0.01732728653676097
41,kcat_22,0.01959459776171892
42,kcat_22,0.013519380701680454
43,kcat_22,0.005123775842676315
44,kcat_22,0.0009016851350062093
45,kcat_22,0.007813897587326975
46,kcat_22,0.0072521608190906795
47,kcat_22,0.008131642749108551
48,kcat_22,0.008536387191817119
49,kcat_22,0.013156189801481396
0,kcat_23,1.12274213429436
1,kcat_23,1.0197952815999516
2,kcat_23,0.8756371013172201
3,kcat_23,0.7210755002642599
4,kcat_23,0.6248725220705581
5,kcat_23,0.5574826808176814
6,kcat_23,0.5306497195290288
7,kcat_23,0.48668718778856884
8,kcat_23,0.4108703992250771
9,kcat_23,0.3902172509940391
10,kcat_23,0.3510468984408576
11,kcat_23,0.3245909534941997
12,kcat_23,0.3026792430382908
13,kcat_23,0.29238130354509945
14,kcat_23,0.27113686719327734
15,kcat_23,0.2302824284475665
16,kcat_23,0.22054496393110704
17,kcat_23,0.19960733272379594
18,kcat_23,0.19317396882643617
19,kcat_23,0.1853671983718846
20,kcat_23,0.1535667324633692
21,kcat_23,0.13455302414194045
22,kcat_23,0.1289447768848389
23,kcat_23,0.12854614443253085
24,kcat_23,0.12434770893928423
25,kcat_23,0.120530645973688
26,kcat_23,0.10053029419998616
27,kcat_23,0.09251605087871483
28,kcat_23,0.08490493063079312
29,kcat_23,0.07916159042090129
30,kcat_23,0.06352531544221482
31,kcat_23,0.05910991627702419
32,kcat_23,0.057555625835954555
33,kcat_23,0.05469117340591199
34,kcat_23,0.04222850544834324
35,kcat_23,0.03819653042668329
36,kcat_23,0.027665681191865285
37,kcat_23,0.022253655586475872
38,kcat_23,0.014986866664777472
39,kcat_23,0.011127473509756486
40,kcat_23,0.002644023993700103
41,kcat_23,0.0012013270942721145
42,kcat_23,0.008220316328614766
43,kcat_23,0.011960278340444722
44,kcat_23,0.012898196830114027
45,kcat_23,0.02005582257952017
46,kcat_23,0.027707351320891384
47,kcat_23,0.029981890140167018
48,kcat_23,0.03797497393963904
49,kcat_23,0.03989627843492897
0,kcat_24,1.0450102781917259
1,kcat_24,0.9149067471878062
2,kcat_24,0.7938596813902983
3,kcat_24,0.6374585676514788
4,kcat_24,0.6060290473013786
5,kcat_24,0.5086712864890751
6,kcat_24,0.4783310990069631
7,kcat_24,0.4478402098913674
8,kcat_24,0.3775417092362925
9,kcat_24,0.3569169864365133
10,kcat_24,0.3254690580522353
11,kcat_24,0.26444687465861283
12,kcat_24,0.22720400584410697
13,kcat_24,0.2281737521604108
14,kcat_24,0.22202079652698395
15,kcat_24,0.18101358782267626
16,kcat_24,0.17020499166469472
17,kcat_24,0.15608234820585792
18,kcat_24,0.15074056851944242
19,kcat_24,0.14847487931687964
20,kcat_24,0.14409906188718377
21,kcat_24,0.13496498669603593
22,kcat_24,0.11754601548045387
23,kcat_24,0.11447982665748924
24,kcat_24,0.10010793730559461
25,kcat_24,0.10053446447107016
26,kcat_24,0.08057668975729147
27,kcat_24,0.08216367294538736
28,kcat_24,0.07528141725430455
29,kcat_24,0.06894615721024377
30,kcat_24,0.057122626215660874
31,kcat_24,0.057656839309640655
32,kcat_24,0.045794371283375365
33,kcat_24,0.03859121895636539
34,kcat_24,0.03542835895121912
35,kcat_24,0.028579359461511612
36,kcat_24,0.024068539217637616
37,kcat_24,0.02167752619127272
38,kcat_24,0.01936362721041811
39,kcat_24,0.01616230688814783
40,kcat_24,0.013039071507569685
41,kcat_24,0.01204234822462471
42,kcat_24,0.006041787467438184
43,kcat_24,0.004440815607800282
44,kcat_24,0.0023081582649292325
45,kcat_24,0.003452817159133992
46,kcat_24,0.008678891343000254
47,kcat_24,0.011969429995372158
48,kcat_24,0.007974372416405731
49,kcat_24,0.007424816234958465
0,kcat_25,1.1509426384022632
1,kcat_25,1.1031154284003915
2,kcat_25,0.9211303981270935
3,kcat_25,0.7509788628614269
4,kcat_25,0.6850804311818869
5,kcat_25,0.6583962580636049
6,kcat_25,0.6195316041673495
7,kcat_25,0.5343420513788036
8,kcat_25,0.47383169107076956
9,kcat_25,0.465890290779199
10,kcat_25,0.45392990348304535
11,kcat_25,0.4466238119126539
12,kcat_25,0.4332738041684642
13,kcat_25,0.4127708279741916
14,kcat_25,0.3685772951598645
15,kcat_25,0.3658595767089342
16,kcat_25,0.3453233896331145
17,kcat_25,0.32770893597934914
18,kcat_25,0.3154862884495186
19,kcat_25,0.3073873641018155
20,kcat_25,0.27798416165957723
21,kcat_25,0.2525480218597039
22,kcat_25,0.24517505502352444
23,kcat_25,0.24266899159293628
24,kcat_25,0.2379799966677278
25,kcat_25,0.2279443759087273
26,kcat_25,0.22054749115423547
27,kcat_25,0.21575619563058848
28,kcat_25,0.20186671713100984
29,kcat_25,0.19599245121623138
30,kcat_25,0.1883864962718461
31,kcat_25,0.18619076717198604
32,kcat_25,0.1734814180532765
33,kcat_25,0.16551373984621529
34,kcat_25,0.15206193204934468
35,kcat_25,0.14496268714870084
36,kcat_25,0.1442294709455806
37,kcat_25,0.13710501449126677
38,kcat_25,0.11908036244035088
39,kcat_25,0.11626380356271264
40,kcat_25,0.10954834280601325
41,kcat_25,0.10910629658250087
42,kcat_25,0.11059700414644051
43,kcat_25,0.1037588681850549
44,kcat_25,0.09285618625586438
45,kcat_25,0.08189032543491519
46,kcat_25,0.06644355767855749
47,kcat_25,0.06845953195804325
48,kcat_25,0.05984127182209825
49,kcat_25,0.06112430289197403
0,kcat_26,0.9385024354437262
1,kcat_26,0.7977244051750353
2,kcat_26,0.6929903104511549
3,kcat_26,0.6214974018859396
4,kcat_26,0.5717459391623254
5,kcat_26,0.4802359434185735
6,kcat_26,0.44685211444912687
7,kcat_26,0.4109503104963583
8,kcat_26,0.3677319846036654
9,kcat_26,0.3540521807621476
10,kcat_26,0.3295558949774856
11,kcat_26,0.302995082904294
12,kcat_26,0.2923992202395904
13,kcat_26,0.27835373336269775
14,kcat_26,0.25215307447430524
15,kcat_26,0.2117838528047224
16,kcat_26,0.19513707565501515
17,kcat_26,0.18710507181957486
18,kcat_26,0.17209207778431024
19,kcat_26,0.16313025753432417
20,kcat_26,0.1442924859456815
21,kcat_26,0.13634930316415836
22,kcat_26,0.13077611838242004
23,kcat_26,0.12899836902535317
24,kcat_26,0.12403385864707965
25,kcat_26,0.11987530939333828
26,kcat_26,0.10771321305037741
27,kcat_26,0.09879188655379607
28,kcat_26,0.09488590817016697
29,kcat_26,0.08759962295078445
30,kcat_26,0.07393848504890158
31,kcat_26,0.06680367829256302
32,kcat_26,0.05385606132391817
33,kcat_26,0.051655738696163744
34,kcat_26,0.044066814074988976
35,kcat_26,0.03840385445051905
36,kcat_26,0.03687039141224029
37,kcat_26,0.03139607254864621
38,kcat_26,0.026954308108300743
39,kcat_26,0.023825396587610886
40,kcat_26,0.013776822822608345
41,kcat_26,0.012489688882012252
42,kcat_26,0.00903459684602605
43,kcat_26,0.005660171111029807
44,kcat_26,0.004403696893682426
45,kcat_26,0.0015376565930799362
46,kcat_26,0.01131028613749875
47,kcat_26,0.01162466650390612
48,kcat_26,0.01789216091593117
49,kcat_26,0.020650379171773637
0,kcat_27,1.3205371772993952
1,kcat_27,1.20917437557385
2,kcat_27,0.9647812755921863
3,kcat_27,0.7406127905643985
4,kcat_27,0.6464311887835599
5,kcat_27,0.5367950717552947
6,kcat_27,0.5301829268047267
7,kcat_27,0.41747511795662134
8,kcat_27,0.36042012407025836
9,kcat_27,0.34564230291711795
10,kcat_27,0.29749977120695864
11,kcat_27,0.25904936827841685
12,kcat_27,0.24843890054709855
13,kcat_27,0.2461971483602055
14,kcat_27,0.22849214127322182
15,kcat_27,0.2054985855888958
16,kcat_27,0.19863692261153465
17,kcat_27,0.1887654333297357
18,kcat_27,0.17387020484073887
19,kcat_27,0.1706717945668208
20,kcat_27,0.1506704236853548
21,kcat_27,0.12751624234063266
22,kcat_27,0.11929923588601446
23,kcat_27,0.11263910586091075
24,kcat_27,0.11779849430982037
25,kcat_27,0.1155546671188141
26,kcat_27,0.10721274751916332
27,kcat_27,0.10367831904841669
28,kcat_27,0.10251071730415068
29,kcat_27,0.09528516598578804
30,kcat_27,0.08196519012801562
31,kcat_27,0.08365208708194491
32,kcat_27,0.08167124134569
33,kcat_27,0.08068522462115887
34,kcat_27,0.07508547558735078
35,kcat_27,0.06864601329508528
36,kcat_27,0.057115955659759694
37,kcat_27,0.053874532436024185
38,kcat_27,0.053212602736558506
39,kcat_27,0.04901315147175279
40,kcat_27,0.04491706201818716
41,kcat_27,0.04451254268906777
42,kcat_27,0.03240558550550328
43,kcat_27,0.03077856035164069
44,kcat_27,0.03078930192841623
45,kcat_27,0.0011178289651165394
46,kcat_27,0.005779360539945867
47,kcat_27,0.005526818386645051
48,kcat_27,0.009869672904549417
49,kcat_27,0.011702966261669482
0,kcat_28,0.8436604174704317
1,kcat_28,0.8268780510297843
2,kcat_28,0.7334148260474881
3,kcat_28,0.5854986840536135
4,kcat_28,0.5276605504295115
5,kcat_28,0.4523119865834996
6,kcat_28,0.43680605713589293
7,kcat_28,0.36134062987546806
8,kcat_28,0.2932556031784024
9,kcat_28,0.287122599674311
10,kcat_28,0.27625432773780567
11,kcat_28,0.24827705582945758
12,kcat_28,0.2442300518928164
13,kcat_28,0.24582272681931658
14,kcat_28,0.23134536457097166
15,kcat_28,0.2163077266775225
16,kcat_28,0.204408612908287
17,kcat_28,0.19475490816039148
18,kcat_28,0.17349809625685444
19,kcat_28,0.17099043175811063
20,kcat_28,0.13831150299637898
21,kcat_28,0.12700659731885205
22,kcat_28,0.11314679996293567
23,kcat_28,0.11351470679144259
24,kcat_28,0.1112152974682832
25,kcat_28,0.10243804339915275
26,kcat_28,0.09516707416617606
27,kcat_28,0.08410528849826955
28,kcat_28,0.0790026769547161
29,kcat_28,0.07081144048277618
30,kcat_28,0.07000413349655253
31,kcat_28,0.06517295135947046
32,kcat_28,0.05162060104166696
33,kcat_28,0.048431097522075826
34,kcat_28,0.04193892166351976
35,kcat_28,0.029318368682299534
36,kcat_28,0.02243056882464821
37,kcat_28,0.018724378933831474
38,kcat_28,0.009946454873309018
39,kcat_28,2.539461419683873e-06
40,kcat_28,0.0031865595218497572
41,kcat_28,0.0026431106948157737
42,kcat_28,0.014462532112733646
43,kcat_28,0.015019357614076814
44,kcat_28,0.01283442545937326
45,kcat_28,0.017089471132648616
46,kcat_28,0.02200265847462466
47,kcat_28,0.02404328383263913
48,kcat_28,0.01975320710694448
49,kcat_28,0.020229399646254132
0,kcat_29,0.8026007265690437
1,kcat_29,0.6944474943426889
2,kcat_29,0.6012440338021661
3,kcat_29,0.5016562134243227
4,kcat_29,0.45441454768236605
5,kcat_29,0.39522305240864625
6,kcat_29,0.36663731898337226
7,kcat_29,0.32202231914733936
8,kcat_29,0.3091572802672248
9,kcat_29,0.28510933712924574
10,kcat_29,0.27614110249152085
11,kcat_29,0.25592947215760437
12,kcat_29,0.2455454831268716
13,kcat_29,0.2348302262122627
14,kcat_29,0.21673590669972304
15,kcat_29,0.1911230316013572
16,kcat_29,0.18228267945378998
17,kcat_29,0.1742529733977942
18,kcat_29,0.1718214932908443
19,kcat_29,0.16595760188041508
20,kcat_29,0.1373858549523233
21,kcat_29,0.12130986706203663
22,kcat_29,0.11745127046358687
23,kcat_29,0.11659889871729523
24,kcat_29,0.11635566400971871
25,kcat_29,0.11218789215619131
26,kcat_29,0.09448647536672246
27,kcat_29,0.09116786639848685
28,kcat_29,0.08775861822568051
29,kcat_29,0.08604359430184294
30,kcat_29,0.0794373689665811
31,kcat_29,0.07409599647573177
32,kcat_29,0.06813294830673186
33,kcat_29,0.06540709235773515
34,kcat_29,0.06063769975468505
35,kcat_29,0.05664048608606593
36,kcat_29,0.04638418660872421
37,kcat_29,0.04504182522779713
38,kcat_29,0.03705158104536848
39,kcat_29,0.03427720090243874
40,kcat_29,0.030924729436465927
41,kcat_29,0.0338760398625423
42,kcat_29,0.030320055896268502
43,kcat_29,0.02484024808594263
44,kcat_29,0.0213640322489587
45,kcat_29,0.016154216903403216
46,kcat_29,0.010160101536583128
47,kcat_29,0.0075909636558664515
48,kcat_29,0.0035691173878604167
49,kcat_29,0.0016000265449151495
0,kcat_30,0.4868272871518909
1,kcat_30,0.45781993819984884
2,kcat_30,0.3775727643226847
3,kcat_30,0.32447462242255093
4,kcat_30,0.31326831234483316
5,kcat_30,0.2753902381676377
6,kcat_30,0.2526709869948607
7,kcat_30,0.2317240889966197
8,kcat_30,0.20552926962568763
9,kcat_30,0.1883660743373099
10,kcat_30,0.17453792808403507
11,kcat_30,0.15830015662279734
12,kcat_30,0.15099337147546987
13,kcat_30,0.15326830281203122
14,kcat_30,0.14498833582411438
15,kcat_30,0.1311938425838272
16,kcat_30,0.11692619163252856
17,kcat_30,0.1141731369436938
18,kcat_30,0.10425921318330966
19,kcat_30,0.10439574649088965
20,kcat_30,0.09382482273086382
21,kcat_30,0.08856469742467021
22,kcat_30,0.08099639999634277
23,kcat_30,0.0751809013653329
24,kcat_30,0.06951051391585007
25,kcat_30,0.05752562244708518
26,kcat_30,0.03819129286151943
27,kcat_30,0.03814259500794861
28,kcat_30,0.037743383651840545
29,kcat_30,0.034052217888010904
30,kcat_30,0.02674192882112132
31,kcat_30,0.026035514157728416
32,kcat_30,0.021982577432513216
33,kcat_30,0.021935506509919406
34,kcat_30,0.016484387451827624
35,kcat_30,0.016372461551177678
36,kcat_30,0.013001315529251765
37,kcat_30,0.007551580987729477
38,kcat_30,0.004090116957857762
39,kcat_30,0.007172038731100906
40,kcat_30,0.011773389911480752
41,kcat_30,0.013703993230721771
42,kcat_30,0.017276882083650216
43,kcat_30,0.01835131976810656
44,kcat_30,0.01901637501823606
45,kcat_30,0.022518857949553335
46,kcat_30,0.02859183003770288
47,kcat_30,0.029852784747677993
48,kcat_30,0.03581847726385274
49,kcat_30,0.038635043988598544
0,kcat_31,0.5081985221885927
1,kcat_31,0.45639758995797064
2,kcat_31,0.3958315513852325
3,kcat_31,0.364464946990857
4,kcat_31,0.3302035192545596
5,kcat_31,0.27357378070411226
6,kcat_31,0.2435644830000774
7,kcat_31,0.2265339558306847
8,kcat_31,0.18636234716141473
9,kcat_31,0.1725107522770198
10,kcat_31,0.16834829043887167
11,kcat_31,0.16015154458921346
12,kcat_31,0.14957490542212037
13,kcat_31,0.14880681804164858
14,kcat_31,0.14562261209082045
15,kcat_31,0.1248059176829818
16,kcat_31,0.115596512016444
17,kcat_31,0.11600879619806198
18,kcat_31,0.10766947287890723
19,kcat_31,0.09896479079190333
20,kcat_31,0.07855184349584586
21,kcat_31,0.07387766007000997
22,kcat_31,0.06676089442366447
23,kcat_31,0.0649255466698885
24,kcat_31,0.0616513200518118
25,kcat_31,0.056202395911380244
26,kcat_31,0.04081079753981319
27,kcat_31,0.035869836106404325
28,kcat_31,0.03540388607440039
29,kcat_31,0.025105297803750662
30,kcat_31,0.02105181981489572
31,kcat_31,0.016600321153654323
32,kcat_31,0.013453200081934796
33,kcat_31,0.00986637714687534
34,kcat_31,0.001286140894599331
35,kcat_31,0.005551325729185566
36,kcat_31,0.015389370665325202
37,kcat_31,0.018604746252287717
38,kcat_31,0.024810029078332064
39,kcat_31,0.025881294230268106
40,kcat_31,0.028203498719472964
41,kcat_31,0.026710958578109633
42,kcat_31,0.028541612246539
43,kcat_31,0.036850682444877665
44,kcat_31,0.03782884438069334
45,kcat_31,0.04151655730432843
46,kcat_31,0.05216950034010534
47,kcat_31,0.05304746041541937
48,kcat_31,0.057135938252142394
49,kcat_31,0.057117242324679796
0,kcat_32,0.9674494677495212
1,kcat_32,0.9019508679796922
2,kcat_32,0.8046664766753959
3,kcat_32,0.654382986477097
4,kcat_32,0.6201387664110956
5,kcat_32,0.5517168640661088
6,kcat_32,0.5362399115518429
7,kcat_32,0.3936913231954374
8,kcat_32,0.31113332404757854
9,kcat_32,0.3083841108454251
10,kcat_32,0.3003533887732968
11,kcat_32,0.2816437787186715
12,kcat_32,0.2694708919509877
13,kcat_32,0.23565866356563106
14,kcat_32,0.22921998656825504
15,kcat_32,0.19607834968805185
16,kcat_32,0.19129306478864674
17,kcat_32,0.17992740146395023
18,kcat_32,0.16940433681124858
19,kcat_32,0.16248186974073278
20,kcat_32,0.1414428533981934
21,kcat_32,0.11635490719706251
22,kcat_32,0.11258051600046995
23,kcat_32,0.11211241195397618
24,kcat_32,0.10583768923331913
25,kcat_32,0.10259320424407566
26,kcat_32,0.09342899833807254
27,kcat_32,0.08367579489446332
28,kcat_32,0.07908617554779675
29,kcat_32,0.07483441837853518
30,kcat_32,0.07528163742608943
31,kcat_32,0.0749071247317041
32,kcat_32,0.07113299677768462
33,kcat_32,0.06893697399453746
34,kcat_32,0.06819198007518394
35,kcat_32,0.06768854977232763
36,kcat_32,0.06817035312879349
37,kcat_32,0.06538199256158427
38,kcat_32,0.06129484898650848
39,kcat_32,0.05808364531561313
40,kcat_32,0.053624763974835454
41,kcat_32,0.05171921570393249
42,kcat_32,0.04233641219746659
43,kcat_32,0.041244460370892466
44,kcat_32,0.036424713458767334
45,kcat_32,0.026618594868840696
46,kcat_32,0.013518754403122179
47,kcat_32,0.004313059375383107
48,kcat_32,0.003972983846171159
49,kcat_32,0.0037981078356489695
0,kcat_33,1.1940050311702541
1,kcat_33,0.8992515747068885
2,kcat_33,0.7675990883901223
3,kcat_33,0.6660669490613423
4,kcat_33,0.5806466599892987
5,kcat_33,0.5371162416099159
6,kcat_33,0.4895475294647083
7,kcat_33,0.43529150755896523
8,kcat_33,0.3525923065304526
9,kcat_33,0.34792672462714636
10,kcat_33,0.33327371708147696
11,kcat_33,0.3068908017414822
12,kcat_33,0.28245367742317345
13,kcat_33,0.270837290035851
14,kcat_33,0.2587454630957384
15,kcat_33,0.23341363071914797
16,kcat_33,0.21957247036731806
17,kcat_33,0.21434735001015315
18,kcat_33,0.20068517988132065
19,kcat_33,0.1890019235755787
20,kcat_33,0.16809022437597587
21,kcat_33,0.15946216442058225
22,kcat_33,0.15533057559579866
23,kcat_33,0.1517144632836768
24,kcat_33,0.14416009141965966
25,kcat_33,0.1471235668780083
26,kcat_33,0.12074554421762866
27,kcat_33,0.11311394576675401
28,kcat_33,0.10410003015414843
29,kcat_33,0.09897391318344896
30,kcat_33,0.0879645474448393
31,kcat_33,0.0807177242602452
32,kcat_33,0.07339930826428268
33,kcat_33,0.07207613287057303
34,kcat_33,0.06386659789806258
35,kcat_33,0.056607554943553975
36,kcat_33,0.04523637267995213
37,kcat_33,0.04039527662522449
38,kcat_33,0.03659562755603248
39,kcat_33,0.02895392417017428
40,kcat_33,0.024677723162658247
41,kcat_33,0.0223254441978193
42,kcat_33,0.02050717000903736
43,kcat_33,0.01543148594664466
44,kcat_33,0.00892660918570404
45,kcat_33,0.008251457169324567
46,kcat_33,0.0011010420470822597
47,kcat_33,0.0006671113227419789
48,kcat_33,0.004347379014050388
49,kcat_33,0.006697706726173905
0,kcat_34,1.1788181697204991
1,kcat_34,1.03247571445103
2,kcat_34,0.7828159070368301
3,kcat_34,0.709826638348524
4,kcat_34,0.6428422085306061
5,kcat_34,0.5579296909306143
6,kcat_34,0.517896178113801
7,kcat_34,0.45508691525271633
8,kcat_34,0.41041335792899014
9,kcat_34,0.3959907898590396
10,kcat_34,0.36707499316840736
11,kcat_34,0.33436757560036773
12,kcat_34,0.32230433316414925
13,kcat_34,0.3069861266713028
14,kcat_34,0.2886840191695251
15,kcat_34,0.226519439261143
16,kcat_34,0.21631233202551292
17,kcat_34,0.1971304269841813
18,kcat_34,0.1839431063433095
19,kcat_34,0.17944296469594795
20,kcat_34,0.1580530917739964
21,kcat_34,0.14878159153848103
22,kcat_34,0.1444273880680979
23,kcat_34,0.14196357009010993
24,kcat_34,0.1311714232527333
25,kcat_34,0.1268084589175775
26,kcat_34,0.11098559893220568
27,kcat_34,0.10979564962641677
28,kcat_34,0.10807933489896245
29,kcat_34,0.10225648711020323
30,kcat_34,0.09293123661385788
31,kcat_34,0.08187719277512943
32,kcat_34,0.08073818582598064
33,kcat_34,0.0776443171686055
34,kcat_34,0.0715748795838016
35,kcat_34,0.06336912947633845
36,kcat_34,0.05218647607754156
37,kcat_34,0.05066226831378903
38,kcat_34,0.041098385608205314
39,kcat_34,0.041015849799311346
40,kcat_34,0.04081209703480015
41,kcat_34,0.03685801052892235
42,kcat_34,0.02781911990670233
43,kcat_34,0.026453563492622744
44,kcat_34,0.02016018140133142
45,kcat_34,0.022003494605003237
46,kcat_34,0.0191423003906921
47,kcat_34,0.018891187381576136
48,kcat_34,0.012164093162702562
49,kcat_34,0.011259690066117009
0,kcat_35,0.9784893374602839
1,kcat_35,0.9434246154201351
2,kcat_35,0.7496220449324893
3,kcat_35,0.6370906908771579
4,kcat_35,0.5560261629971291
5,kcat_35,0.502658083446548
6,kcat_35,0.47183355352756956
7,kcat_35,0.41747604078645484
8,kcat_35,0.3565289285946568
9,kcat_35,0.3451886680931197
10,kcat_35,0.3324606328361593
11,kcat_35,0.311558779002053
12,kcat_35,0.2912778766333873
13,kcat_35,0.27873844674140363
14,kcat_35,0.2627596283284568
15,kcat_35,0.2334600422955834
16,kcat_35,0.22434835940708303
17,kcat_35,0.21553951348979672
18,kcat_35,0.19960818109270417
19,kcat_35,0.19296463096506764
20,kcat_35,0.1672353297371589
21,kcat_35,0.16642237599443263
22,kcat_35,0.15709014431595208
23,kcat_35,0.15264681205405192
24,kcat_35,0.14711230268827732
25,kcat_35,0.13621464643091125
26,kcat_35,0.12418426512838102
27,kcat_35,0.12295267562074047
28,kcat_35,0.11790016745122131
29,kcat_35,0.10047175354834965
30,kcat_35,0.08962254211731012
31,kcat_35,0.08362777650100041
32,kcat_35,0.07541526212875518
33,kcat_35,0.06998133323566985
34,kcat_35,0.05452028452576189
35,kcat_35,0.04938383028140348
36,kcat_35,0.048033448984780854
37,kcat_35,0.04075137417393824
38,kcat_35,0.0322525675274108
39,kcat_35,0.023837389674145722
40,kcat_35,0.01724040761450784
41,kcat_35,0.01610825222786595
42,kcat_35,0.010998796856972907
43,kcat_35,0.008483550186367667
44,kcat_35,0.007769434051537345
45,kcat_35,0.00701008364102956
46,kcat_35,0.000812197518959755
47,kcat_35,0.003532645083897464
48,kcat_35,0.0007985514426590774
49,kcat_35,0.0036816185047525447
0,kcat_36,0.6532892930218812
1,kcat_36,0.6145650065749877
2,kcat_36,0.5383742005723183
3,kcat_36,0.45373139509222254
4,kcat_36,0.39915047910367746
5,kcat_36,0.3617591297709964
6,kcat_36,0.3437333271779703
7,kcat_36,0.29931405164051883
8,kcat_36,0.2494960707141281
9,kcat_36,0.23316452513796995
10,kcat_36,0.22728613576381357
11,kcat_36,0.21791173678895398
12,kcat_36,0.20839126168682717
13,kcat_36,0.20443078280333696
14,kcat_36,0.18687966670305092
15,kcat_36,0.18518355941649237
16,kcat_36,0.1783093337081975
17,kcat_36,0.1610129005589118
18,kcat_36,0.15042339806902041
19,kcat_36,0.14351466640676142
20,kcat_36,0.11807016887346054
21,kcat_36,0.11281855465790147
22,kcat_36,0.10368032827206865
23,kcat_36,0.09964157674473788
24,kcat_36,0.09594271107104493
25,kcat_36,0.09294878529017368
26,kcat_36,0.0867247005112294
27,kcat_36,0.08411543321139772
28,kcat_36,0.07974238827713616
29,kcat_36,0.07569819333418265
30,kcat_36,0.06599782119136428
31,kcat_36,0.062096102842822236
32,kcat_36,0.056435323259755935
33,kcat_36,0.057659351688863374
34,kcat_36,0.049493775169283084
35,kcat_36,0.04479771205343216
36,kcat_36,0.040591666855996744
37,kcat_36,0.03658604620680975
38,kcat_36,0.03142070060839254
39,kcat_36,0.02289247681724827
40,kcat_36,0.018239489304686902
41,kcat_36,0.014191992591046336
42,kcat_36,0.010565534579939272
43,kcat_36,0.0007145192869924962
44,kcat_36,0.006463658119467086
45,kcat_36,0.016816467963420827
46,kcat_36,0.030349582631807755
47,kcat_36,0.028583742977291767
48,kcat_36,0.027439896613294348
49,kcat_36,0.027871696966501
0,kcat_37,0.9607752756907825
1,kcat_37,0.8338597487407191
2,kcat_37,0.70241864440632
3,kcat_37,0.6234725628947156
4,kcat_37,0.5780373920203556
5,kcat_37,0.5129711894883198
6,kcat_37,0.46971985758765633
7,kcat_37,0.4050259367876055
8,kcat_37,0.3372542424107344
9,kcat_37,0.32419915938266797
10,kcat_37,0.315771585783601
11,kcat_37,0.29619169258913436
12,kcat_37,0.2746640283169487
13,kcat_37,0.26571146022482095
14,kcat_37,0.24309471575591518
15,kcat_37,0.2052602982709233
16,kcat_37,0.19619190980146312
17,kcat_37,0.17704697573532252
18,kcat_37,0.16557521765154729
19,kcat_37,0.15919147998862376
20,kcat_37,0.1440125669533471
21,kcat_37,0.12183760059725864
22,kcat_37,0.10933977676048086
23,kcat_37,0.1064660533838494
24,kcat_37,0.10155758194205922
25,kcat_37,0.09844771649228042
26,kcat_37,0.09259482310019035
27,kcat_37,0.08863450538885853
28,kcat_37,0.08375099695096884
29,kcat_37,0.07974060565881091
30,kcat_37,0.07182375426262838
31,kcat_37,0.06373846352985427
32,kcat_37,0.055750317540644995
33,kcat_37,0.056128220528448895
34,kcat_37,0.0510248352569129
35,kcat_37,0.04606616671012665
36,kcat_37,0.03473698145231105
37,kcat_37,0.02818253977417625
38,kcat_37,0.01976324988386966
39,kcat_37,0.014190611350518035
40,kcat_37,0.012155488407062043
41,kcat_37,0.013500790895978058
42,kcat_37,0.009585356690526245
43,kcat_37,0.0010698328782324993
44,kcat_37,0.0005512204394206848
45,kcat_37,0.003040164115892915
46,kcat_37,0.013712656419782771
47,kcat_37,0.01249535578817855
48,kcat_37,0.016962566427075273
49,kcat_37,0.020850341523512218
0,kcat_38,0.9325624500457588
1,kcat_38,0.8748370510980719
2,kcat_38,0.7500608381541701
3,kcat_38,0.6522346985148556
4,kcat_38,0.5954536934565774
5,kcat_38,0.5203111680528858
6,kcat_38,0.4696304679555048
7,kcat_38,0.4383569168998193
8,kcat_38,0.37222517602167304
9,kcat_38,0.3557831868845804
10,kcat_38,0.34402996218890686
11,kcat_38,0.31344251938927203
12,kcat_38,0.3019135352770672
13,kcat_38,0.2938148909993817
14,kcat_38,0.25615404649139095
15,kcat_38,0.21899443537760424
16,kcat_38,0.20275234900573044
17,kcat_38,0.1978257393426813
18,kcat_38,0.18475057909625853
19,kcat_38,0.17843786960456307
20,kcat_38,0.16885708931630902
21,kcat_38,0.1612943054379695
22,kcat_38,0.1557968403911691
23,kcat_38,0.15206202163829105
24,kcat_38,0.1497296397799412
25,kcat_38,0.14941352067554195
26,kcat_38,0.12622223615963424
27,kcat_38,0.12175235879206503
28,kcat_38,0.11570063047406054
29,kcat_38,0.11563179740891666
30,kcat_38,0.10468908777331458
31,kcat_38,0.09940645505699765
32,kcat_38,0.08918689499222393
33,kcat_38,0.08883067141346133
34,kcat_38,0.08486308199331409
35,kcat_38,0.0762960035924626
36,kcat_38,0.08061257873978482
37,kcat_38,0.07518108681773769
38,kcat_38,0.06783385515052481
39,kcat_38,0.06020137835457191
40,kcat_38,0.0563496090704462
41,kcat_38,0.05733352144203383
42,kcat_38,0.049643874476272845
43,kcat_38,0.04851792575646085
44,kcat_38,0.04107420344880121
45,kcat_38,0.03213197263589835
46,kcat_38,0.024693276455809463
47,kcat_38,0.02236028676257208
48,kcat_38,0.018208142922408535
49,kcat_38,0.01798365841704936
0,kcat_39,0.5990915636457602
1,kcat_39,0.5602701784455173
2,kcat_39,0.4529305435133735
3,kcat_39,0.3354049734282304
4,kcat_39,0.3134187505987181
5,kcat_39,0.26295464676159314
6,kcat_39,0.24855505717956342
7,kcat_39,0.22718552789434243
8,kcat_39,0.18473388346651443
9,kcat_39,0.18282718307457174
10,kcat_39,0.17643548439920043
11,kcat_39,0.1632289740468237
12,kcat_39,0.1589267431526917
13,kcat_39,0.14547135370800032
14,kcat_39,0.1373010145360203
15,kcat_39,0.10984036101302505
16,kcat_39,0.09804492178496287
17,kcat_39,0.09169202167033813
18,kcat_39,0.07777457553359399
19,kcat_39,0.07742866950840681
20,kcat_39,0.06054369440886954
21,kcat_39,0.05326613270548683
22,kcat_39,0.03868780377788529
23,kcat_39,0.039643943046716416
24,kcat_39,0.03671372631899742
25,kcat_39,0.03154859395648726
26,kcat_39,0.025315261884137852
27,kcat_39,0.0187490220572771
28,kcat_39,0.01853772166228355
29,kcat_39,0.007147087272426597
30,kcat_39,0.007898295234974219
31,kcat_39,0.003847952229664865
32,kcat_39,0.0027946861448656197
33,kcat_39,0.0021498441871269144
34,kcat_39,0.0063866694086271965
35,kcat_39,0.009328371231830465
36,kcat_39,0.011561305765448187
37,kcat_39,0.014706689019711767
38,kcat_39,0.022047880118742254
39,kcat_39,0.020841406908041156
40,kcat_39,0.026708440159844166
41,kcat_39,0.026858537621969287
42,kcat_39,0.032728306572126525
43,kcat_39,0.035917503494342584
44,kcat_39,0.034768701183537865
45,kcat_39,0.042744451050825645
46,kcat_39,0.05143219748114664
47,kcat_39,0.05250082718266624
48,kcat_39,0.055856231492430464
49,kcat_39,0.055298962611011554
0,kcat_40,0.45813572696280264
1,kcat_40,0.4291913041552395
2,kcat_40,0.3854231137809428
3,kcat_40,0.36060962870150615
4,kcat_40,0.33645182366520543
5,kcat_40,0.3019639632448469
6,kcat_40,0.2792221589925488
7,kcat_40,0.2659376587219475
8,kcat_40,0.23825271466924136
9,kcat_40,0.225694852916173
10,kcat_40,0.21667070512860312
11,kcat_40,0.20689569601830737
12,kcat_40,0.19899531061547987
13,kcat_40,0.18488192503556586
14,kcat_40,0.17159168850371487
15,kcat_40,0.14583815928732574
16,kcat_40,0.13307328736635368
17,kcat_40,0.12622116317434684
18,kcat_40,0.1177791443922349
19,kcat_40,0.11334732146563263
20,kcat_40,0.09868589666655234
21,kcat_40,0.08646515348103412
22,kcat_40,0.07452233577908624
23,kcat_40,0.07099059757922697
24,kcat_40,0.06756647015804183
25,kcat_40,0.06371005252433651
26,kcat_40,0.058065552490385794
27,kcat_40,0.05721905590954874
28,kcat_40,0.06019217499024004
29,kcat_40,0.05255784662051553
30,kcat_40,0.04589579534089654
31,kcat_40,0.04215312836452147
32,kcat_40,0.02138087477370909
33,kcat_40,0.018458095756105377
34,kcat_40,0.011487819374581699
35,kcat_40,0.00823872381521419
36,kcat_40,0.0004262552520563855
37,kcat_40,0.000428982847036476
38,kcat_40,0.003547263603370072
39,kcat_40,0.00908936901714138
40,kcat_40,0.014878175063791748
41,kcat_40,0.013810020301677422
42,kcat_40,0.01959529463335473
43,kcat_40,0.02102584652307297
44,kcat_40,0.023107512725030956
45,kcat_40,0.02692442783736298
46,kcat_40,0.030874085980072956
47,kcat_40,0.028994827572236655
48,kcat_40,0.03502322084856344
49,kcat_40,0.037679399662476826
0,kcat_41,0.6955789657183571
1,kcat_41,0.6440554956620239
2,kcat_41,0.5655015319948755
3,kcat_41,0.43730081823781025
4,kcat_41,0.41023357145147565
5,kcat_41,0.37598653637515933
6,kcat_41,0.3583696694485477
7,kcat_41,0.32880781685096505
8,kcat_41,0.25092685119042085
9,kcat_41,0.2472022330940008
10,kcat_41,0.23876144014102132
11,kcat_41,0.22094713235309085
12,kcat_41,0.2067807492150341
13,kcat_41,0.2028117123238927
14,kcat_41,0.1825787838983578
15,kcat_41,0.1438709423562398
16,kcat_41,0.1391756731332318
17,kcat_41,0.1296925691466932
18,kcat_41,0.1255709198854574
19,kcat_41,0.12260237749601335
20,kcat_41,0.09928900047102088
21,kcat_41,0.09835519377298158
22,kcat_41,0.08632118466200904
23,kcat_41,0.08358330572267902
24,kcat_41,0.08109898473913517
25,kcat_41,0.0770963753116515
26,kcat_41,0.06623118982235748
27,kcat_41,0.06533022300252617
28,kcat_41,0.0641510598350248
29,kcat_41,0.06029386698214778
30,kcat_41,0.056842305068065244
31,kcat_41,0.050935835122935744
32,kcat_41,0.036659483862105276
33,kcat_41,0.03298023645968048
34,kcat_41,0.025593469089186884
35,kcat_41,0.02575997110040725
36,kcat_41,0.01614487284725355
37,kcat_41,0.016254867644899737
38,kcat_41,0.013332115089526558
39,kcat_41,0.009985698666474228
40,kcat_41,0.0017242109385417592
41,kcat_41,0.004803055446804716
42,kcat_41,0.010614932872032566
43,kcat_41,0.01689339161671975
44,kcat_41,0.018355915951077082
45,kcat_41,0.02740607336896997
46,kcat_41,0.03443707567797329
47,kcat_41,0.034119640191638045
48,kcat_41,0.04067774249257113
49,kcat_41,0.04238328720461947
0,kcat_42,0.4953895192134333
1,kcat_42,0.45930919020158156
2,kcat_42,0.41438228201422234
3,kcat_42,0.37910121203725367
4,kcat_42,0.3460451279961441
5,kcat_42,0.3266826259777708
6,kcat_42,0.2958343703009684
7,kcat_42,0.2617882283799792
8,kcat_42,0.23391007119225446
9,kcat_42,0.224361586200398
10,kcat_42,0.21554684001506255
11,kcat_42,0.18913551528528205
12,kcat_42,0.1867249946375812
13,kcat_42,0.17932558639696985
14,kcat_42,0.1701552547669852
15,kcat_42,0.15713652898491365
16,kcat_42,0.14716404743230202
17,kcat_42,0.13592796147001518
18,kcat_42,0.13066428588553108
19,kcat_42,0.1252759343511496
20,kcat_42,0.10864976795938056
21,kcat_42,0.09911595802600695
22,kcat_42,0.08388564000213306
23,kcat_42,0.08263441139535449
24,kcat_42,0.0832902709457468
25,kcat_42,0.0781527366275482
26,kcat_42,0.0716435782857853
27,kcat_42,0.07040534816121191
28,kcat_42,0.06414448493580902
29,kcat_42,0.05674396747208712
30,kcat_42,0.05327668129701875
31,kcat_42,0.04644113373082483
32,kcat_42,0.03184833451027107
33,kcat_42,0.03093360173249637
34,kcat_42,0.02665388358450325
35,kcat_42,0.024907398396150384
36,kcat_42,0.024110548953447213
37,kcat_42,0.021614906594369956
38,kcat_42,0.01130443719138121
39,kcat_42,0.009342107186211602
40,kcat_42,0.00473001853338822
41,kcat_42,0.004873144826715495
42,kcat_42,0.003576654102905393
43,kcat_42,0.007748584049103598
44,kcat_42,0.010187252289733547
45,kcat_42,0.020376389828308424
46,kcat_42,0.02701223043436631
47,kcat_42,0.030975145781135503
48,kcat_42,0.04544119412589428
49,kcat_42,0.04573517187029246
0,kcat_43,1.0374810244984376
1,kcat_43,0.9005778597392734
2,kcat_43,0.7215718215688293
3,kcat_43,0.581381836716197
4,kcat_43,0.527231776423574
5,kcat_43,0.4704953736717465
6,kcat_43,0.42801785852029955
7,kcat_43,0.3725947756477631
8,kcat_43,0.3101999907065143
9,kcat_43,0.2921105749519314
10,kcat_43,0.2699682198001207
11,kcat_43,0.24711674979413564
12,kcat_43,0.23530187158371665
13,kcat_43,0.22378912915395588
14,kcat_43,0.2157029567250008
15,kcat_43,0.1904677514772914
16,kcat_43,0.1882083446213811
17,kcat_43,0.18346480098866766
18,kcat_43,0.1724898539529699
19,kcat_43,0.15853303408422786
20,kcat_43,0.1427537065954003
21,kcat_43,0.13138519285503328
22,kcat_43,0.11277092929005804
23,kcat_43,0.11369206984864101
24,kcat_43,0.10798005701436027
25,kcat_43,0.10001302992213036
26,kcat_43,0.08087427096703499
27,kcat_43,0.07775751210585288
28,kcat_43,0.07185511857486775
29,kcat_43,0.07064353586020868
30,kcat_43,0.05604044441108295
31,kcat_43,0.05474094431040761
32,kcat_43,0.04432323666388197
33,kcat_43,0.04384468937555521
34,kcat_43,0.03756359847349172
35,kcat_43,0.03588514233456496
36,kcat_43,0.03164153325278766
37,kcat_43,0.025750789163338665
38,kcat_43,0.01152782077394722
39,kcat_43,0.007400510263560874
40,kcat_43,8.829409916074436e-05
41,kcat_43,0.0002370527648078286
42,kcat_43,0.007106678533248325
43,kcat_43,0.013113674846734459
44,kcat_43,0.019069983863651555
45,kcat_43,0.02877510260071486
46,kcat_43,0.0327095325935393
47,kcat_43,0.03399373940279245
48,kcat_43,0.03807082961715519
49,kcat_43,0.038729003080734896
0,kcat_44,1.1399107245801172
1,kcat_44,0.9726519171717527
2,kcat_44,0.8057072678838929
3,kcat_44,0.6131359487775234
4,kcat_44,0.5643728342925411
5,kcat_44,0.49337627125518574
6,kcat_44,0.45563771905188216
7,kcat_44,0.39610107195180233
8,kcat_44,0.35912439789006195
9,kcat_44,0.33787465138627115
10,kcat_44,0.31821544909524546
11,kcat_44,0.2939664552667868
12,kcat_44,0.28455378771438533
13,kcat_44,0.28190403180710316
14,kcat_44,0.2601472979712519
15,kcat_44,0.21454277556745513
16,kcat_44,0.1930926943060221
17,kcat_44,0.18582564404863539
18,kcat_44,0.1732416669774667
19,kcat_44,0.1623669729981878
20,kcat_44,0.1431040044762799
21,kcat_44,0.13266238478082226
22,kcat_44,0.11511088692315052
23,kcat_44,0.11176596279940955
24,kcat_44,0.10228726297125573
25,kcat_44,0.09936141966742315
26,kcat_44,0.08383780886316089
27,kcat_44,0.08556526396916622
28,kcat_44,0.07514908144249276
29,kcat_44,0.07356190510012045
30,kcat_44,0.05454666860113312
31,kcat_44,0.05228509795982466
32,kcat_44,0.0456348235605425
33,kcat_44,0.04417872269716951
34,kcat_44,0.033629239780447455
35,kcat_44,0.02567617872169306
36,kcat_44,0.019954188266555175
37,kcat_44,0.012936783423353927
38,kcat_44,0.004589853891168673
39,kcat_44,0.004350570495568566
40,kcat_44,0.0022771653212468393
41,kcat_44,0.001551145500003447
42,kcat_44,0.005004455397031453
43,kcat_44,0.013708112849049775
44,kcat_44,0.019787844950021078
45,kcat_44,0.02382531212799984
46,kcat_44,0.02954410138314381
47,kcat_44,0.03341699413561328
48,kcat_44,0.04016884723828494
49,kcat_44,0.041460506501554556
0,kcat_45,1.0405681880758548
1,kcat_45,0.9057342260365879
2,kcat_45,0.7965843350943868
3,kcat_45,0.622337536311611
4,kcat_45,0.5518197093165107
5,kcat_45,0.4980537104667738
6,kcat_45,0.4583657217685134
7,kcat_45,0.40957849769537175
8,kcat_45,0.3579325163601437
9,kcat_45,0.34835357964183694
10,kcat_45,0.33025586016156805
11,kcat_45,0.31253338490079197
12,kcat_45,0.30113029257011364
13,kcat_45,0.2960109855847991
14,kcat_45,0.2871408126066084
15,kcat_45,0.2615733748707518
16,kcat_45,0.24798305534493736
17,kcat_45,0.2376465318927506
18,kcat_45,0.22229605822815648
19,kcat_45,0.2156253475777616
20,kcat_45,0.19916462737291346
21,kcat_45,0.18691549205811728
22,kcat_45,0.17649277131127564
23,kcat_45,0.17122775343651364
24,kcat_45,0.16691226373873522
25,kcat_45,0.16489893902263064
26,kcat_45,0.1522059505739079
27,kcat_45,0.1452402732314585
28,kcat_45,0.14151928854597912
29,kcat_45,0.13699987799105262
30,kcat_45,0.11982316424968756
31,kcat_45,0.11616401373203412
32,kcat_45,0.10666827725679569
33,kcat_45,0.10020249201707897
34,kcat_45,0.09236436664468557
35,kcat_45,0.09235824633303846
36,kcat_45,0.08758773552646867
37,kcat_45,0.08791233133148675
38,kcat_45,0.07890940236933475
39,kcat_45,0.07410177045831615
40,kcat_45,0.06474261079254134
41,kcat_45,0.06256335359407089
42,kcat_45,0.05366843867988719
43,kcat_45,0.04334924313199805
44,kcat_45,0.03888172292680234
45,kcat_45,0.033596183484937085
46,kcat_45,0.026328899234128157
47,kcat_45,0.02734552566526892
48,kcat_45,0.020768642939273187
49,kcat_45,0.013583296249037246
0,kcat_46,0.6532203809577968
1,kcat_46,0.5992657611084007
2,kcat_46,0.5316862023260376
3,kcat_46,0.4577602864342474
4,kcat_46,0.4276860542843683
5,kcat_46,0.37575719398686336
6,kcat_46,0.3624895891357426
7,kcat_46,0.3238968291093893
8,kcat_46,0.28364628159960725
9,kcat_46,0.270004701437924
10,kcat_46,0.2672908993956124
11,kcat_46,0.2421190441548156
12,kcat_46,0.21199764381490915
13,kcat_46,0.21045363829722052
14,kcat_46,0.20220471068437432
15,kcat_46,0.18932295648122016
16,kcat_46,0.1732544617852493
17,kcat_46,0.15572903462698
18,kcat_46,0.1457840809827174
19,kcat_46,0.1359851214240683
20,kcat_46,0.12532766865176032
21,kcat_46,0.107681888672664
22,kcat_46,0.09947479382196289
23,kcat_46,0.09537774349836753
24,kcat_46,0.0910414575604907
25,kcat_46,0.08731417407710569
26,kcat_46,0.06383385173682145
27,kcat_46,0.05844893993153426
28,kcat_46,0.05296632478256313
29,kcat_46,0.048576737625526126
30,kcat_46,0.0413817052963547
31,kcat_46,0.041556260168023496
32,kcat_46,0.031182208540660186
33,kcat_46,0.027732213198443996
34,kcat_46,0.025265868081751908
35,kcat_46,0.019024759357031636
36,kcat_46,0.00964869486715359
37,kcat_46,0.005684727423851078
38,kcat_46,0.0030166203610645067
39,kcat_46,0.0035287644369062575
40,kcat_46,0.008972269935474828
41,kcat_46,0.0073490336634509665
42,kcat_46,0.007725460764816313
43,kcat_46,0.013788160099270927
44,kcat_46,0.016436885082249695
45,kcat_46,0.0269783533763553
46,kcat_46,0.03919653031979595
47,kcat_46,0.0401493284964794
48,kcat_46,0.042260321956550266
49,kcat_46,0.046947026959156674
0,kcat_47,0.7126338889137709
1,kcat_47,0.6722077186268381
2,kcat_47,0.5658522419228436
3,kcat_47,0.46247588766794656
4,kcat_47,0.42220958627930194
5,kcat_47,0.3879588884664242
6,kcat_47,0.34904395375329744
7,kcat_47,0.32727294505304877
8,kcat_47,0.29593514959167627
9,kcat_47,0.2849099284499085
10,kcat_47,0.27322295657424195
11,kcat_47,0.24826562482885306
12,kcat_47,0.24419977734815906
13,kcat_47,0.23271125989970753
14,kcat_47,0.21817528034248204
15,kcat_47,0.184051432493905
16,kcat_47,0.17521288083784434
17,kcat_47,0.16505711416683674
18,kcat_47,0.15659637307512897
19,kcat_47,0.14974689806442423
20,kcat_47,0.13748032735766835
21,kcat_47,0.13377942911712315
22,kcat_47,0.11540705770710363
23,kcat_47,0.114867819025621
24,kcat_47,0.10950391079916282
25,kcat_47,0.1060027648102701
26,kcat_47,0.08825395618594754
27,kcat_47,0.08882109106494818
28,kcat_47,0.08595561729531316
29,kcat_47,0.08496382608920021
30,kcat_47,0.07963115884174399
31,kcat_47,0.072322429861085
32,kcat_47,0.05908096724737428
33,kcat_47,0.0571702327933409
34,kcat_47,0.04955540224569947
35,kcat_47,0.04967346586397636
36,kcat_47,0.04208315666672816
37,kcat_47,0.03575741652768307
38,kcat_47,0.032895417138665096
39,kcat_47,0.03008822631415076
40,kcat_47,0.019887068554997476
41,kcat_47,0.01715925477347644
42,kcat_47,0.013092106888892415
43,kcat_47,0.009171636762596566
44,kcat_47,0.004639709169817071
45,kcat_47,0.0007262310619460342
46,kcat_47,0.006984761863846538
47,kcat_47,0.007166907728625541
48,kcat_47,0.0074118180727648095
49,kcat_47,0.009009211033317395
0,kcat_48,0.3241910682288852
1,kcat_48,0.30722404906388967
2,kcat_48,0.26351563008786477
3,kcat_48,0.2338110657173989
4,kcat_48,0.2206653554312646
5,kcat_48,0.18517030214417846
6,kcat_48,0.1801769210626859
7,kcat_48,0.1658275126886409
8,kcat_48,0.142812904242772
9,kcat_48,0.13450421809687718
10,kcat_48,0.1236158106150679
11,kcat_48,0.10513492780682716
12,kcat_48,0.09543029158917957
13,kcat_48,0.0886991480650729
14,kcat_48,0.08417836194819117
15,kcat_48,0.07767669541696395
16,kcat_48,0.07213916836614195
17,kcat_48,0.06703214270350215
18,kcat_48,0.04931899777369656
19,kcat_48,0.043305739245999016
20,kcat_48,0.02296000226274487
21,kcat_48,0.01852441328656093
22,kcat_48,0.01763920216478052
23,kcat_48,0.016195035477469266
24,kcat_48,0.012054352068779594
25,kcat_48,0.006802659143052536
26,kcat_48,0.0025334254743051153
27,kcat_48,0.006357375835553217
28,kcat_48,0.0029487657938721467
29,kcat_48,0.0018262519187534432
30,kcat_48,0.004555801713313506
31,kcat_48,0.016585876770592017
32,kcat_48,0.02556199761762734
33,kcat_48,0.0373233461433329
34,kcat_48,0.04266050077582275
35,kcat_48,0.04525155983021804
36,kcat_48,0.044631320529034145
37,kcat_48,0.045391494566943
38,kcat_48,0.05105443546651805
39,kcat_48,0.05284526453524932
40,kcat_48,0.05480128929054231
41,kcat_48,0.055754405429251995
42,kcat_48,0.05596261056974785
43,kcat_48,0.062007638367671675
44,kcat_48,0.06183280475732267
45,kcat_48,0.06029349278795529
46,kcat_48,0.06856830354896257
47,kcat_48,0.06825226210091133
48,kcat_48,0.07342173687566694
49,kcat_48,0.07463012669485863
0,kcat_49,0.7023517240589858
1,kcat_49,0.6542478117253869
2,kcat_49,0.597167264947747
3,kcat_49,0.46878930667765545
4,kcat_49,0.427820219206785
5,kcat_49,0.36215324676352817
6,kcat_49,0.35229310432473027
7,kcat_49,0.3334167228658223
8,kcat_49,0.30064061158663286
9,kcat_49,0.2895591994223642
10,kcat_49,0.27326980611099444
11,kcat_49,0.23645084377787806
12,kcat_49,0.22466770273055378
13,kcat_49,0.2183089455588456
14,kcat_49,0.20833968535959982
15,kcat_49,0.1837558041475229
16,kcat_49,0.17441377518885492
17,kcat_49,0.16644173568054757
18,kcat_49,0.15729821308794031
19,kcat_49,0.14875550450706487
20,kcat_49,0.1321232692591955
21,kcat_49,0.1254114828966302
22,kcat_49,0.11703504900824664
23,kcat_49,0.11384630403439386
24,kcat_49,0.11572086470105941
25,kcat_49,0.10275763647603997
26,kcat_49,0.08802887023760272
27,kcat_49,0.08437150459370531
28,kcat_49,0.0746795067023475
29,kcat_49,0.06236063129570553
30,kcat_49,0.05053364497584219
31,kcat_49,0.044319811374642325
32,kcat_49,0.04299635725258777
33,kcat_49,0.04109415662694396
34,kcat_49,0.034917570134991485
35,kcat_49,0.03061709001815233
36,kcat_49,0.022531463386781407
37,kcat_49,0.016897094816146478
38,kcat_49,0.0032938579705749376
39,kcat_49,0.0022502427563048277
40,kcat_49,0.007624983741024129
41,kcat_49,0.009542751481807778
42,kcat_49,0.009763938043928895
43,kcat_49,0.011531362964397536
44,kcat_49,0.013462834157899669
45,kcat_49,0.023426049080592152
46,kcat_49,0.03752846231703868
47,kcat_49,0.03908569023586048
48,kcat_49,0.03662596647128384
49,kcat_49,0.038669464749126935
0,kcat_50,0.7204190863298376
1,kcat_50,0.6839971136241617
2,kcat_50,0.6080691195696322
3,kcat_50,0.5018950838580638
4,kcat_50,0.4531178557161403
5,kcat_50,0.39048696298189217
6,kcat_50,0.36810675901655465
7,kcat_50,0.34426471966030386
8,kcat_50,0.30107367172624705
9,kcat_50,0.29172424981875894
10,kcat_50,0.27239458764162433
11,kcat_50,0.2588566668478309
12,kcat_50,0.24556725156960685
13,kcat_50,0.24403157510064016
14,kcat_50,0.23113506580783133
15,kcat_50,0.20587625130010306
16,kcat_50,0.19693142518493392
17,kcat_50,0.1947884936634716
18,kcat_50,0.17894900147144305
19,kcat_50,0.17349904354096524
20,kcat_50,0.15082482548426637
21,kcat_50,0.14250534244861712
22,kcat_50,0.13479752294278152
23,kcat_50,0.1327940215891686
24,kcat_50,0.12658628589374493
25,kcat_50,0.12200808714178998
26,kcat_50,0.10462409670699667
27,kcat_50,0.10189860360310814
28,kcat_50,0.09474776314042309
29,kcat_50,0.09109783006387427
30,kcat_50,0.08335934069577593
31,kcat_50,0.0814189630495446
32,kcat_50,0.07383979211056915
33,kcat_50,0.07144630196446464
34,kcat_50,0.06514610748367512
35,kcat_50,0.06119917316162411
36,kcat_50,0.05816775833859067
37,kcat_50,0.05246678921090408
38,kcat_50,0.04086870660148391
39,kcat_50,0.04117843386413506
40,kcat_50,0.03134449831206039
41,kcat_50,0.03192475182782026
42,kcat_50,0.019456913274149366
43,kcat_50,0.014072813605326428
44,kcat_50,0.012065860433868238
45,kcat_50,0.006566066683024588
46,kcat_50,0.0023162777601883444
47,kcat_50,0.003046212509097244
48,kcat_50,0.006443832995219089
49,kcat_50,0.006377113022759863
0,kcat_51,1.2046166078076281
1,kcat_51,0.9911998855374633
2,kcat_51,0.8373545870778106
3,kcat_51,0.670917365770024
4,kcat_51,0.5732059843662893
5,kcat_51,0.47322808531305494
6,kcat_51,0.45128945953543376
7,kcat_51,0.3885523432015356
8,kcat_51,0.32656600208801667
9,kcat_51,0.2921559404638245
10,kcat_51,0.28219942073290616
11,kcat_51,0.24833900186222296
12,kcat_51,0.24149136883293665
13,kcat_51,0.23766456319657142
14,kcat_51,0.205335383564339
15,kcat_51,0.17447533427975423
16,kcat_51,0.16476369603818805
17,kcat_51,0.16040637947384487
18,kcat_51,0.14821740229279384
19,kcat_51,0.14053175748955293
20,kcat_51,0.1230600936876612
21,kcat_51,0.110747606158105
22,kcat_51,0.09830454686152323
23,kcat_51,0.09623493118857475
24,kcat_51,0.09310707030834856
25,kcat_51,0.0891419912152071
26,kcat_51,0.08752569880519849
27,kcat_51,0.078638107303795
28,kcat_51,0.07444330409657211
29,kcat_51,0.06676429575576767
30,kcat_51,0.05768922022723294
31,kcat_51,0.05395481748098305
32,kcat_51,0.04734662784058622
33,kcat_51,0.04607333847476429
34,kcat_51,0.03920428681067727
35,kcat_51,0.029043243911239004
36,kcat_51,0.030398337065234704
37,kcat_51,0.0270399392664609
38,kcat_51,0.02081529033690761
39,kcat_51,0.015543141603780737
40,kcat_51,0.009629684811431947
41,kcat_51,0.0068100839978986385
42,kcat_51,0.0017015049118806326
43,kcat_51,0.004550766655628037
44,kcat_51,0.009386132704298018
45,kcat_51,0.014122988253106872
46,kcat_51,0.029527410505119197
47,kcat_51,0.03195675113480162
48,kcat_51,0.037216462725866505
49,kcat_51,0.038465179467660225
0,kcat_52,0.914730275902103
1,kcat_52,0.8296256010192891
2,kcat_52,0.6719212075224288
3,kcat_52,0.5583068600246084
4,kcat_52,0.4950948944908351
5,kcat_52,0.44210941144222154
6,kcat_52,0.4035882118883832
7,kcat_52,0.3795180131569279
8,kcat_52,0.2678368844995781
9,kcat_52,0.2581563135648093
10,kcat_52,0.24396465832274938
11,kcat_52,0.22256942992152867
12,kcat_52,0.2169520601351965
13,kcat_52,0.2125561796481366
14,kcat_52,0.1963977542387312
15,kcat_52,0.16973811986686832
16,kcat_52,0.14847601615809622
17,kcat_52,0.1426496387905832
18,kcat_52,0.1306907885635577
19,kcat_52,0.12523952614835107
20,kcat_52,0.10730958942364173
21,kcat_52,0.09528596324167565
22,kcat_52,0.08779945216561925
23,kcat_52,0.08631639910856546
24,kcat_52,0.08168231345154811
25,kcat_52,0.07727887906506599
26,kcat_52,0.07173730746603298
27,kcat_52,0.06411735426787459
28,kcat_52,0.05129322382047753
29,kcat_52,0.04151041089290153
30,kcat_52,0.030010066589425732
31,kcat_52,0.02187711213581
32,kcat_52,0.014521825380386062
33,kcat_52,0.010337518087621424
34,kcat_52,0.0022188800359149593
35,kcat_52,0.0010779958698924265
36,kcat_52,0.007903612795402618
37,kcat_52,0.012729825305925958
38,kcat_52,0.016546678845563184
39,kcat_52,0.018456295715874357
40,kcat_52,0.02327564952596565
41,kcat_52,0.02334710180803957
42,kcat_52,0.03274782175285672
43,kcat_52,0.03631403203570278
44,kcat_52,0.0393679472362062
45,kcat_52,0.04338492575272038
46,kcat_52,0.049006775433782956
47,kcat_52,0.04897744873776113
48,kcat_52,0.05205217890263741
49,kcat_52,0.05158186495708272
0,kcat_53,0.7408938269996274
1,kcat_53,0.7012836613925797
2,kcat_53,0.617202318251397
3,kcat_53,0.49901807081018834
4,kcat_53,0.43158247818977
5,kcat_53,0.37315907234554296
6,kcat_53,0.35713757410959074
7,kcat_53,0.32016567234334314
8,kcat_53,0.29296611730391764
9,kcat_53,0.2817318603389706
10,kcat_53,0.2706231348445442
11,kcat_53,0.23712345764509804
12,kcat_53,0.23204666087869671
13,kcat_53,0.2264520086599001
14,kcat_53,0.2113836329376423
15,kcat_53,0.18212261440076236
16,kcat_53,0.17355251048596673
17,kcat_53,0.16594987083894952
18,kcat_53,0.1551363581136141
19,kcat_53,0.14897637547908738
20,kcat_53,0.13442610788696585
21,kcat_53,0.1326543562606697
22,kcat_53,0.1180379161084903
23,kcat_53,0.10920041163547542
24,kcat_53,0.10424193362174149
25,kcat_53,0.10119366558713976
26,kcat_53,0.09137771184157355
27,kcat_53,0.08635221518002086
28,kcat_53,0.08124021808853973
29,kcat_53,0.07939117924729028
30,kcat_53,0.07148766190340144
31,kcat_53,0.06993915420431204
32,kcat_53,0.05432729772511721
33,kcat_53,0.05475060757102017
34,kcat_53,0.04054088458072408
35,kcat_53,0.03298823693538451
36,kcat_53,0.031359476305628936
37,kcat_53,0.026589119761368688
38,kcat_53,0.02209117505619526
39,kcat_53,0.021749927740035205
40,kcat_53,0.021119101675627954
41,kcat_53,0.020159788699979992
42,kcat_53,0.0166945391681152
43,kcat_53,0.007415375725158792
44,kcat_53,0.004010344067420828
45,kcat_53,0.0037668402963398954
46,kcat_53,0.006979046370559802
47,kcat_53,0.008062956923397506
48,kcat_53,0.01146760762806757
49,kcat_53,0.014859003962232194
0,kcat_54,0.9149558202198141
1,kcat_54,0.8270939675669746
2,kcat_54,0.663055082871504
3,kcat_54,0.5663328522131246
4,kcat_54,0.506335108068653
5,kcat_54,0.4608457383109434
6,kcat_54,0.41267474098281803
7,kcat_54,0.3768046447148723
8,kcat_54,0.31272540444593233
9,kcat_54,0.2967974985454147
10,kcat_54,0.28395971629880473
11,kcat_54,0.25320839855824095
12,kcat_54,0.24798500920891822
13,kcat_54,0.2386701281065111
14,kcat_54,0.21404654676896825
15,kcat_54,0.1932437751301174
16,kcat_54,0.18431047561465758
17,kcat_54,0.17452666620932283
18,kcat_54,0.16171889548421192
19,kcat_54,0.15971327632269408
20,kcat_54,0.13998555135952412
21,kcat_54,0.1265306367175802
22,kcat_54,0.11914201542501458
23,kcat_54,0.11475187205793692
24,kcat_54,0.11164551417489081
25,kcat_54,0.10396082026813822
26,kcat_54,0.09306635677536829
27,kcat_54,0.088628332810435
28,kcat_54,0.08456487251431989
29,kcat_54,0.07457239920197588
30,kcat_54,0.0702456789031601
31,kcat_54,0.06702163473901833
32,kcat_54,0.05703715291843753
33,kcat_54,0.054094150719976995
34,kcat_54,0.04241398875189179
35,kcat_54,0.041221423844655936
36,kcat_54,0.03482439323140461
37,kcat_54,0.030143601136480364
38,kcat_54,0.02025966977385603
39,kcat_54,0.012749753301808593
40,kcat_54,0.009110335898873558
41,kcat_54,0.009640602110894628
42,kcat_54,0.0008799088528654139
43,kcat_54,0.006183386812274937
44,kcat_54,0.007572989748468558
45,kcat_54,0.013077084989508407
46,kcat_54,0.019854200969048465
47,kcat_54,0.022613571274129773
48,kcat_54,0.032699357558606
49,kcat_54,0.036415094032249865
0,kcat_55,0.8832631335025477
1,kcat_55,0.8049909233241725
2,kcat_55,0.6755849586175336
3,kcat_55,0.5736360981964213
4,kcat_55,0.5169375538673754
5,kcat_55,0.47607736326064753
6,kcat_55,0.43806279283242044
7,kcat_55,0.4067731611310952
8,kcat_55,0.3436927284537939
9,kcat_55,0.3328626164668146
10,kcat_55,0.3200710263710262
11,kcat_55,0.3005138934120182
12,kcat_55,0.29253680091148754
13,kcat_55,0.2799052947932002
14,kcat_55,0.25847890279581115
15,kcat_55,0.23540561916083172
16,kcat_55,0.23245324618451216
17,kcat_55,0.21880129431138942
18,kcat_55,0.2152386272423752
19,kcat_55,0.19986872077472417
20,kcat_55,0.17174320967603973
21,kcat_55,0.15377408862210434
22,kcat_55,0.14658511257292203
23,kcat_55,0.14781144997100995
24,kcat_55,0.14219693211303974
25,kcat_55,0.1378514972362986
26,kcat_55,0.13097880826692557
27,kcat_55,0.12984045855117585
28,kcat_55,0.12766658966044603
29,kcat_55,0.11656157793778582
30,kcat_55,0.10843016231040267
31,kcat_55,0.10443958690163066
32,kcat_55,0.1088990617532522
33,kcat_55,0.10284260541552755
34,kcat_55,0.09842133533814161
35,kcat_55,0.09320265976722125
36,kcat_55,0.08633423605324474
37,kcat_55,0.08189982203569522
38,kcat_55,0.07319153656936787
39,kcat_55,0.06988862664602642
40,kcat_55,0.06702316956426303
41,kcat_55,0.06271237476719914
42,kcat_55,0.05170457714650825
43,kcat_55,0.04046015316626792
44,kcat_55,0.04102037885269244
45,kcat_55,0.039585567354432916
46,kcat_55,0.02622519918271642
47,kcat_55,0.022036200988097093
48,kcat_55,0.015407775776102127
49,kcat_55,0.016302016724338588
0,kcat_56,0.2871739327898852
1,kcat_56,0.2665821199211905
2,kcat_56,0.22625110260239703
3,kcat_56,0.19691912967600064
4,kcat_56,0.19277165414479158
5,kcat_56,0.17323827483161688
6,kcat_56,0.1627708681644159
7,kcat_56,0.13614974714612876
8,kcat_56,0.10881983848706941
9,kcat_56,0.09902547404847804
10,kcat_56,0.08963142936092892
11,kcat_56,0.07006756634738717
12,kcat_56,0.06033960185740852
13,kcat_56,0.06337324850688164
14,kcat_56,0.04670918360217482
15,kcat_56,0.035142928383801404
16,kcat_56,0.028649950147919923
17,kcat_56,0.025252263291858146
18,kcat_56,0.024500938158913993
19,kcat_56,0.018156379789432582
20,kcat_56,0.005428363994693998
21,kcat_56,0.004961477004491092
22,kcat_56,0.005737778363131078
23,kcat_56,0.009257843394425674
24,kcat_56,0.01104647059767482
25,kcat_56,0.015136872786227098
26,kcat_56,0.0193495592315928
27,kcat_56,0.020572975011942086
28,kcat_56,0.026937298518880534
29,kcat_56,0.028244664484404818
30,kcat_56,0.0357993056240178
31,kcat_56,0.03871575710776804
32,kcat_56,0.04127251536675452
33,kcat_56,0.04911636904391392
34,kcat_56,0.052026261879416065
35,kcat_56,0.05547704233984686
36,kcat_56,0.061800895561869865
37,kcat_56,0.06271360215355805
38,kcat_56,0.07023191445708736
39,kcat_56,0.07510015392338971
40,kcat_56,0.07812062632051867
41,kcat_56,0.08006863830964285
42,kcat_56,0.08315519836147861
43,kcat_56,0.08602067932575884
44,kcat_56,0.08810144121051287
45,kcat_56,0.0927201503575082
46,kcat_56,0.09249954180595205
47,kcat_56,0.09297461543033696
48,kcat_56,0.09454780259427081
49,kcat_56,0.09384520813952045
0,kcat_57,1.053767615510351
1,kcat_57,0.9732442654113175
2,kcat_57,0.8590120235325
3,kcat_57,0.7003605834192029
4,kcat_57,0.6236107800674888
5,kcat_57,0.4977308717669847
6,kcat_57,0.4670145654119162
7,kcat_57,0.40418729453766117
8,kcat_57,0.3070343558266901
9,kcat_57,0.2857646954039003
10,kcat_57,0.2666579530810067
11,kcat_57,0.25686946538448624
12,kcat_57,0.23898307045894204
13,kcat_57,0.22085319123281275
14,kcat_57,0.20271153031697886
15,kcat_57,0.17633996861032494
16,kcat_57,0.16605872516184286
17,kcat_57,0.16214927043688981
18,kcat_57,0.14893341908395688
19,kcat_57,0.14327675002413015
20,kcat_57,0.1333838425592423
21,kcat_57,0.11975057933169674
22,kcat_57,0.09693984120035669
23,kcat_57,0.0961312078663064
24,kcat_57,0.0948432616682528
25,kcat_57,0.08921028743113457
26,kcat_57,0.07793306963324645
27,kcat_57,0.07349136174822632
28,kcat_57,0.06986737449949842
29,kcat_57,0.05885158223184688
30,kcat_57,0.04869808050730971
31,kcat_57,0.042188451340496334
32,kcat_57,0.03697528903284671
33,kcat_57,0.028482273942827596
34,kcat_57,0.023290500615819373
35,kcat_57,0.022182729364257945
36,kcat_57,0.016088887564823205
37,kcat_57,0.013009524819161131
38,kcat_57,0.010241043621573269
39,kcat_57,0.005709849683091027
40,kcat_57,0.006934293504253602
41,kcat_57,0.0049550025159964635
42,kcat_57,0.0003838540230250039
43,kcat_57,0.01011548884538828
44,kcat_57,0.010840168707315294
45,kcat_57,0.016769376301255665
46,kcat_57,0.027172043191752697
47,kcat_57,0.025040755529378917
48,kcat_57,0.02788436977901308
49,kcat_57,0.029619542476822455
0,kcat_58,1.536628658620947
1,kcat_58,1.2719298335533324
2,kcat_58,1.0097840391693405
3,kcat_58,0.7925985761715454
4,kcat_58,0.7119758483846145
5,kcat_58,0.6230220968337709
6,kcat_58,0.5899914896187395
7,kcat_58,0.5320105119711269
8,kcat_58,0.422755336765254
9,kcat_58,0.4014568334218463
10,kcat_58,0.3927406474016127
11,kcat_58,0.3580094914526456
12,kcat_58,0.34730185766074056
13,kcat_58,0.3314007231896402
14,kcat_58,0.31874053686399606
15,kcat_58,0.2806506768357296
16,kcat_58,0.2629024353358845
17,kcat_58,0.25055250386178546
18,kcat_58,0.23138859772258782
19,kcat_58,0.2282305104226727
20,kcat_58,0.20243174780060438
21,kcat_58,0.19360983101801182
22,kcat_58,0.17969131197883614
23,kcat_58,0.17536969777072903
24,kcat_58,0.16816128243095196
25,kcat_58,0.16082116912228164
26,kcat_58,0.15052681116592553
27,kcat_58,0.1414440893292183
28,kcat_58,0.13586098419436188
29,kcat_58,0.12457931539473767
30,kcat_58,0.11629194212862594
31,kcat_58,0.11628805680808994
32,kcat_58,0.09926412027557352
33,kcat_58,0.09623003101402906
34,kcat_58,0.09343130730084043
35,kcat_58,0.08402541508983409
36,kcat_58,0.08373175065258795
37,kcat_58,0.07800038021695865
38,kcat_58,0.07088380326429829
39,kcat_58,0.07155233597400935
40,kcat_58,0.06690983066017368
41,kcat_58,0.06603128315303505
42,kcat_58,0.05389861517014536
43,kcat_58,0.04592467057643852
44,kcat_58,0.04171875567845428
45,kcat_58,0.03588246552841342
46,kcat_58,0.012053780097135518
47,kcat_58,0.012327506979418252
48,kcat_58,0.008079387818166693
49,kcat_58,0.00543661932938849
0,kcat_59,1.5454977779926045
1,kcat_59,1.3435263630351357
2,kcat_59,1.038301365574239
3,kcat_59,0.8406493326815471
4,kcat_59,0.7260470022188134
5,kcat_59,0.619747834702246
6,kcat_59,0.5656994250697708
7,kcat_59,0.5148860122222764
8,kcat_59,0.42547370512288984
9,kcat_59,0.4053162738281428
10,kcat_59,0.37700156236666815
11,kcat_59,0.33953489618850224
12,kcat_59,0.3203871553081029
13,kcat_59,0.3058912908836159
14,kcat_59,0.26796807191975547
15,kcat_59,0.2184817097249976
16,kcat_59,0.21703287860378792
17,kcat_59,0.20706512549086117
18,kcat_59,0.18655065956670333
19,kcat_59,0.17497392878834628
20,kcat_59,0.15561738753000248
21,kcat_59,0.15143658306427935
22,kcat_59,0.1382585143770728
23,kcat_59,0.13857506559494664
24,kcat_59,0.13710294659083222
25,kcat_59,0.1347518221161104
26,kcat_59,0.1245430883682715
27,kcat_59,0.12143464605636321
28,kcat_59,0.11535474765545502
29,kcat_59,0.10949290362519873
30,kcat_59,0.10213507265177253
31,kcat_59,0.09540358694728691
32,kcat_59,0.08110245837105357
33,kcat_59,0.08085262743682596
34,kcat_59,0.06959497901619123
35,kcat_59,0.06731981204984254
36,kcat_59,0.059310863793822506
37,kcat_59,0.05867046982174966
38,kcat_59,0.050680260502098326
39,kcat_59,0.04491955321293921
40,kcat_59,0.0393863229258616
41,kcat_59,0.03524175680536781
42,kcat_59,0.030991343282249628
43,kcat_59,0.027732849259639883
44,kcat_59,0.02370606568133674
45,kcat_59,0.016588365573302052
46,kcat_59,0.013925612489499525
47,kcat_59,0.01287275407372288
48,kcat_59,0.010458823529972584
49,kcat_59,0.008748658437780001
0,kcat_60,1.643026515530038
1,kcat_60,1.2712216295714533
2,kcat_60,0.8833477498301887
3,kcat_60,0.6819085235847894
4,kcat_60,0.6303508595361889
5,kcat_60,0.52647481099524
6,kcat_60,0.49449324393211624
7,kcat_60,0.4291768629262815
8,kcat_60,0.33815114305816907
9,kcat_60,0.3232038553792155
10,kcat_60,0.3204120439098499
11,kcat_60,0.29639121370222643
12,kcat_60,0.2882908535024081
13,kcat_60,0.27269236475284575
14,kcat_60,0.24813294152010815
15,kcat_60,0.22851869563635302
16,kcat_60,0.21773348513602467
17,kcat_60,0.2133373966868168
18,kcat_60,0.2005509063727685
19,kcat_60,0.19632810553020602
20,kcat_60,0.17764088512058535
21,kcat_60,0.16944029371433444
22,kcat_60,0.15547456653477373
23,kcat_60,0.14671632518938216
24,kcat_60,0.1446437995673531
25,kcat_60,0.14536914487180486
26,kcat_60,0.1284772657129855
27,kcat_60,0.12517776978084572
28,kcat_60,0.12018220160530031
29,kcat_60,0.1054170897451165
30,kcat_60,0.09958347183428182
31,kcat_60,0.08447051335191957
32,kcat_60,0.08204436123076374
33,kcat_60,0.08169305522821184
34,kcat_60,0.0674506244483116
35,kcat_60,0.05830225415939448
36,kcat_60,0.048866000140929074
37,kcat_60,0.047638804297663956
38,kcat_60,0.03914997003468501
39,kcat_60,0.03249047662859836
40,kcat_60,0.02759414374164511
41,kcat_60,0.02673442440308963
42,kcat_60,0.02338044320379281
43,kcat_60,0.01691699316550518
44,kcat_60,0.012398770307660607
45,kcat_60,0.00487202355824623
46,kcat_60,0.0008683572648278807
47,kcat_60,0.0018412678323845271
48,kcat_60,0.005794569922409168
49,kcat_60,0.008164814945877698
0,kcat_61,1.4639375935588201
1,kcat_61,1.1842014664379346
2,kcat_61,0.8887489815072708
3,kcat_61,0.7173774439910743
4,kcat_61,0.6758804175166045
5,kcat_61,0.6001335803812764
6,kcat_61,0.5594060532119749
7,kcat_61,0.45561023094721415
8,kcat_61,0.40482222390703987
9,kcat_61,0.38757943078752183
10,kcat_61,0.3622047552089208
11,kcat_61,0.33363737492372214
12,kcat_61,0.31229733445669955
13,kcat_61,0.3127077616619221
14,kcat_61,0.28932335274810767
15,kcat_61,0.2559996328485166
16,kcat_61,0.24593985868262191
17,kcat_61,0.23691190788521638
18,kcat_61,0.2293789635996117
19,kcat_61,0.22746010831797317
20,kcat_61,0.2056114508812947
21,kcat_61,0.1888583057907846
22,kcat_61,0.1794335813525283
23,kcat_61,0.175932465738462
24,kcat_61,0.17034936573916423
25,kcat_61,0.1626530367355997
26,kcat_61,0.1495490237692964
27,kcat_61,0.1434147322543696
28,kcat_61,0.1420568805177677
29,kcat_61,0.13087981518936537
30,kcat_61,0.1261750210024944
31,kcat_61,0.11910545961641579
32,kcat_61,0.11374793632790213
33,kcat_61,0.11123929292400384
34,kcat_61,0.10762737685783276
35,kcat_61,0.10514874208297534
36,kcat_61,0.1030743690079498
37,kcat_61,0.1003287538780162
38,kcat_61,0.08505924547593166
39,kcat_61,0.08216861058597325
40,kcat_61,0.07622769352144682
41,kcat_61,0.07641730518403815
42,kcat_61,0.06906158849099027
43,kcat_61,0.06134217734774893
44,kcat_61,0.060147316186986995
45,kcat_61,0.056922584153034375
46,kcat_61,0.04390440271742636
47,kcat_61,0.03695548852969613
48,kcat_61,0.03325897756979085
49,kcat_61,0.02831626762077602
0,kcat_62,1.4797636398970473
1,kcat_62,1.2229541296300146
2,kcat_62,0.9181169913354916
3,kcat_62,0.7427518732583518
4,kcat_62,0.666020937340821
5,kcat_62,0.5783705184242219
6,kcat_62,0.5411158243273585
7,kcat_62,0.4796945415306733
8,kcat_62,0.39114936616399193
9,kcat_62,0.3756029393684616
10,kcat_62,0.36094189367525376
11,kcat_62,0.33748805184908237
12,kcat_62,0.3200037565019173
13,kcat_62,0.3112973965994219
14,kcat_62,0.2841262895102412
15,kcat_62,0.23384204323434998
16,kcat_62,0.21772196933582572
17,kcat_62,0.21168566633142033
18,kcat_62,0.20006548219639664
19,kcat_62,0.19042388711780114
20,kcat_62,0.15897364985515286
21,kcat_62,0.14712304528684544
22,kcat_62,0.12752504691680805
23,kcat_62,0.12745137347951663
24,kcat_62,0.12239860559258996
25,kcat_62,0.10902306834417627
26,kcat_62,0.10063300378831393
27,kcat_62,0.09790065264886251
28,kcat_62,0.08820879747513008
29,kcat_62,0.07937494737532676
30,kcat_62,0.06527718063192525
31,kcat_62,0.059997500625251284
32,kcat_62,0.046707773098635656
33,kcat_62,0.04902767460303252
34,kcat_62,0.04210386928055673
35,kcat_62,0.03585542852367468
36,kcat_62,0.02500532107201739
37,kcat_62,0.01940853914636205
38,kcat_62,0.01225633179764063
39,kcat_62,0.006228115939140369
40,kcat_62,0.003237570869898083
41,kcat_62,0.003749395014767572
42,kcat_62,0.005289038780372352
43,kcat_62,0.008334711296786299
44,kcat_62,0.010461084569579313
45,kcat_62,0.02153572612055878
46,kcat_62,0.03238257649919436
47,kcat_62,0.03720664043432791
48,kcat_62,0.04097061397037353
49,kcat_62,0.04660593574606172
0,kcat_63,1.293930975791896
1,kcat_63,1.0532629158972393
2,kcat_63,0.8146561905387113
3,kcat_63,0.699117710524111
4,kcat_63,0.6424388471007533
5,kcat_63,0.5321863268151069
6,kcat_63,0.5081552730194937
7,kcat_63,0.4701771362066537
8,kcat_63,0.39787287156234413
9,kcat_63,0.3760549459700618
10,kcat_63,0.3615080983221885
11,kcat_63,0.34053261794547746
12,kcat_63,0.31487156623594836
13,kcat_63,0.2927086261365921
14,kcat_63,0.25698629267090206
15,kcat_63,0.21342314259822512
16,kcat_63,0.20652338147765756
17,kcat_63,0.2038994614053852
18,kcat_63,0.1896261055330146
19,kcat_63,0.1865880410475029
20,kcat_63,0.16316537258894595
21,kcat_63,0.14428109933321565
22,kcat_63,0.12861316960589658
23,kcat_63,0.12496282631774526
24,kcat_63,0.12146328601428959
25,kcat_63,0.11927451687668014
26,kcat_63,0.11361893025250011
27,kcat_63,0.11267764558144522
28,kcat_63,0.11193976927293778
29,kcat_63,0.10376848965913267
30,kcat_63,0.09536957350160333
31,kcat_63,0.0895057878877936
32,kcat_63,0.0877179261545792
33,kcat_63,0.0833996754913919
34,kcat_63,0.06874303696734366
35,kcat_63,0.06527848468439632
36,kcat_63,0.05288447604644036
37,kcat_63,0.04900403705607348
38,kcat_63,0.04955901692942983
39,kcat_63,0.04408562120184149
40,kcat_63,0.04001181805253712
41,kcat_63,0.03452428579805581
42,kcat_63,0.029772090797509875
43,kcat_63,0.01711054638674412
44,kcat_63,0.017739953380144356
45,kcat_63,0.01692133752068792
46,kcat_63,0.01360750265604612
47,kcat_63,0.01087959360985332
48,kcat_63,0.013592392414607735
49,kcat_63,0.013315240279083124
0,kcat_64,1.2408264191075113
1,kcat_64,1.1739685127360615
2,kcat_64,0.8949177029344397
3,kcat_64,0.7642643347361894
4,kcat_64,0.694637864580336
5,kcat_64,0.6197507298272444
6,kcat_64,0.5768214513664058
7,kcat_64,0.5105261210787514
8,kcat_64,0.4000850552416289
9,kcat_64,0.3806564555551678
10,kcat_64,0.36110312917705123
11,kcat_64,0.33155620596669005
12,kcat_64,0.3221172376518331
13,kcat_64,0.30416458720637346
14,kcat_64,0.2941545337137235
15,kcat_64,0.24952730444708815
16,kcat_64,0.2308583466049363
17,kcat_64,0.2182013952102912
18,kcat_64,0.2023063131832017
19,kcat_64,0.19552674179539045
20,kcat_64,0.1699837304338889
21,kcat_64,0.15719346332730527
22,kcat_64,0.14277152913354618
23,kcat_64,0.13246455187168216
24,kcat_64,0.1221724508608662
25,kcat_64,0.12345073311746177
26,kcat_64,0.10399072685217763
27,kcat_64,0.09822709561992736
28,kcat_64,0.0967607936045751
29,kcat_64,0.09237069805941887
30,kcat_64,0.08780806781993108
31,kcat_64,0.08666425287983434
32,kcat_64,0.06681512761070954
33,kcat_64,0.06512194689694137
34,kcat_64,0.045966038607677444
35,kcat_64,0.04074988189710388
36,kcat_64,0.028246803651270525
37,kcat_64,0.02160399063178904
38,kcat_64,0.014217939974701655
39,kcat_64,0.00901225062484454
40,kcat_64,0.004733201208040523
41,kcat_64,0.0033579320736806394
42,kcat_64,0.0008856046429443399
43,kcat_64,0.010545091943426477
44,kcat_64,0.012796971865241398
45,kcat_64,0.02206543414526479
46,kcat_64,0.030065204066198625
47,kcat_64,0.02841887906410695
48,kcat_64,0.03260892115803906
49,kcat_64,0.03358158943250345
0,kcat_65,1.2686130076124829
1,kcat_65,1.0747859539890827
2,kcat_65,0.8950970032157723
3,kcat_65,0.7693404613332244
4,kcat_65,0.6435566422853166
5,kcat_65,0.559347083665865
6,kcat_65,0.5256546658451176
7,kcat_65,0.49972679288681326
8,kcat_65,0.4141933645001689
9,kcat_65,0.39111516389736256
10,kcat_65,0.3758538939755726
11,kcat_65,0.35117573500588567
12,kcat_65,0.33659557322931843
13,kcat_65,0.32152890185594646
14,kcat_65,0.2984779476120253
15,kcat_65,0.2606318514063854
16,kcat_65,0.23603596603790505
17,kcat_65,0.22176499696791
18,kcat_65,0.20025214518401904
19,kcat_65,0.18587619859052845
20,kcat_65,0.1649586783559047
21,kcat_65,0.15652885298144542
22,kcat_65,0.1382337496216373
23,kcat_65,0.13187158033530674
24,kcat_65,0.12317959180006789
25,kcat_65,0.12128723237619725
26,kcat_65,0.1070131528066301
27,kcat_65,0.10260437468689998
28,kcat_65,0.10095610414472235
29,kcat_65,0.0969361583621934
30,kcat_65,0.08109914981780328
31,kcat_65,0.07658184648569158
32,kcat_65,0.07418324262365497
33,kcat_65,0.066955047584838
34,kcat_65,0.05782521435392902
35,kcat_65,0.0529095741813979
36,kcat_65,0.04910592853644109
37,kcat_65,0.04535340857516148
38,kcat_65,0.036494723440766104
39,kcat_65,0.029905690429792527
40,kcat_65,0.02396813464193805
41,kcat_65,0.021476113610127513
42,kcat_65,0.01296663710300872
43,kcat_65,0.004481067130595345
44,kcat_65,0.00010665721897478474
45,kcat_65,0.006915399095270543
46,kcat_65,0.010641656444354696
47,kcat_65,0.013851160864730993
48,kcat_65,0.0222491457603931
49,kcat_65,0.02378523412846459
0,kcat_66,1.2889592449294922
1,kcat_66,1.149793525391027
2,kcat_66,0.9411235424350497
3,kcat_66,0.796605325078904
4,kcat_66,0.6903497590877768
5,kcat_66,0.6080903139275323
6,kcat_66,0.5584445118342865
7,kcat_66,0.49383896912898684
8,kcat_66,0.4174183974623779
9,kcat_66,0.410494438685958
10,kcat_66,0.3818404645765458
11,kcat_66,0.33073953675582096
12,kcat_66,0.3184530271433291
13,kcat_66,0.3055751327895615
14,kcat_66,0.2810020668882152
15,kcat_66,0.25367531102183716
16,kcat_66,0.22859427430640097
17,kcat_66,0.21356227678957668
18,kcat_66,0.19964647279680225
19,kcat_66,0.19103888455593665
20,kcat_66,0.16609055252104363
21,kcat_66,0.1549746004455023
22,kcat_66,0.13618698971525034
23,kcat_66,0.1319511805233021
24,kcat_66,0.12907640847972918
25,kcat_66,0.12699414151721644
26,kcat_66,0.11151951583692207
27,kcat_66,0.10068344359793284
28,kcat_66,0.08993792556168252
29,kcat_66,0.08721393344389014
30,kcat_66,0.08258044003259768
31,kcat_66,0.07530110556044019
32,kcat_66,0.07087387857453857
33,kcat_66,0.06446221145724636
34,kcat_66,0.059540886692133574
35,kcat_66,0.05338143439091085
36,kcat_66,0.043766843193222806
37,kcat_66,0.046809473210379766
38,kcat_66,0.038991747455029424
39,kcat_66,0.03679501891204951
40,kcat_66,0.02490927920315435
41,kcat_66,0.024110086521819795
42,kcat_66,0.011794266219465957
43,kcat_66,0.01103153452523234
44,kcat_66,0.005646894592751186
45,kcat_66,0.006439087651302048
46,kcat_66,0.011622664923420728
47,kcat_66,0.012169638882835638
48,kcat_66,0.019722371298647436
49,kcat_66,0.023248142637316057
0,kcat_67,1.226077874694341
1,kcat_67,1.023159118884014
2,kcat_67,0.901203213847889
3,kcat_67,0.7595483081774096
4,kcat_67,0.6538273112434102
5,kcat_67,0.5719854850114399
6,kcat_67,0.5078190719105512
7,kcat_67,0.47233015184682564
8,kcat_67,0.4059176073528624
9,kcat_67,0.39217102283161154
10,kcat_67,0.3738775988687559
11,kcat_67,0.353242754080571
12,kcat_67,0.3247050573353147
13,kcat_67,0.3026983484297421
14,kcat_67,0.28288557245939067
15,kcat_67,0.24521143918742103
16,kcat_67,0.22877101664973523
17,kcat_67,0.21271156983696335
18,kcat_67,0.19875584978070032
19,kcat_67,0.19236912075938756
20,kcat_67,0.16916411937026007
21,kcat_67,0.15557796623415932
22,kcat_67,0.13694923326676006
23,kcat_67,0.13430884004586394
24,kcat_67,0.12304277890806693
25,kcat_67,0.11955329063532162
26,kcat_67,0.09505349332010561
27,kcat_67,0.09156334653635921
28,kcat_67,0.09133837586452144
29,kcat_67,0.09204467068587129
30,kcat_67,0.07783635488268323
31,kcat_67,0.07453867594263656
32,kcat_67,0.06472147606780265
33,kcat_67,0.06197515170385596
34,kcat_67,0.050089776735693606
35,kcat_67,0.044617269618757054
36,kcat_67,0.03287117211504806
37,kcat_67,0.03128146399958223
38,kcat_67,0.021383701260445667
39,kcat_67,0.01968577117030842
40,kcat_67,0.012391431847147024
41,kcat_67,0.010541008053238349
42,kcat_67,0.004952384406523179
43,kcat_67,0.005165432860259443
44,kcat_67,0.003974291210844519
45,kcat_67,0.011585592497527232
46,kcat_67,0.017134753549730358
47,kcat_67,0.01907980400731663
48,kcat_67,0.027477083986374325
49,kcat_67,0.031063363807845384
0,kcat_68,1.0991023499989658
1,kcat_68,0.9961919844019916
2,kcat_68,0.807049114072705
3,kcat_68,0.6745342216854318
4,kcat_68,0.5927091834682847
5,kcat_68,0.5299643446056406
6,kcat_68,0.48628200341668787
7,kcat_68,0.422659345699444
8,kcat_68,0.3700456913164596
9,kcat_68,0.3484864754802358
10,kcat_68,0.327260988379138
11,kcat_68,0.28399403415060587
12,kcat_68,0.25654958185775356
13,kcat_68,0.24703377157179374
14,kcat_68,0.235405093688748
15,kcat_68,0.20175945540120827
16,kcat_68,0.19180685683112975
17,kcat_68,0.1830411588815994
18,kcat_68,0.17362857877289609
19,kcat_68,0.17001125348085702
20,kcat_68,0.14801877226626647
21,kcat_68,0.13526871927655848
22,kcat_68,0.12641529907715895
23,kcat_68,0.11962240966794575
24,kcat_68,0.11781010717327357
25,kcat_68,0.10898137081171963
26,kcat_68,0.09896660349766703
27,kcat_68,0.09589907899580316
28,kcat_68,0.08805622428413817
29,kcat_68,0.08572750421639258
30,kcat_68,0.07847762939355164
31,kcat_68,0.07231596363900682
32,kcat_68,0.07335713406430289
33,kcat_68,0.06570243975619085
34,kcat_68,0.061480600508837704
35,kcat_68,0.051026967280768123
36,kcat_68,0.04428873293542947
37,kcat_68,0.03377732259449675
38,kcat_68,0.0351075643036205
39,kcat_68,0.03284476039648206
40,kcat_68,0.031358335016678195
41,kcat_68,0.030490999266640256
42,kcat_68,0.020815572841603496
43,kcat_68,0.010271249896305765
44,kcat_68,0.007383588139850618
45,kcat_68,0.0046254270832257844
46,kcat_68,0.0025013788825104105
47,kcat_68,0.0020900395861468777
48,kcat_68,0.0015906713062046344
49,kcat_68,0.003067741235720229
0,kcat_69,1.0438587410360127
1,kcat_69,0.9186220059445775
2,kcat_69,0.7401851805188411
3,kcat_69,0.6091493012513306
4,kcat_69,0.5514997673695297
5,kcat_69,0.4910652736557969
6,kcat_69,0.4440824330009125
7,kcat_69,0.37009568181286023
8,kcat_69,0.3118014663464865
9,kcat_69,0.30036532236080266
10,kcat_69,0.28923094990105597
11,kcat_69,0.2632537482820534
12,kcat_69,0.2533078386212527
13,kcat_69,0.25027534009255714
14,kcat_69,0.23289195652688263
15,kcat_69,0.20131087682531132
16,kcat_69,0.19856993339628692
17,kcat_69,0.1902930337864994
18,kcat_69,0.17512456764190756
19,kcat_69,0.16636136893846026
20,kcat_69,0.1427577600606633
21,kcat_69,0.12757265895167882
22,kcat_69,0.10738928888761934
23,kcat_69,0.10439385766349953
24,kcat_69,0.09254814924209756
25,kcat_69,0.08788758408676747
26,kcat_69,0.07330733731040363
27,kcat_69,0.07111339658862542
28,kcat_69,0.07085430498678195
29,kcat_69,0.06980839899423778
30,kcat_69,0.06409514074514638
31,kcat_69,0.05903593160600929
32,kcat_69,0.04525432155998759
33,kcat_69,0.045596796772116435
34,kcat_69,0.03579154830936557
35,kcat_69,0.02978609167426748
36,kcat_69,0.016518867999028273
37,kcat_69,0.01407057031920526
38,kcat_69,0.006665695349980395
39,kcat_69,0.0046050033445646545
40,kcat_69,0.00027345385933953237
41,kcat_69,0.0015370123014422103
42,kcat_69,0.009731672782896182
43,kcat_69,0.01665275604206571
44,kcat_69,0.015408601099039411
45,kcat_69,0.015522183142525684
46,kcat_69,0.018935648312955466
47,kcat_69,0.015744035767587167
48,kcat_69,0.013525196427204901
49,kcat_69,0.014674247842545103
0,kcat_70,1.201388537298702
1,kcat_70,0.973337324537178
2,kcat_70,0.7447931511492574
3,kcat_70,0.6286338282153798
4,kcat_70,0.5561566893636553
5,kcat_70,0.4917441134300512
6,kcat_70,0.4615099959531276
7,kcat_70,0.4171886743737255
8,kcat_70,0.3485362152072925
9,kcat_70,0.3297849546005251
10,kcat_70,0.313675221686557
11,kcat_70,0.28347087658594805
12,kcat_70,0.27885656225137156
13,kcat_70,0.2776954661647288
14,kcat_70,0.2676045102405428
15,kcat_70,0.24340322891149885
16,kcat_70,0.22977151106638394
17,kcat_70,0.19738709734707688
18,kcat_70,0.18865430732915903
19,kcat_70,0.17965080201416814
20,kcat_70,0.1629545841274983
21,kcat_70,0.14761216155852666
22,kcat_70,0.1441036335717535
23,kcat_70,0.13726701019531984
24,kcat_70,0.1251468044226138
25,kcat_70,0.11958718664928279
26,kcat_70,0.11139864351070936
27,kcat_70,0.10683530745399394
28,kcat_70,0.10237442815171381
29,kcat_70,0.09420548705543334
30,kcat_70,0.08134611917656895
31,kcat_70,0.07361186565284757
32,kcat_70,0.0722570731433111
33,kcat_70,0.06339801630660614
34,kcat_70,0.05077198662251943
35,kcat_70,0.04637239231739861
36,kcat_70,0.039876381792478675
37,kcat_70,0.03918483252177483
38,kcat_70,0.03172118342903595
39,kcat_70,0.027869543391029983
40,kcat_70,0.02365712648862929
41,kcat_70,0.02592243136364311
42,kcat_70,0.019169669485353806
43,kcat_70,0.014190693795888816
44,kcat_70,0.011971035586328624
45,kcat_70,0.0118750812940649
46,kcat_70,0.005807728333909424
47,kcat_70,0.0053148496571703355
48,kcat_70,0.0004238173809007719
49,kcat_70,0.004229664580541069
0,kcat_71,1.1171312989193007
1,kcat_71,1.0431939174974196
2,kcat_71,0.8085713749941978
3,kcat_71,0.6845102351755212
4,kcat_71,0.5843293198441131
5,kcat_71,0.5186887638615143
6,kcat_71,0.4807777474060284
7,kcat_71,0.4399226510564764
8,kcat_71,0.37959072990035353
9,kcat_71,0.3725871116408612
10,kcat_71,0.3584522261980502
11,kcat_71,0.334364678836184
12,kcat_71,0.3146685406609403
13,kcat_71,0.3032394851546227
14,kcat_71,0.2871273435370499
15,kcat_71,0.2615044804250366
16,kcat_71,0.24695845154670865
17,kcat_71,0.22588948421320268
18,kcat_71,0.19740935692076733
19,kcat_71,0.18858079635698613
20,kcat_71,0.17782552348048516
21,kcat_71,0.16991584992903308
22,kcat_71,0.16020447565594673
23,kcat_71,0.1585026575699821
24,kcat_71,0.1481472742526886
25,kcat_71,0.1448349838002682
26,kcat_71,0.13141431909187015
27,kcat_71,0.12785945618701686
28,kcat_71,0.12747394835871695
29,kcat_71,0.12120613162181945
30,kcat_71,0.11268057862101838
31,kcat_71,0.11076278067791409
32,kcat_71,0.10624633256694437
33,kcat_71,0.10137489982739926
34,kcat_71,0.09534149814372095
35,kcat_71,0.08996411967861319
36,kcat_71,0.08183579728496647
37,kcat_71,0.08181398609561812
38,kcat_71,0.07090987463447647
39,kcat_71,0.0688969050455621
40,kcat_71,0.05324098388908769
41,kcat_71,0.05563342782183573
42,kcat_71,0.05191822758161324
43,kcat_71,0.048072642728183526
44,kcat_71,0.04355315982911422
45,kcat_71,0.030612414069657902
46,kcat_71,0.024454798639577172
47,kcat_71,0.02110195741639744
48,kcat_71,0.015513802144448174
49,kcat_71,0.01117534674460834
0,kcat_72,1.1261517551762859
1,kcat_72,1.026107393286774
2,kcat_72,0.775800653630121
3,kcat_72,0.6546710304857976
4,kcat_72,0.5762969061616561
5,kcat_72,0.5044558347413823
6,kcat_72,0.4795438952434091
7,kcat_72,0.44815392431206236
8,kcat_72,0.38272372984475805
9,kcat_72,0.3776272798533627
10,kcat_72,0.32417585566480733
11,kcat_72,0.29878682760025
12,kcat_72,0.28795337825828093
13,kcat_72,0.29099539656421775
14,kcat_72,0.2763083612327855
15,kcat_72,0.2422354226499123
16,kcat_72,0.2242677869436346
17,kcat_72,0.2115430546972301
18,kcat_72,0.1929127769475129
19,kcat_72,0.188012301303366
20,kcat_72,0.16197508749791378
21,kcat_72,0.13825411406200974
22,kcat_72,0.12279584012435936
23,kcat_72,0.11910300863192676
24,kcat_72,0.1185485631208113
25,kcat_72,0.10964168450171129
26,kcat_72,0.0954597226376765
27,kcat_72,0.09137711485993742
28,kcat_72,0.08443343703893101
29,kcat_72,0.08076390447436792
30,kcat_72,0.07200388895683642
31,kcat_72,0.06629382647453436
32,kcat_72,0.05183390292734301
33,kcat_72,0.04854423358869374
34,kcat_72,0.03773477041285176
35,kcat_72,0.03210333064599159
36,kcat_72,0.024537520139435595
37,kcat_72,0.01983089418353278
38,kcat_72,0.013866444950456512
39,kcat_72,0.009217185600786836
40,kcat_72,0.0005836746484165401
41,kcat_72,0.0015678900900073405
42,kcat_72,0.0029967584852815562
43,kcat_72,0.01159691777981355
44,kcat_72,0.013676051550333867
45,kcat_72,0.014573590941980234
46,kcat_72,0.023991344100085132
47,kcat_72,0.024111120905869577
48,kcat_72,0.028349946199861458
49,kcat_72,0.03062562920930352
0,kcat_73,1.155371828068419
1,kcat_73,1.0444479635053814
2,kcat_73,0.8515097399434977
3,kcat_73,0.6515407832868468
4,kcat_73,0.5853223909409502
5,kcat_73,0.5088214157811616
6,kcat_73,0.45275361827218413
7,kcat_73,0.4018268330868662
8,kcat_73,0.3240521175396066
9,kcat_73,0.31619834754349924
10,kcat_73,0.30210365275541773
11,kcat_73,0.28000334044172515
12,kcat_73,0.26703977396010475
13,kcat_73,0.2564201325341784
14,kcat_73,0.25081541009214914
15,kcat_73,0.20265994585154928
16,kcat_73,0.1977251088728373
17,kcat_73,0.18133370607403235
18,kcat_73,0.1690090858406291
19,kcat_73,0.16400009752620406
20,kcat_73,0.14618957746037092
21,kcat_73,0.1310212163459263
22,kcat_73,0.1297691124794073
23,kcat_73,0.12825331405618695
24,kcat_73,0.12538525936198466
25,kcat_73,0.12368115690108265
26,kcat_73,0.10987576622769668
27,kcat_73,0.1061829482523127
28,kcat_73,0.10066825529953398
29,kcat_73,0.09817972975958239
30,kcat_73,0.08734218969748689
31,kcat_73,0.08039037048955852
32,kcat_73,0.07518353760886201
33,kcat_73,0.06348204317315534
34,kcat_73,0.05150329083271076
35,kcat_73,0.042079689774611524
36,kcat_73,0.02962592789110682
37,kcat_73,0.023070759448454367
38,kcat_73,0.019133208675699818
39,kcat_73,0.014845569828618708
40,kcat_73,0.010093557131016636
41,kcat_73,0.006826641524793197
42,kcat_73,0.0036479454971199143
43,kcat_73,0.005906623759447533
44,kcat_73,0.006875728682078027
45,kcat_73,0.011949489077703622
46,kcat_73,0.01462707078361984
47,kcat_73,0.02047538854069795
48,kcat_73,0.025036635672107732
49,kcat_73,0.029186031731260262
0,kcat_74,1.223179393813576
1,kcat_74,1.1147103091166923
2,kcat_74,0.7980366142370342
3,kcat_74,0.6687495993386099
4,kcat_74,0.584949826959141
5,kcat_74,0.5147640762695961
6,kcat_74,0.4499178566045814
7,kcat_74,0.4068607313658889
8,kcat_74,0.35638422016735594
9,kcat_74,0.3398592760989083
10,kcat_74,0.3173157205937099
11,kcat_74,0.2939706068551508
12,kcat_74,0.28507101010966573
13,kcat_74,0.26847925667175815
14,kcat_74,0.2504562207178723
15,kcat_74,0.22324099110489556
16,kcat_74,0.21364575070480202
17,kcat_74,0.19784000871136387
18,kcat_74,0.19207819647978921
19,kcat_74,0.18736818194245827
20,kcat_74,0.15732849613500155
21,kcat_74,0.14709413502034663
22,kcat_74,0.1290682419491053
23,kcat_74,0.12657443833645035
24,kcat_74,0.11804578666478115
25,kcat_74,0.11231040173284577
26,kcat_74,0.09506670849804207
27,kcat_74,0.09100458245526459
28,kcat_74,0.08496204387739999
29,kcat_74,0.08002627615393053
30,kcat_74,0.07291710893115047
31,kcat_74,0.06920512840082699
32,kcat_74,0.05958649584656576
33,kcat_74,0.05504202384018344
34,kcat_74,0.046802317208516055
35,kcat_74,0.046545411563296626
36,kcat_74,0.032978928173549873
37,kcat_74,0.03274972362232944
38,kcat_74,0.02362069094335101
39,kcat_74,0.019014089247852146
40,kcat_74,0.010948240864126744
41,kcat_74,0.009840434743355423
42,kcat_74,0.007076083098246725
43,kcat_74,0.003309453442794683
44,kcat_74,0.004705599582657464
45,kcat_74,0.009216946368059298
46,kcat_74,0.018354154707994615
47,kcat_74,0.018304577543927794
48,kcat_74,0.023029932329369816
49,kcat_74,0.024646804841127915
0,kcat_75,1.1213480876581317
1,kcat_75,1.0562811395278797
2,kcat_75,0.8390849360383894
3,kcat_75,0.6655529482095645
4,kcat_75,0.571559729697129
5,kcat_75,0.48639918689096895
6,kcat_75,0.46723508142824843
7,kcat_75,0.4238430137442607
8,kcat_75,0.34927937129412817
9,kcat_75,0.330897615079238
10,kcat_75,0.3123544281108745
11,kcat_75,0.2769830113404009
12,kcat_75,0.2521534209995847
13,kcat_75,0.2439204429804287
14,kcat_75,0.21579657514130804
15,kcat_75,0.19345144104695838
16,kcat_75,0.19081514892326387
17,kcat_75,0.17775332936350727
18,kcat_75,0.16404263826939575
19,kcat_75,0.15628789524044814
20,kcat_75,0.14435304806414787
21,kcat_75,0.1371251780819882
22,kcat_75,0.1258246664707961
23,kcat_75,0.12081995134063252
24,kcat_75,0.11826083725595239
25,kcat_75,0.10864304017006221
26,kcat_75,0.0975933390998509
27,kcat_75,0.09240582178669925
28,kcat_75,0.08669774475579159
29,kcat_75,0.07884291198321552
30,kcat_75,0.07189919604599185
31,kcat_75,0.06952176366062404
32,kcat_75,0.05972798903233565
33,kcat_75,0.05550252781215486
34,kcat_75,0.04959799846069856
35,kcat_75,0.04316616538908024
36,kcat_75,0.03620739013587862
37,kcat_75,0.03013493568240527
38,kcat_75,0.01928233227243528
39,kcat_75,0.011757762558635374
40,kcat_75,0.0026250013958745854
41,kcat_75,0.0027707774906740993
42,kcat_75,0.001825611631241744
43,kcat_75,0.003141593707038637
44,kcat_75,0.004971652259770463
45,kcat_75,0.011454762641156985
46,kcat_75,0.019597963182366153
47,kcat_75,0.023668761104114637
48,kcat_75,0.024181409689596176
49,kcat_75,0.025474652879166237
0,kcat_76,1.2136630811640599
1,kcat_76,0.9969875471838012
2,kcat_76,0.7594315205637477
3,kcat_76,0.6499348618763674
4,kcat_76,0.5934769511410637
5,kcat_76,0.47976714834770096
6,kcat_76,0.4461177705601919
7,kcat_76,0.41295860274028473
8,kcat_76,0.3153200082265192
9,kcat_76,0.3007423331137973
10,kcat_76,0.3027943848201657
11,kcat_76,0.2874720648218048
12,kcat_76,0.27501927404766835
13,kcat_76,0.26003960662968756
14,kcat_76,0.23221882753364753
15,kcat_76,0.2079804494544066
16,kcat_76,0.19452799524599948
17,kcat_76,0.1738047684219779
18,kcat_76,0.16295740718318288
19,kcat_76,0.15185344469435472
20,kcat_76,0.14206233245891703
21,kcat_76,0.12699740646363591
22,kcat_76,0.11628425955760797
23,kcat_76,0.11614064963750315
24,kcat_76,0.11232765654348494
25,kcat_76,0.1076080947920129
26,kcat_76,0.09534059303096609
27,kcat_76,0.08966645791541035
28,kcat_76,0.08283758905447668
29,kcat_76,0.0798951541222661
30,kcat_76,0.07994599862568029
31,kcat_76,0.07709319143890475
32,kcat_76,0.06513578232518094
33,kcat_76,0.059443838624405936
34,kcat_76,0.04794967353555528
35,kcat_76,0.042529338014267185
36,kcat_76,0.03606160349741197
37,kcat_76,0.032763566924976076
38,kcat_76,0.025400509757850392
39,kcat_76,0.02267536639497692
40,kcat_76,0.016256158767184992
41,kcat_76,0.017013924323428863
42,kcat_76,0.012799141848845558
43,kcat_76,0.007721172003304221
44,kcat_76,0.005007514479116396
45,kcat_76,0.002894673469882147
46,kcat_76,0.00824294577678942
47,kcat_76,0.006309840449637208
48,kcat_76,0.00928620715207764
49,kcat_76,0.012168393984375879
0,kcat_77,1.246405454462944
1,kcat_77,1.1421623790816517
2,kcat_77,0.9056253400511765
3,kcat_77,0.6758659854574757
4,kcat_77,0.5988203389002904
5,kcat_77,0.5228139353514673
6,kcat_77,0.5017741275298577
7,kcat_77,0.4562794029875986
8,kcat_77,0.386841469297621
9,kcat_77,0.3573555945720807
10,kcat_77,0.33546003961696524
11,kcat_77,0.3101588910117887
12,kcat_77,0.3015204428774
13,kcat_77,0.28790825109307777
14,kcat_77,0.265458308013185
15,kcat_77,0.23374628232395658
16,kcat_77,0.21641061264478795
17,kcat_77,0.21423166390361123
18,kcat_77,0.20165975043201087
19,kcat_77,0.2001789872520443
20,kcat_77,0.1912377461293085
21,kcat_77,0.18096396702961517
22,kcat_77,0.16898564090333895
23,kcat_77,0.16824022270283442
24,kcat_77,0.16289456856613532
25,kcat_77,0.153138175823873
26,kcat_77,0.14574905183649836
27,kcat_77,0.14326501811857997
28,kcat_77,0.1395900161887711
29,kcat_77,0.12798265683214677
30,kcat_77,0.11657368468576765
31,kcat_77,0.11079060939889097
32,kcat_77,0.10857992443260572
33,kcat_77,0.10336522361534299
34,kcat_77,0.09863202054533307
35,kcat_77,0.09605130097441492
36,kcat_77,0.08788476325217115
37,kcat_77,0.08589490200233171
38,kcat_77,0.07554900146939403
39,kcat_77,0.06974250926231085
40,kcat_77,0.06930466048682953
41,kcat_77,0.07023619957390817
42,kcat_77,0.05994096881635841
43,kcat_77,0.05211719449703775
44,kcat_77,0.04564830424918623
45,kcat_77,0.037213445589609415
46,kcat_77,0.03535844031164806
47,kcat_77,0.03593792468928501
48,kcat_77,0.02794672014955438
49,kcat_77,0.025985398626063246
0,kcat_78,1.21680528621893
1,kcat_78,1.111937191087129
2,kcat_78,0.8842885277899034
3,kcat_78,0.7127226994549275
4,kcat_78,0.6351174761728758
5,kcat_78,0.5493621717871526
6,kcat_78,0.504864435611801
7,kcat_78,0.4516091118347463
8,kcat_78,0.38896778744890165
9,kcat_78,0.3625557309169814
10,kcat_78,0.34198419343057124
11,kcat_78,0.314613558223318
12,kcat_78,0.2951875085504047
13,kcat_78,0.2789065369678106
14,kcat_78,0.24749757028848998
15,kcat_78,0.22502304032672818
16,kcat_78,0.1999871320450567
17,kcat_78,0.19959920477480372
18,kcat_78,0.18967122694469232
19,kcat_78,0.18791318359775264
20,kcat_78,0.15449162014606094
21,kcat_78,0.14236604575951078
22,kcat_78,0.12855315909207848
23,kcat_78,0.12760072171535297
24,kcat_78,0.12359327012557633
25,kcat_78,0.11019260028256593
26,kcat_78,0.09864273531540345
27,kcat_78,0.09584907378819826
28,kcat_78,0.09065710697270464
29,kcat_78,0.07589062095996729
30,kcat_78,0.0684964911430434
31,kcat_78,0.06346754374616019
32,kcat_78,0.06171177513343756
33,kcat_78,0.05620999518425199
34,kcat_78,0.046779154521118034
35,kcat_78,0.040715119591966324
36,kcat_78,0.033595477038276214
37,kcat_78,0.030521499535562418
38,kcat_78,0.020954020646354547
39,kcat_78,0.012710094693455729
40,kcat_78,0.0030358396630917866
41,kcat_78,0.0006249644392214292
42,kcat_78,0.0038446477160580463
43,kcat_78,0.013095076321855378
44,kcat_78,0.016102049214639914
45,kcat_78,0.023672391026221932
46,kcat_78,0.026084576604866135
47,kcat_78,0.031308237360742425
48,kcat_78,0.03262163858618599
49,kcat_78,0.03813921548353823
0,kcat_79,1.2611053040992337
1,kcat_79,1.026888539090469
2,kcat_79,0.811750479467985
3,kcat_79,0.7132186020628213
4,kcat_79,0.6599513209483852
5,kcat_79,0.5885870839715359
6,kcat_79,0.5328028076736253
7,kcat_79,0.4969179877019912
8,kcat_79,0.43119280414540795
9,kcat_79,0.40338360272817236
10,kcat_79,0.3761680008712378
11,kcat_79,0.33654519087450113
12,kcat_79,0.3282944026916775
13,kcat_79,0.3126969560584927
14,kcat_79,0.2972958716362418
15,kcat_79,0.2657311323593324
16,kcat_79,0.24990429270452993
17,kcat_79,0.23455275250297972
18,kcat_79,0.2100055632303919
19,kcat_79,0.20299730157741847
20,kcat_79,0.1734172713636939
21,kcat_79,0.16528292422981178
22,kcat_79,0.15187187131607893
23,kcat_79,0.15007140739435418
24,kcat_79,0.1517328225603559
25,kcat_79,0.14129981853838955
26,kcat_79,0.1314971753758322
27,kcat_79,0.12401284248427469
28,kcat_79,0.12291623052500592
29,kcat_79,0.11094752400608586
30,kcat_79,0.10595960641383297
31,kcat_79,0.1030172374403448
32,kcat_79,0.1002976944789219
33,kcat_79,0.09855207838401067
34,kcat_79,0.09155978745391394
35,kcat_79,0.08813587519449724
36,kcat_79,0.08190478318455509
37,kcat_79,0.07899230712998104
38,kcat_79,0.07151696824382178
39,kcat_79,0.06583468057563291
40,kcat_79,0.06151673244791221
41,kcat_79,0.06348701929351516
42,kcat_79,0.05181596521458383
43,kcat_79,0.04627398119875444
44,kcat_79,0.04604003408157708
45,kcat_79,0.04622290378277081
46,kcat_79,0.03842595314299378
47,kcat_79,0.034484536976813356
48,kcat_79,0.026471429208991166
49,kcat_79,0.026971063043905317
0,kcat_80,1.1188608340915933
1,kcat_80,0.9690788703461899
2,kcat_80,0.7923459107834913
3,kcat_80,0.6748286896475467
4,kcat_80,0.5974034439952988
5,kcat_80,0.5311428611972706
6,kcat_80,0.5001401418732032
7,kcat_80,0.43596048052037484
8,kcat_80,0.3911288793688703
9,kcat_80,0.36743339838501077
10,kcat_80,0.36123536012198154
11,kcat_80,0.3264018929620382
12,kcat_80,0.3188703983336784
13,kcat_80,0.3129412412456191
14,kcat_80,0.2848245851841875
15,kcat_80,0.25425418489617396
16,kcat_80,0.23050149508825168
17,kcat_80,0.22889007723133165
18,kcat_80,0.21487830974167885
19,kcat_80,0.20812337313269963
20,kcat_80,0.20033953788196235
21,kcat_80,0.19131691858415156
22,kcat_80,0.16562895991768112
23,kcat_80,0.1605361756341154
24,kcat_80,0.15401389436486038
25,kcat_80,0.15135800834875532
26,kcat_80,0.13403119352129056
27,kcat_80,0.13288978581962976
28,kcat_80,0.1295375613053439
29,kcat_80,0.12479200747717546
30,kcat_80,0.11690213569853512
31,kcat_80,0.11347109494443144
32,kcat_80,0.10097614202268608
33,kcat_80,0.09630297630685668
34,kcat_80,0.08048390277196979
35,kcat_80,0.0723777167885752
36,kcat_80,0.06155439999759469
37,kcat_80,0.05442018427536042
38,kcat_80,0.04575581993269906
39,kcat_80,0.03970130873808494
40,kcat_80,0.03351155105776223
41,kcat_80,0.03762560350317656
42,kcat_80,0.02885152369611317
43,kcat_80,0.011316116461804311
44,kcat_80,0.004350041552795405
45,kcat_80,0.005859300865341467
46,kcat_80,0.011048836610018853
47,kcat_80,0.012612597201567112
48,kcat_80,0.02068722223731011
49,kcat_80,0.02309840115536823
0,kcat_81,1.1026664172507508
1,kcat_81,1.0140745170336205
2,kcat_81,0.8004502069207202
3,kcat_81,0.6487314813713163
4,kcat_81,0.5825651802086436
5,kcat_81,0.5188551103585729
6,kcat_81,0.45965974220870115
7,kcat_81,0.42471511212427604
8,kcat_81,0.3432550704567159
9,kcat_81,0.32683949975814236
10,kcat_81,0.3164072529533109
11,kcat_81,0.3037778462957048
12,kcat_81,0.29084150247042684
13,kcat_81,0.2917037416347692
14,kcat_81,0.2678438790812534
15,kcat_81,0.23062524659851574
16,kcat_81,0.21775019307261015
17,kcat_81,0.19791772962562115
18,kcat_81,0.18618450283982899
19,kcat_81,0.17788236690557865
20,kcat_81,0.15990138838102472
21,kcat_81,0.1502219079516478
22,kcat_81,0.139912789195308
23,kcat_81,0.13798138096199228
24,kcat_81,0.12693739020438025
25,kcat_81,0.1257261347856688
26,kcat_81,0.1178429189252222
27,kcat_81,0.10781506202165649
28,kcat_81,0.10373406534939263
29,kcat_81,0.09568631565020154
30,kcat_81,0.09280709741319232
31,kcat_81,0.0805760232702854
32,kcat_81,0.0775217849207078
33,kcat_81,0.06557098500252857
34,kcat_81,0.050670160676688836
35,kcat_81,0.04738028213229839
36,kcat_81,0.04514654335951782
37,kcat_81,0.04032020623348982
38,kcat_81,0.029367141740170154
39,kcat_81,0.026740208768205452
40,kcat_81,0.023725527731501952
41,kcat_81,0.02403108054870939
42,kcat_81,0.022262074077253776
43,kcat_81,0.0209001921494288
44,kcat_81,0.01795232134834282
45,kcat_81,0.01352412878555108
46,kcat_81,0.005838346677809712
47,kcat_81,0.003846216140676516
48,kcat_81,0.00231972580660057
49,kcat_81,0.0025141246856413575
0,kcat_82,1.0396029331138943
1,kcat_82,0.9866408956654628
2,kcat_82,0.8365881233896169
3,kcat_82,0.6547605340756509
4,kcat_82,0.6033419858928205
5,kcat_82,0.5382431864203446
6,kcat_82,0.5195930715457272
7,kcat_82,0.4431558879690988
8,kcat_82,0.3763983726825667
9,kcat_82,0.35491167161194237
10,kcat_82,0.34148772040655995
11,kcat_82,0.3169582705044297
12,kcat_82,0.3040877097047774
13,kcat_82,0.2873377703981086
14,kcat_82,0.2505490168375954
15,kcat_82,0.21795552735619833
16,kcat_82,0.1987408199654525
17,kcat_82,0.19082019306884898
18,kcat_82,0.1751448548377486
19,kcat_82,0.16716163143093574
20,kcat_82,0.1408487061902246
21,kcat_82,0.13107455262707582
22,kcat_82,0.12090248296433713
23,kcat_82,0.11972109137980058
24,kcat_82,0.12039641366931021
25,kcat_82,0.12249224730927931
26,kcat_82,0.11109415341042289
27,kcat_82,0.10663289396289073
28,kcat_82,0.10729467173831952
29,kcat_82,0.09980198231962238
30,kcat_82,0.09114016750989488
31,kcat_82,0.08065628204540755
32,kcat_82,0.07623602998949766
33,kcat_82,0.06746439551024125
34,kcat_82,0.055669881301893584
35,kcat_82,0.04474603906492855
36,kcat_82,0.03454495364976758
37,kcat_82,0.03300533972796064
38,kcat_82,0.025673221335298372
39,kcat_82,0.020858338602522685
40,kcat_82,0.009954377010955941
41,kcat_82,0.00505263501114979
42,kcat_82,0.005391496252591
43,kcat_82,0.009953434004035602
44,kcat_82,0.01200873019551521
45,kcat_82,0.018019397781892817
46,kcat_82,0.02656947339547909
47,kcat_82,0.029807853037708415
48,kcat_82,0.03467699072774207
49,kcat_82,0.03458172606658715
0,kcat_83,0.6505721432231963
1,kcat_83,0.6034275503889274
2,kcat_83,0.5490030472954959
3,kcat_83,0.460999476743177
4,kcat_83,0.41377296352855397
5,kcat_83,0.37813203225825837
6,kcat_83,0.3661287071946618
7,kcat_83,0.32962401433665034
8,kcat_83,0.29118257736545233
9,kcat_83,0.286374695960942
10,kcat_83,0.2662947398986359
11,kcat_83,0.2509062510271374
12,kcat_83,0.24851199030912177
13,kcat_83,0.24166168004385863
14,kcat_83,0.22744030211388866
15,kcat_83,0.2015960122946221
16,kcat_83,0.18958841048066233
17,kcat_83,0.18153477557732065
18,kcat_83,0.15292217511194242
19,kcat_83,0.14909315747687538
20,kcat_83,0.12842612101113987
21,kcat_83,0.11288120304834685
22,kcat_83,0.10601351708634661
23,kcat_83,0.10566011172279752
24,kcat_83,0.09521369579268174
25,kcat_83,0.08735931618975572
26,kcat_83,0.08166875969473843
27,kcat_83,0.07834783480691047
28,kcat_83,0.0693503544502797
29,kcat_83,0.06882245515346153
30,kcat_83,0.05997099505914134
31,kcat_83,0.05499876094800658
32,kcat_83,0.0455466331715891
33,kcat_83,0.03854283008999366
34,kcat_83,0.028541904810556424
35,kcat_83,0.02382568035873855
36,kcat_83,0.015121472338220898
37,kcat_83,0.009974374339623771
38,kcat_83,0.007677126064690301
39,kcat_83,0.002717662926300922
40,kcat_83,0.009841854367059885
41,kcat_83,0.010293947077653178
42,kcat_83,0.01757462177752651
43,kcat_83,0.02396385216695435
44,kcat_83,0.028683447808581102
45,kcat_83,0.03634505836336124
46,kcat_83,0.04015395159709586
47,kcat_83,0.04317312369062729
48,kcat_83,0.04739895830779532
49,kcat_83,0.04719412130056555
0,kcat_84,0.6050045052296088
1,kcat_84,0.5580412364674058
2,kcat_84,0.4724683179285889
3,kcat_84,0.39200179934534307
4,kcat_84,0.3488652808324106
5,kcat_84,0.31116284031736324
6,kcat_84,0.29268860723995294
7,kcat_84,0.26997680139747965
8,kcat_84,0.22122777731665078
9,kcat_84,0.2207537826947392
10,kcat_84,0.21688098436929604
11,kcat_84,0.19189739255751254
12,kcat_84,0.18596941104118103
13,kcat_84,0.1728467004967631
14,kcat_84,0.1740474550789111
15,kcat_84,0.14752695586143533
16,kcat_84,0.14571880289047312
17,kcat_84,0.13468292516805636
18,kcat_84,0.12023230031769146
19,kcat_84,0.11628689684033351
20,kcat_84,0.09549774552158316
21,kcat_84,0.08975506366580596
22,kcat_84,0.07325193460845912
23,kcat_84,0.0686955078587837
24,kcat_84,0.06310118336913627
25,kcat_84,0.05619332571272803
26,kcat_84,0.05881444149739472
27,kcat_84,0.05443635522444507
28,kcat_84,0.04965629406347129
29,kcat_84,0.042928204481167874
30,kcat_84,0.03513115309301848
31,kcat_84,0.034305651975490764
32,kcat_84,0.021899123996381907
33,kcat_84,0.015181231271796129
34,kcat_84,0.009173469941529231
35,kcat_84,0.0016843101285538404
36,kcat_84,0.00563468783918652
37,kcat_84,0.003939978171055471
38,kcat_84,0.005822486993676931
39,kcat_84,0.010425179974542544
40,kcat_84,0.017621261874948592
41,kcat_84,0.017219797335659967
42,kcat_84,0.02026000945765413
43,kcat_84,0.027375511564776214
44,kcat_84,0.03036831598509691
45,kcat_84,0.035479602596728235
46,kcat_84,0.038087831308731356
47,kcat_84,0.0394476983546745
48,kcat_84,0.042967666510348154
49,kcat_84,0.04450916277240124
0,kcat_85,1.2802108965487826
1,kcat_85,1.1957728835792323
2,kcat_85,0.9165321441941133
3,kcat_85,0.7827713735402675
4,kcat_85,0.6806409975507315
5,kcat_85,0.5270101864859081
6,kcat_85,0.490996354316705
7,kcat_85,0.43970828558619296
8,kcat_85,0.399498124852753
9,kcat_85,0.37797223287989545
10,kcat_85,0.3541047332746652
11,kcat_85,0.3311017391900343
12,kcat_85,0.3226585350503627
13,kcat_85,0.3072117951607096
14,kcat_85,0.29612986817900616
15,kcat_85,0.27133171950144114
16,kcat_85,0.25987745181262184
17,kcat_85,0.2349384985426698
18,kcat_85,0.214778104633258
19,kcat_85,0.20792271091184034
20,kcat_85,0.1896770457384768
21,kcat_85,0.17408411692845857
22,kcat_85,0.15235194235419974
23,kcat_85,0.14986644550954892
24,kcat_85,0.14507366436783775
25,kcat_85,0.1349306686898693
26,kcat_85,0.13010953049804394
27,kcat_85,0.12755065867098667
28,kcat_85,0.11729048407695523
29,kcat_85,0.09997543885216728
30,kcat_85,0.0926585738186204
31,kcat_85,0.08844521926599216
32,kcat_85,0.08210597436549917
33,kcat_85,0.0762643873399406
34,kcat_85,0.06675643516412459
35,kcat_85,0.06303530090687759
36,kcat_85,0.05578298300864918
37,kcat_85,0.04919726064591651
38,kcat_85,0.040948752625162656
39,kcat_85,0.03287037363855653
40,kcat_85,0.025877154096394198
41,kcat_85,0.02316857831494087
42,kcat_85,0.018158256552519604
43,kcat_85,0.0016564821877884492
44,kcat_85,0.0003939834074603484
45,kcat_85,0.003865916900843507
46,kcat_85,0.011752398823409803
47,kcat_85,0.015985491775713324
48,kcat_85,0.020111894165761368
49,kcat_85,0.024719612714626128
0,kcat_86,1.3185542667717782
1,kcat_86,1.054775916635481
2,kcat_86,0.7941679340658208
3,kcat_86,0.6461456060358658
4,kcat_86,0.5847516015486847
5,kcat_86,0.5151455425543789
6,kcat_86,0.47078582632434385
7,kcat_86,0.4086931359025416
8,kcat_86,0.33293193378448727
9,kcat_86,0.31220181472170494
10,kcat_86,0.2917882151704394
11,kcat_86,0.2562771758119725
12,kcat_86,0.23851254922662096
13,kcat_86,0.235959406068527
14,kcat_86,0.2159727561722126
15,kcat_86,0.18845119249979866
16,kcat_86,0.17929442942070223
17,kcat_86,0.16695493791963742
18,kcat_86,0.15285155805556674
19,kcat_86,0.14607190879609272
20,kcat_86,0.1328950130886979
21,kcat_86,0.12376331023559962
22,kcat_86,0.11537228252227184
23,kcat_86,0.11340625042464404
24,kcat_86,0.11190901735424073
25,kcat_86,0.10372502960010188
26,kcat_86,0.08304627281257718
27,kcat_86,0.08026589401290544
28,kcat_86,0.08144368260806788
29,kcat_86,0.07267858307483473
30,kcat_86,0.06618382744555837
31,kcat_86,0.06887901022024043
32,kcat_86,0.06445982773585743
33,kcat_86,0.05952785174329046
34,kcat_86,0.060464817339180875
35,kcat_86,0.0576699404725206
36,kcat_86,0.048203504638765715
37,kcat_86,0.04397671171692481
38,kcat_86,0.037152753486164036
39,kcat_86,0.03500899156254066
40,kcat_86,0.02734521512904358
41,kcat_86,0.024168724810998722
42,kcat_86,0.022853194337495712
43,kcat_86,0.01301976183631707
44,kcat_86,0.009558441137726983
45,kcat_86,0.006262181524867859
46,kcat_86,0.006288324343168485
47,kcat_86,0.005862601077885377
48,kcat_86,0.010337868565469536
49,kcat_86,0.012466797460186403
0,kcat_87,1.1900818668653048
1,kcat_87,1.0111230154077986
2,kcat_87,0.8683307860109416
3,kcat_87,0.6913351460315025
4,kcat_87,0.6161655878044514
5,kcat_87,0.5546503680217402
6,kcat_87,0.5070032677696383
7,kcat_87,0.4519532673381485
8,kcat_87,0.37936595065853557
9,kcat_87,0.3681561493885656
10,kcat_87,0.3512981787588211
11,kcat_87,0.3263611927378046
12,kcat_87,0.30635094418669834
13,kcat_87,0.29950263545327604
14,kcat_87,0.2653614137588051
15,kcat_87,0.22362762529771518
16,kcat_87,0.21305381783980865
17,kcat_87,0.19980685511551663
18,kcat_87,0.19203802818737453
19,kcat_87,0.18628082032695345
20,kcat_87,0.15828282582135383
21,kcat_87,0.14674067924850204
22,kcat_87,0.13755115182807184
23,kcat_87,0.13253055047960052
24,kcat_87,0.12075804924918088
25,kcat_87,0.11967891471167359
26,kcat_87,0.11389267755768637
27,kcat_87,0.10880342812157569
28,kcat_87,0.10373068768241032
29,kcat_87,0.10127438224022157
30,kcat_87,0.08609172683622583
31,kcat_87,0.08229422997307284
32,kcat_87,0.08019454451051529
33,kcat_87,0.07888947580933099
34,kcat_87,0.0800443910932833
35,kcat_87,0.0799403372242595
36,kcat_87,0.07799085180973245
37,kcat_87,0.06842907769785196
38,kcat_87,0.0642727580572067
39,kcat_87,0.061086781634951536
40,kcat_87,0.06566698120887965
41,kcat_87,0.06915991962036168
42,kcat_87,0.06508887290957138
43,kcat_87,0.05416237105412017
44,kcat_87,0.04863393090290081
45,kcat_87,0.0395473942959668
46,kcat_87,0.02868700852990342
47,kcat_87,0.025446603444883618
48,kcat_87,0.0240986069235117
49,kcat_87,0.02446888443122846
0,kcat_88,0.24217149235476368
1,kcat_88,0.23161026026463336
2,kcat_88,0.21086917103350153
3,kcat_88,0.18320241431762377
4,kcat_88,0.17400192167599482
5,kcat_88,0.1568604476131983
6,kcat_88,0.15340631325924928
7,kcat_88,0.12843647181713735
8,kcat_88,0.12275445112982465
9,kcat_88,0.11852157573852784
10,kcat_88,0.11692004379439475
11,kcat_88,0.1033099002428016
12,kcat_88,0.10593644037503647
13,kcat_88,0.097647159603446
14,kcat_88,0.07668073219016197
15,kcat_88,0.07523691025103107
16,kcat_88,0.06343735529208283
17,kcat_88,0.05572012912644635
18,kcat_88,0.053623633798348835
19,kcat_88,0.05170500188056622
20,kcat_88,0.04478789785633253
21,kcat_88,0.03844592129401578
22,kcat_88,0.030392211751194387
23,kcat_88,0.028365693302217755
24,kcat_88,0.026573157884037153
25,kcat_88,0.024923566181250956
26,kcat_88,0.0237631027669771
27,kcat_88,0.02274205799591718
28,kcat_88,0.01891688150290878
29,kcat_88,0.022669636758242646
30,kcat_88,0.011283652597959127
31,kcat_88,0.011836811363505544
32,kcat_88,0.00026355998743818543
33,kcat_88,0.0025914798034314757
34,kcat_88,0.014197348613410342
35,kcat_88,0.013765786876185467
36,kcat_88,0.016188772930455304
37,kcat_88,0.017076001690411097
38,kcat_88,0.02724839291231483
39,kcat_88,0.03439090537258254
40,kcat_88,0.03685693851451851
41,kcat_88,0.03818980890546224
42,kcat_88,0.04004620606630806
43,kcat_88,0.04567142004371505
44,kcat_88,0.04592130877602848
45,kcat_88,0.04839318675674306
46,kcat_88,0.05553066296480701
47,kcat_88,0.05851055541797926
48,kcat_88,0.061438434005515866
49,kcat_88,0.062465264004194915
0,kcat_89,0.48748054022899273
1,kcat_89,0.4582681204679309
2,kcat_89,0.4030440580951234
3,kcat_89,0.350616221448446
4,kcat_89,0.3212430693074965
5,kcat_89,0.2979781455732906
6,kcat_89,0.2865777094902941
7,kcat_89,0.26832006310506523
8,kcat_89,0.23262618077703756
9,kcat_89,0.220645972746518
10,kcat_89,0.20830910525780852
11,kcat_89,0.19359856579548013
12,kcat_89,0.18689757740967844
13,kcat_89,0.17940991943037873
14,kcat_89,0.15031941077525007
15,kcat_89,0.1274766421284728
16,kcat_89,0.1182522636462859
17,kcat_89,0.10456081278050264
18,kcat_89,0.09407787375258589
19,kcat_89,0.08866887880023976
20,kcat_89,0.07701761498438904
21,kcat_89,0.07245595904065778
22,kcat_89,0.06954858979106285
23,kcat_89,0.06512409190976341
24,kcat_89,0.06662724311618472
25,kcat_89,0.060813222312900476
26,kcat_89,0.04214233706049065
27,kcat_89,0.03948976797037578
28,kcat_89,0.03637107142420222
29,kcat_89,0.026137855588670766
30,kcat_89,0.020139840687027965
31,kcat_89,0.020852319965158073
32,kcat_89,0.014150456652955752
33,kcat_89,0.008533055938317395
34,kcat_89,0.0010417462407850912
35,kcat_89,0.0024770554249645047
36,kcat_89,0.01018094601509295
37,kcat_89,0.01117302954166474
38,kcat_89,0.02166385137826104
39,kcat_89,0.024742705225913052
40,kcat_89,0.02784868942896605
41,kcat_89,0.028669135871939616
42,kcat_89,0.03107769762182069
43,kcat_89,0.03479335704972344
44,kcat_89,0.035443983995783454
45,kcat_89,0.04563032662984427
46,kcat_89,0.05134433112871856
47,kcat_89,0.05258119493312732
48,kcat_89,0.0545017744091089
49,kcat_89,0.05504089299887646
0,kcat_90,0.3724194231385546
1,kcat_90,0.34769752571986856
2,kcat_90,0.30440864178254
3,kcat_90,0.27125847755376137
4,kcat_90,0.23657355774193894
5,kcat_90,0.2233338159129315
6,kcat_90,0.21502692363760223
7,kcat_90,0.19713191793316448
8,kcat_90,0.174645171600035
9,kcat_90,0.16257177184304936
10,kcat_90,0.15365842103527802
11,kcat_90,0.12720123397918565
12,kcat_90,0.11848115549026941
13,kcat_90,0.1110180200531168
14,kcat_90,0.1024430103452327
15,kcat_90,0.09429714345631696
16,kcat_90,0.09546633447725822
17,kcat_90,0.09736328318471521
18,kcat_90,0.08452474840027431
19,kcat_90,0.07959494772127924
20,kcat_90,0.06244542046859248
21,kcat_90,0.058884620847878016
22,kcat_90,0.047202850275774165
23,kcat_90,0.04670497116244987
24,kcat_90,0.04314823970141001
25,kcat_90,0.042082888570100126
26,kcat_90,0.031269565381210514
27,kcat_90,0.030434985975550128
28,kcat_90,0.025317279967167292
29,kcat_90,0.017182756459788957
30,kcat_90,0.012973210003821093
31,kcat_90,0.01141551424366842
32,kcat_90,0.002896028455319562
33,kcat_90,0.009407026365111364
34,kcat_90,0.012030509234938572
35,kcat_90,0.014950740911366079
36,kcat_90,0.025986073452989995
37,kcat_90,0.03050598345915508
38,kcat_90,0.04172586844343629
39,kcat_90,0.048400040774300504
40,kcat_90,0.05482787306840928
41,kcat_90,0.054928300899640466
42,kcat_90,0.05664935439280096
43,kcat_90,0.05846463049869204
44,kcat_90,0.0646914202854048
45,kcat_90,0.0694890689986339
46,kcat_90,0.0733042199055505
47,kcat_90,0.07229815882074771
48,kcat_90,0.07740022832428874
49,kcat_90,0.07633862483536762
0,kcat_91,1.066783467111006
1,kcat_91,0.9676180766325833
2,kcat_91,0.7963970841078617
3,kcat_91,0.6890149949121218
4,kcat_91,0.6114239957466776
5,kcat_91,0.5160574772777308
6,kcat_91,0.4880128317634072
7,kcat_91,0.45966225922409687
8,kcat_91,0.4051106901322253
9,kcat_91,0.3670473002168967
10,kcat_91,0.32824591938735903
11,kcat_91,0.30251878319263426
12,kcat_91,0.2789640555448781
13,kcat_91,0.2679029918094901
14,kcat_91,0.25323656008065304
15,kcat_91,0.230667158949369
16,kcat_91,0.22521244478650304
17,kcat_91,0.22005026851109144
18,kcat_91,0.20249476422380458
19,kcat_91,0.19729710840970063
20,kcat_91,0.16962375043429864
21,kcat_91,0.1647131518930218
22,kcat_91,0.1456340710065171
23,kcat_91,0.14111794970205874
24,kcat_91,0.13724070505271327
25,kcat_91,0.1308816273556525
26,kcat_91,0.11037394102232823
27,kcat_91,0.110098856506902
28,kcat_91,0.10612541905826231
29,kcat_91,0.09800014640274524
30,kcat_91,0.095034470851886
31,kcat_91,0.08328789097191719
32,kcat_91,0.07521349825232607
33,kcat_91,0.06930747700875761
34,kcat_91,0.06631984242868867
35,kcat_91,0.058061970271085124
36,kcat_91,0.05442605601308121
37,kcat_91,0.04968365506398104
38,kcat_91,0.04211144738919727
39,kcat_91,0.031200446602676325
40,kcat_91,0.02629611296443251
41,kcat_91,0.024385050963336218
42,kcat_91,0.01591550011005587
43,kcat_91,0.008328649662623542
44,kcat_91,0.007201360937818294
45,kcat_91,0.0007484277118069229
46,kcat_91,0.0028269677019322945
47,kcat_91,0.005673006530866457
48,kcat_91,0.002395367255428136
49,kcat_91,0.003456946803129122
0,kcat_92,1.1187558006832419
1,kcat_92,1.0402299772892387
2,kcat_92,0.843560523076899
3,kcat_92,0.6960717540121691
4,kcat_92,0.6289224273223525
5,kcat_92,0.4749953353539815
6,kcat_92,0.4351818256897535
7,kcat_92,0.36576439360923535
8,kcat_92,0.30258202649625293
9,kcat_92,0.29366257984847227
10,kcat_92,0.2634185708637214
11,kcat_92,0.24395416375681386
12,kcat_92,0.23207679263741995
13,kcat_92,0.23284943055410276
14,kcat_92,0.22450331437337318
15,kcat_92,0.1821150465673678
16,kcat_92,0.16772544659307656
17,kcat_92,0.16134141673521266
18,kcat_92,0.15205199481516352
19,kcat_92,0.13882392558982237
20,kcat_92,0.1048073357645789
21,kcat_92,0.08883434531528485
22,kcat_92,0.07219364843484447
23,kcat_92,0.07047926989715525
24,kcat_92,0.06989185446689021
25,kcat_92,0.06835474771130731
26,kcat_92,0.05685406613420504
27,kcat_92,0.05415056412719109
28,kcat_92,0.05505687646923026
29,kcat_92,0.048234156790267775
30,kcat_92,0.04437854298298974
31,kcat_92,0.04016883210528845
32,kcat_92,0.03284243872496347
33,kcat_92,0.031861156459528486
34,kcat_92,0.02698831276322044
35,kcat_92,0.024018944739320088
36,kcat_92,0.021086129200275597
37,kcat_92,0.01708832729792181
38,kcat_92,0.004938762777931898
39,kcat_92,0.0009389397177656815
40,kcat_92,0.004730262317218857
41,kcat_92,0.004817926755593812
42,kcat_92,0.008184617569939698
43,kcat_92,0.0027952456348054413
44,kcat_92,0.0039021719090139347
45,kcat_92,0.008927040611519383
46,kcat_92,0.02016796044431777
47,kcat_92,0.020403565756435635
48,kcat_92,0.021249589180655313
49,kcat_92,0.023798544395399513
0,kcat_93,1.1938820228505742
1,kcat_93,1.10151940920045
2,kcat_93,0.953846049101218
3,kcat_93,0.8068510498644066
4,kcat_93,0.7203634483689281
5,kcat_93,0.6078224120528118
6,kcat_93,0.5714156644817571
7,kcat_93,0.5044094336970868
8,kcat_93,0.40047592363094436
9,kcat_93,0.39176284451041654
10,kcat_93,0.3675011810396936
11,kcat_93,0.3117719685773107
12,kcat_93,0.29325399421303244
13,kcat_93,0.2816627444482746
14,kcat_93,0.2549521562882318
15,kcat_93,0.23960652212244496
16,kcat_93,0.23414681187903724
17,kcat_93,0.22623931107164397
18,kcat_93,0.21916850244139383
19,kcat_93,0.21283976294190424
20,kcat_93,0.19585209836203638
21,kcat_93,0.18487676302470216
22,kcat_93,0.1697963341566825
23,kcat_93,0.1689299526949068
24,kcat_93,0.15868586148910496
25,kcat_93,0.16849649922489496
26,kcat_93,0.14591872912442025
27,kcat_93,0.14149864097083562
28,kcat_93,0.13870041085732937
29,kcat_93,0.1331666694710598
30,kcat_93,0.11311636411903687
31,kcat_93,0.10890505664996253
32,kcat_93,0.1142044458605386
33,kcat_93,0.09461855575854208
34,kcat_93,0.08936459354600959
35,kcat_93,0.08230661217519741
36,kcat_93,0.0778054405686541
37,kcat_93,0.07480572382833042
38,kcat_93,0.06688647532371356
39,kcat_93,0.06445270649570128
40,kcat_93,0.054330518392241935
41,kcat_93,0.055181314265641254
42,kcat_93,0.0448949746281305
43,kcat_93,0.039665119263269155
44,kcat_93,0.03683789359853953
45,kcat_93,0.029109197128394104
46,kcat_93,0.018021595968756233
47,kcat_93,0.01654640536245228
48,kcat_93,0.008981715816431021
49,kcat_93,0.004292976116204556
0,kcat_94,0.8812726675765308
1,kcat_94,0.812185770890102
2,kcat_94,0.6717190670165089
3,kcat_94,0.5646276299547311
4,kcat_94,0.5111095225186915
5,kcat_94,0.44487120874919955
6,kcat_94,0.41968813734735416
7,kcat_94,0.3863896681885841
8,kcat_94,0.3298620278383769
9,kcat_94,0.3247745025793552
10,kcat_94,0.3112896529526025
11,kcat_94,0.290255474644115
12,kcat_94,0.2773690958752389
13,kcat_94,0.2717451779773229
14,kcat_94,0.2614126854162274
15,kcat_94,0.23494854750088975
16,kcat_94,0.2219386345527345
17,kcat_94,0.2067460221596022
18,kcat_94,0.19225664477024185
19,kcat_94,0.18460125575810918
20,kcat_94,0.16848510157028695
21,kcat_94,0.17152019389053347
22,kcat_94,0.1623586942508282
23,kcat_94,0.16057929066337057
24,kcat_94,0.1505339952416686
25,kcat_94,0.14743685816145571
26,kcat_94,0.1222780581520739
27,kcat_94,0.1167254352328885
28,kcat_94,0.10917509150124222
29,kcat_94,0.09990757013779478
30,kcat_94,0.08623149123161286
31,kcat_94,0.08304289330380049
32,kcat_94,0.0867989762334934
33,kcat_94,0.08849553730570685
34,kcat_94,0.08155113032737261
35,kcat_94,0.07679874267635636
36,kcat_94,0.06432860286181716
37,kcat_94,0.062362284771166225
38,kcat_94,0.04776570756466821
39,kcat_94,0.04120680204048349
40,kcat_94,0.03850428709847909
41,kcat_94,0.03894372808686265
42,kcat_94,0.038536442250037176
43,kcat_94,0.03606271773712078
44,kcat_94,0.025909964390685488
45,kcat_94,0.022257130654143018
46,kcat_94,0.007697698881237712
47,kcat_94,0.006068253267746282
48,kcat_94,0.0013197764838262683
49,kcat_94,0.0016403862101803549
0,kcat_95,0.6037923613158077
1,kcat_95,0.5511483443756338
2,kcat_95,0.46840543339362833
3,kcat_95,0.422475508358755
4,kcat_95,0.3814408344506933
5,kcat_95,0.3430182685223648
6,kcat_95,0.3229371458004382
7,kcat_95,0.30117842132147044
8,kcat_95,0.23577597986609508
9,kcat_95,0.21927754605836494
10,kcat_95,0.20722279697476495
11,kcat_95,0.1875190095371932
12,kcat_95,0.16914643386765787
13,kcat_95,0.16740573668870307
14,kcat_95,0.15761695057881744
15,kcat_95,0.14545914361748044
16,kcat_95,0.13136585106953605
17,kcat_95,0.12170300528080402
18,kcat_95,0.11135667540867668
19,kcat_95,0.11087361919664727
20,kcat_95,0.09895613224432674
21,kcat_95,0.08927590819079675
22,kcat_95,0.08547781605464994
23,kcat_95,0.07900294290584417
24,kcat_95,0.07824164446803149
25,kcat_95,0.07362199658080194
26,kcat_95,0.0630822748040305
27,kcat_95,0.06245712178252647
28,kcat_95,0.05810834649507551
29,kcat_95,0.052480673863474124
30,kcat_95,0.05058026972704401
31,kcat_95,0.0490666645965472
32,kcat_95,0.04200260930299596
33,kcat_95,0.03948595456687341
34,kcat_95,0.028872199118153457
35,kcat_95,0.025150092785555613
36,kcat_95,0.022894725900312347
37,kcat_95,0.020754488380356553
38,kcat_95,0.018431387837882493
39,kcat_95,0.015980301421988686
40,kcat_95,0.009357875085893086
41,kcat_95,0.006720025981080824
42,kcat_95,0.000707741011855719
43,kcat_95,0.0015828697411900835
44,kcat_95,0.0014815094906935825
45,kcat_95,0.006160496478228533
46,kcat_95,0.007096521887402237
47,kcat_95,0.008994297888274974
48,kcat_95,0.012044997912504853
49,kcat_95,0.013702381157222922
0,kcat_96,0.44615958075888534
1,kcat_96,0.42152465026393726
2,kcat_96,0.3466013353350207
3,kcat_96,0.3123102185113333
4,kcat_96,0.28467662119730924
5,kcat_96,0.24497847177348941
6,kcat_96,0.22408976379259155
7,kcat_96,0.20410749702439465
8,kcat_96,0.18523342446395502
9,kcat_96,0.1796637279206963
10,kcat_96,0.17167190861081333
11,kcat_96,0.1592181807931109
12,kcat_96,0.14948209699985887
13,kcat_96,0.14595295279111387
14,kcat_96,0.1222682078483108
15,kcat_96,0.10152219791185083
16,kcat_96,0.09076783479834877
17,kcat_96,0.08091982149820445
18,kcat_96,0.0760698397730916
19,kcat_96,0.07338512737321265
20,kcat_96,0.05797029379615823
21,kcat_96,0.046811613615028225
22,kcat_96,0.03710580728939518
23,kcat_96,0.03389408090973113
24,kcat_96,0.02882691744647216
25,kcat_96,0.024584666207885693
26,kcat_96,0.019764055037831862
27,kcat_96,0.015147885029883517
28,kcat_96,0.012999961971488037
29,kcat_96,0.004206071397944012
30,kcat_96,0.0014881361179235933
31,kcat_96,0.0019472773179274885
32,kcat_96,0.007120455475987651
33,kcat_96,0.0161845347197042
34,kcat_96,0.02495299120534136
35,kcat_96,0.03337935240811813
36,kcat_96,0.03610094747838972
37,kcat_96,0.040383558249320904
38,kcat_96,0.043003390005492866
39,kcat_96,0.04366432377646063
40,kcat_96,0.04515663071630584
41,kcat_96,0.05046735641040024
42,kcat_96,0.06124662536401589
43,kcat_96,0.06308496479803787
44,kcat_96,0.0651973732504287
45,kcat_96,0.07449542368207525
46,kcat_96,0.07427380088204899
47,kcat_96,0.0751695508613549
48,kcat_96,0.07830890651285927
49,kcat_96,0.08263448635378844
0,kcat_97,0.30818882540903836
1,kcat_97,0.30704954274145535
2,kcat_97,0.27900024195920864
3,kcat_97,0.24948068961903797
4,kcat_97,0.2321644089377403
5,kcat_97,0.20387581256974593
6,kcat_97,0.19816203650743663
7,kcat_97,0.1821420610118883
8,kcat_97,0.17788315213663863
9,kcat_97,0.18093458578307278
10,kcat_97,0.17112282022877992
11,kcat_97,0.14826038968354807
12,kcat_97,0.14231997159448584
13,kcat_97,0.14210976540027442
14,kcat_97,0.13163555291900358
15,kcat_97,0.11822920549993977
16,kcat_97,0.10722391193572271
17,kcat_97,0.10968731650678147
18,kcat_97,0.09361207056934807
19,kcat_97,0.08861903791330697
20,kcat_97,0.07603498312334965
21,kcat_97,0.06989385111954227
22,kcat_97,0.05808407678681231
23,kcat_97,0.05737621202520343
24,kcat_97,0.054676619945425775
25,kcat_97,0.05485776531791565
26,kcat_97,0.04782617928659955
27,kcat_97,0.04597310888211354
28,kcat_97,0.04026798418925782
29,kcat_97,0.034015553647972555
30,kcat_97,0.026746293987323023
31,kcat_97,0.023290340110353473
32,kcat_97,0.020403583832957036
33,kcat_97,0.017036391988478387
34,kcat_97,0.015741625955388742
35,kcat_97,0.005531739051903125
36,kcat_97,0.004390326658086859
37,kcat_97,0.0017350506115374029
38,kcat_97,7.673928192649815e-05
39,kcat_97,0.002012359233236064
40,kcat_97,0.007569526212244626
41,kcat_97,0.008005539856354075
42,kcat_97,0.01143009841317578
43,kcat_97,0.018632114219728577
44,kcat_97,0.021921448669686247
45,kcat_97,0.02396320493693849
46,kcat_97,0.028074313536231858
47,kcat_97,0.032421381433317784
48,kcat_97,0.04025622354864417
49,kcat_97,0.044276044587461115
0,kcat_98,0.30660865853131475
1,kcat_98,0.2904001300175156
2,kcat_98,0.276866479634935
3,kcat_98,0.25514121337780016
4,kcat_98,0.2086982505411949
5,kcat_98,0.15606748152716615
6,kcat_98,0.1477526221973508
7,kcat_98,0.12129328469409534
8,kcat_98,0.10923248963253847
9,kcat_98,0.1038043974369384
10,kcat_98,0.09271803864564788
11,kcat_98,0.07842360964290376
12,kcat_98,0.07200327015790658
13,kcat_98,0.07545210019013607
14,kcat_98,0.06288334587496533
15,kcat_98,0.056685289916182005
16,kcat_98,0.04679453770023273
17,kcat_98,0.04538933037918377
18,kcat_98,0.0432545245968511
19,kcat_98,0.04271760826902361
20,kcat_98,0.033527455295902495
21,kcat_98,0.02664005640410242
22,kcat_98,0.02229969619809825
23,kcat_98,0.02191521684046834
24,kcat_98,0.02364443803512277
25,kcat_98,0.017976827405149477
26,kcat_98,0.002592263434680454
27,kcat_98,0.0001751793408494222
28,kcat_98,0.004434141002029004
29,kcat_98,0.014050150618581588
30,kcat_98,0.020369076077587672
31,kcat_98,0.02195076060067496
32,kcat_98,0.030216974154265754
33,kcat_98,0.033008660691559825
34,kcat_98,0.03522537226176654
35,kcat_98,0.03797299858530647
36,kcat_98,0.04337433930457186
37,kcat_98,0.043859778504646486
38,kcat_98,0.04756378374796004
39,kcat_98,0.055272752840622795
40,kcat_98,0.059361375104333175
41,kcat_98,0.05745411166096326
42,kcat_98,0.059521967338602565
43,kcat_98,0.06528149758122767
44,kcat_98,0.06721809810337492
45,kcat_98,0.07173941813120359
46,kcat_98,0.0777279484766306
47,kcat_98,0.08071856301257625
48,kcat_98,0.07925013886005372
49,kcat_98,0.08025870007528373
0,kcat_99,0.4394374483290403
1,kcat_99,0.4232373339461201
2,kcat_99,0.37734739879947365
3,kcat_99,0.334276766120585
4,kcat_99,0.30967154708357597
5,kcat_99,0.2678643639358714
6,kcat_99,0.24840948244688246
7,kcat_99,0.23699872002706845
8,kcat_99,0.1812321959123631
9,kcat_99,0.16618258984814302
10,kcat_99,0.163060533752741
11,kcat_99,0.14724061749083792
12,kcat_99,0.13012252281035067
13,kcat_99,0.13041401477687647
14,kcat_99,0.1176906762430804
15,kcat_99,0.09975923315810073
16,kcat_99,0.09793038932265363
17,kcat_99,0.09046367879511827
18,kcat_99,0.0868801804503009
19,kcat_99,0.07806824203523856
20,kcat_99,0.05448489095722252
21,kcat_99,0.05479115282670441
22,kcat_99,0.04688144914045402
23,kcat_99,0.03944724717752587
24,kcat_99,0.03977851036901432
25,kcat_99,0.034533772194706235
26,kcat_99,0.030535868248786225
27,kcat_99,0.029644383033509008
28,kcat_99,0.022217637080227098
29,kcat_99,0.016962535061875464
30,kcat_99,0.015700734130847112
31,kcat_99,0.014214332485119838
32,kcat_99,0.008476365661370666
33,kcat_99,0.005306939523097164
34,kcat_99,0.00011468142743117851
35,kcat_99,0.002262567345720705
36,kcat_99,0.008604930543099002
37,kcat_99,0.01308904653843576
38,kcat_99,0.018903793600611275
39,kcat_99,0.023018205411669778
40,kcat_99,0.023535365090864922
41,kcat_99,0.02715697520246517
42,kcat_99,0.03251561076999218
43,kcat_99,0.039888661806403825
44,kcat_99,0.042250492150704116
45,kcat_99,0.044254875183684594
46,kcat_99,0.04976223781494652
47,kcat_99,0.05192502950584407
48,kcat_99,0.052960124621082676
49,kcat_99,0.056971786500851974
0,kcat_100,1.1436952829876954
1,kcat_100,1.0465344546943374
2,kcat_100,0.8844654567343893
3,kcat_100,0.7223438392308682
4,kcat_100,0.6279135132352366
5,kcat_100,0.5175111270932315
6,kcat_100,0.4746470948201384
7,kcat_100,0.38889949833070125
8,kcat_100,0.3263032825402282
9,kcat_100,0.3096431827779713
10,kcat_100,0.2747354998138703
11,kcat_100,0.2533372128017267
12,kcat_100,0.24629498487212695
13,kcat_100,0.23858096766396641
14,kcat_100,0.22935815898081435
15,kcat_100,0.22356146073707722
16,kcat_100,0.21347358888828635
17,kcat_100,0.2005715102081333
18,kcat_100,0.17795407566032045
19,kcat_100,0.16890340101989743
20,kcat_100,0.16483317605194572
21,kcat_100,0.15525264898147675
22,kcat_100,0.1379905224726034
23,kcat_100,0.13303351058739346
24,kcat_100,0.13180885054464156
25,kcat_100,0.1327308630844904
26,kcat_100,0.1124863928030482
27,kcat_100,0.10878907147885858
28,kcat_100,0.10717407659396927
29,kcat_100,0.107295986225867
30,kcat_100,0.10930771936181087
31,kcat_100,0.09984210793616421
32,kcat_100,0.09037731384324087
33,kcat_100,0.08191707875303804
34,kcat_100,0.07478847015917019
35,kcat_100,0.07324391208941013
36,kcat_100,0.06574825956900451
37,kcat_100,0.055927800771687734
38,kcat_100,0.057268813552362956
39,kcat_100,0.05203895026273155
40,kcat_100,0.04934954787895278
41,kcat_100,0.04919186728849765
42,kcat_100,0.04234167243639153
43,kcat_100,0.03458411617742145
44,kcat_100,0.030440408821781607
45,kcat_100,0.02534220539036
46,kcat_100,0.013495077556776024
47,kcat_100,0.011068890067202259
48,kcat_100,0.013912762905996558
49,kcat_100,0.010524700742033072
0,kcat_101,0.9322494580123328
1,kcat_101,0.8686346786639133
2,kcat_101,0.6451666611589497
3,kcat_101,0.5613392552775199
4,kcat_101,0.5352444625147453
5,kcat_101,0.46210914042181317
6,kcat_101,0.41217028051962173
7,kcat_101,0.36702406213274835
8,kcat_101,0.3241472015895827
9,kcat_101,0.3164699029328752
10,kcat_101,0.30393995804016116
11,kcat_101,0.27916571437007065
12,kcat_101,0.2735419245170456
13,kcat_101,0.2723570668165553
14,kcat_101,0.2376489213207733
15,kcat_101,0.2054334340246871
16,kcat_101,0.18947428055156515
17,kcat_101,0.18288012624557132
18,kcat_101,0.16318254998330445
19,kcat_101,0.15647348023958466
20,kcat_101,0.14781861835900917
21,kcat_101,0.13876426657579904
22,kcat_101,0.13228755048025598
23,kcat_101,0.12821579090868268
24,kcat_101,0.12403357766404205
25,kcat_101,0.11063872240846666
26,kcat_101,0.09079002242697645
27,kcat_101,0.08103448002741294
28,kcat_101,0.07952341740002918
29,kcat_101,0.07545959162813196
30,kcat_101,0.06795952544094307
31,kcat_101,0.07187739110327745
32,kcat_101,0.06112905520668592
33,kcat_101,0.05248849652887288
34,kcat_101,0.05022356963284092
35,kcat_101,0.04238612592548525
36,kcat_101,0.0362648209042441
37,kcat_101,0.026846938575332588
38,kcat_101,0.023677410037127544
39,kcat_101,0.01916158551440255
40,kcat_101,0.013730085210620104
41,kcat_101,0.013860280885313533
42,kcat_101,0.012298827241789928
43,kcat_101,0.012818446876836434
44,kcat_101,0.011541240127142941
45,kcat_101,0.003720023348078944
46,kcat_101,0.0010741582001151189
47,kcat_101,0.002888886074892588
48,kcat_101,0.014897672518462007
49,kcat_101,0.017171684331629883
0,kcat_102,1.3576078049348033
1,kcat_102,1.1889898404230865
2,kcat_102,0.8951782280185265
3,kcat_102,0.7725565576184893
4,kcat_102,0.6802800163671716
5,kcat_102,0.5685865976827201
6,kcat_102,0.5378095083930763
7,kcat_102,0.44653873884145373
8,kcat_102,0.3729485117723572
9,kcat_102,0.36680890723823023
10,kcat_102,0.34100287698436355
11,kcat_102,0.32104224062406067
12,kcat_102,0.305370317985257
13,kcat_102,0.3083685191398052
14,kcat_102,0.2856018202610455
15,kcat_102,0.25909109464269536
16,kcat_102,0.25005573466777037
17,kcat_102,0.23221608876931993
18,kcat_102,0.22081359250169877
19,kcat_102,0.21402274772914462
20,kcat_102,0.18497796965942936
21,kcat_102,0.16767974775354255
22,kcat_102,0.15708222734306407
23,kcat_102,0.1542384832799808
24,kcat_102,0.15071858523630383
25,kcat_102,0.14821936874394345
26,kcat_102,0.13914897592402353
27,kcat_102,0.1316974959977564
28,kcat_102,0.1260290894496924
29,kcat_102,0.11768753136307147
30,kcat_102,0.10566402272085872
31,kcat_102,0.10119722712148203
32,kcat_102,0.09223274745506707
33,kcat_102,0.09259501206161132
34,kcat_102,0.08751833197444672
35,kcat_102,0.07850005455365697
36,kcat_102,0.06729383966732261
37,kcat_102,0.06601127135319738
38,kcat_102,0.05701759935380599
39,kcat_102,0.0562284320295989
40,kcat_102,0.04272527150317384
41,kcat_102,0.04233191075956606
42,kcat_102,0.03642785677093321
43,kcat_102,0.030994512952379247
44,kcat_102,0.027310323117205885
45,kcat_102,0.023735280247131077
46,kcat_102,0.015418661181727362
47,kcat_102,0.012805089275163824
48,kcat_102,0.006658365761855953
49,kcat_102,0.0018936625497091117
0,kcat_103,1.4288059581695067
1,kcat_103,1.1896191118579917
2,kcat_103,0.9345338744160344
3,kcat_103,0.7432478269572946
4,kcat_103,0.6532520551192768
5,kcat_103,0.5759600312519744
6,kcat_103,0.545826432221172
7,kcat_103,0.47984855152803874
8,kcat_103,0.3336828571730511
9,kcat_103,0.3305781532728833
10,kcat_103,0.3112552294395383
11,kcat_103,0.2920882496028203
12,kcat_103,0.2831750519879569
13,kcat_103,0.27578419375059354
14,kcat_103,0.25054301411071256
15,kcat_103,0.20333645822314558
16,kcat_103,0.1993829138881781
17,kcat_103,0.18361515707096435
18,kcat_103,0.17305804808046926
19,kcat_103,0.16898863653336926
20,kcat_103,0.1466099134998152
21,kcat_103,0.13499772712515173
22,kcat_103,0.11868028674492158
23,kcat_103,0.11295522210611253
24,kcat_103,0.10525322500876741
25,kcat_103,0.09880915608413168
26,kcat_103,0.07886093865314059
27,kcat_103,0.07408052451438873
28,kcat_103,0.0706533633659728
29,kcat_103,0.06000497429136852
30,kcat_103,0.056196209571656414
31,kcat_103,0.05228993889295077
32,kcat_103,0.051254888073367644
33,kcat_103,0.04135324583637719
34,kcat_103,0.03640462404050069
35,kcat_103,0.0280447008182634
36,kcat_103,0.029043070412118753
37,kcat_103,0.02671802769481145
38,kcat_103,0.023284461859416267
39,kcat_103,0.012081487334793702
40,kcat_103,0.00860010462380743
41,kcat_103,0.00886587417929404
42,kcat_103,0.0052363106382999165
43,kcat_103,0.004427838907179177
44,kcat_103,0.011988940909451228
45,kcat_103,0.013916909841307914
46,kcat_103,0.022264952346743788
47,kcat_103,0.029253850175142503
48,kcat_103,0.04482666796991593
49,kcat_103,0.047256829693551904
0,kcat_104,0.3998723012423027
1,kcat_104,0.3635024948680827
2,kcat_104,0.3199479017570247
3,kcat_104,0.28814219854284584
4,kcat_104,0.2703793581927523
5,kcat_104,0.23951213023685938
6,kcat_104,0.21752981848311148
7,kcat_104,0.19962648277821635
8,kcat_104,0.1823387900013672
9,kcat_104,0.17743941335260555
10,kcat_104,0.16589820302907438
11,kcat_104,0.14190654902792027
12,kcat_104,0.13505531237278656
13,kcat_104,0.12703784871560578
14,kcat_104,0.10852006923828937
15,kcat_104,0.09722837426331238
16,kcat_104,0.08886094018230568
17,kcat_104,0.08745912308212565
18,kcat_104,0.07929469152735194
19,kcat_104,0.07338433437484315
20,kcat_104,0.06032306206617171
21,kcat_104,0.05444681735687932
22,kcat_104,0.05396514773141802
23,kcat_104,0.052525369821234215
24,kcat_104,0.04414157201243519
25,kcat_104,0.03950668906843375
26,kcat_104,0.022473798785747727
27,kcat_104,0.014882229265286488
28,kcat_104,0.012532775823240404
29,kcat_104,0.012287380547508416
30,kcat_104,0.006242785810430593
31,kcat_104,0.0022138336798880904
32,kcat_104,0.0031935098315920792
33,kcat_104,0.004646528988300819
34,kcat_104,0.011709921456601003
35,kcat_104,0.015267324598818712
36,kcat_104,0.020443937903436703
37,kcat_104,0.026425821935715053
38,kcat_104,0.03508442773374966
39,kcat_104,0.037563589168461954
40,kcat_104,0.04093262333361513
41,kcat_104,0.04224503290908349
42,kcat_104,0.04179519235554396
43,kcat_104,0.04743729631193709
44,kcat_104,0.048698241703411076
45,kcat_104,0.0563153536075124
46,kcat_104,0.060292052067201694
47,kcat_104,0.062255942541433996
48,kcat_104,0.05968805087624327
49,kcat_104,0.06233669407288793
0,kcat_105,1.0028709188483342
1,kcat_105,0.8679300552419033
2,kcat_105,0.6697299919483468
3,kcat_105,0.5334485043094085
4,kcat_105,0.4865047088627212
5,kcat_105,0.43488740855690294
6,kcat_105,0.39594014416581247
7,kcat_105,0.3566473492117622
8,kcat_105,0.2858381228524648
9,kcat_105,0.2705399014013186
10,kcat_105,0.2560230925765795
11,kcat_105,0.23113529336827612
12,kcat_105,0.21286821605631281
13,kcat_105,0.2023002685896183
14,kcat_105,0.19211058418495064
15,kcat_105,0.17162632395124733
16,kcat_105,0.16436256359705845
17,kcat_105,0.1598037139492326
18,kcat_105,0.15448525829532345
19,kcat_105,0.14465138745806866
20,kcat_105,0.12757599577835418
21,kcat_105,0.11925480782818285
22,kcat_105,0.10602779146889837
23,kcat_105,0.10253133242589928
24,kcat_105,0.09712871847202667
25,kcat_105,0.09367301307931036
26,kcat_105,0.08248592887902026
27,kcat_105,0.0794061496367333
28,kcat_105,0.07745478756194979
29,kcat_105,0.0724660878539911
30,kcat_105,0.06785432838534057
31,kcat_105,0.0667920404151991
32,kcat_105,0.06651810664310936
33,kcat_105,0.0628795662723226
34,kcat_105,0.05578091073497121
35,kcat_105,0.052963131933392
36,kcat_105,0.04703153319441724
37,kcat_105,0.03868271251161238
38,kcat_105,0.03306294748704295
39,kcat_105,0.02634294379626344
40,kcat_105,0.023270823456738914
41,kcat_105,0.020825918865129932
42,kcat_105,0.017045724639811365
43,kcat_105,0.0073066521770414885
44,kcat_105,0.006164247895176876
45,kcat_105,0.001548767991189217
46,kcat_105,0.007521937056609367
47,kcat_105,0.011092202265085147
48,kcat_105,0.01464393988769778
49,kcat_105,0.01572369142755863
0,kcat_106,1.1619801398439222
1,kcat_106,1.01974895069086
2,kcat_106,0.8334265816599215
3,kcat_106,0.7104766277681434
4,kcat_106,0.6264825703487297
5,kcat_106,0.5716383453143005
6,kcat_106,0.5169851160374587
7,kcat_106,0.4680914018123679
8,kcat_106,0.4166536529373128
9,kcat_106,0.402133071671475
10,kcat_106,0.3642227131982494
11,kcat_106,0.3430012941765913
12,kcat_106,0.32855278038269176
13,kcat_106,0.33152404121058654
14,kcat_106,0.3017982326443032
15,kcat_106,0.2798010461727824
16,kcat_106,0.2638788983209001
17,kcat_106,0.25869101948692835
18,kcat_106,0.24670237390163646
19,kcat_106,0.23374189074579446
20,kcat_106,0.2028533853311274
21,kcat_106,0.18781453228629305
22,kcat_106,0.17989495375657572
23,kcat_106,0.17186752101472505
24,kcat_106,0.1665509861672125
25,kcat_106,0.16673322573951874
26,kcat_106,0.15527461405775767
27,kcat_106,0.15305052582462778
28,kcat_106,0.14717269738693273
29,kcat_106,0.14046378800555243
30,kcat_106,0.12934864566537876
31,kcat_106,0.12444427376206324
32,kcat_106,0.10907220876449442
33,kcat_106,0.10765748933254882
34,kcat_106,0.1018402518078937
35,kcat_106,0.09692765365993841
36,kcat_106,0.0917206106905644
37,kcat_106,0.08382565579303662
38,kcat_106,0.07776014686971348
39,kcat_106,0.07170234334656214
40,kcat_106,0.07009850750675173
41,kcat_106,0.06918306454646476
42,kcat_106,0.0618115608933018
43,kcat_106,0.06188091535554019
44,kcat_106,0.05990472791661738
45,kcat_106,0.05297181537671544
46,kcat_106,0.04286335531609132
47,kcat_106,0.04018675346730676
48,kcat_106,0.039949418636995054
49,kcat_106,0.03719949404366786
0,kcat_107,0.5256783688612016
1,kcat_107,0.4975213111348354
2,kcat_107,0.4304626278297334
3,kcat_107,0.3621871394755472
4,kcat_107,0.32678418920270946
5,kcat_107,0.29968947039525823
6,kcat_107,0.2849687251115418
7,kcat_107,0.261594883811299
8,kcat_107,0.23560430581468228
9,kcat_107,0.22403417781934695
10,kcat_107,0.21408175663513954
11,kcat_107,0.20078891827381096
12,kcat_107,0.1980876161639704
13,kcat_107,0.1942771236387484
14,kcat_107,0.18274969035286753
15,kcat_107,0.15988980095682787
16,kcat_107,0.151784576438485
17,kcat_107,0.1462619281512695
18,kcat_107,0.12494014713322428
19,kcat_107,0.11815033889491997
20,kcat_107,0.10282788302469308
21,kcat_107,0.10336905474966152
22,kcat_107,0.09206946662514981
23,kcat_107,0.09037108466373615
24,kcat_107,0.08756374838036647
25,kcat_107,0.08684770413391253
26,kcat_107,0.08096870622261376
27,kcat_107,0.07846888238445031
28,kcat_107,0.07197228555382852
29,kcat_107,0.063364409539812
30,kcat_107,0.057351957869571285
31,kcat_107,0.05316313288186205
32,kcat_107,0.041806834313826514
33,kcat_107,0.03660011054964869
34,kcat_107,0.031843427605846825
35,kcat_107,0.027815468264372947
36,kcat_107,0.018227258607648386
37,kcat_107,0.01842245676695924
38,kcat_107,0.009093595957536872
39,kcat_107,0.005578242781703151
40,kcat_107,0.0044850355789955556
41,kcat_107,0.0045531378073126435
42,kcat_107,0.0011941893771053754
43,kcat_107,0.01229635162571552
44,kcat_107,0.01251530423823027
45,kcat_107,0.017757622742818353
46,kcat_107,0.022520343383387917
47,kcat_107,0.025540253262384013
48,kcat_107,0.031082226587956025
49,kcat_107,0.031791161429534635
0,kcat_108,1.2028893085230705
1,kcat_108,1.0975427555144905
2,kcat_108,0.7954369619760676
3,kcat_108,0.6789659551281614
4,kcat_108,0.6208603297984417
5,kcat_108,0.5324941171301234
6,kcat_108,0.5155318373381723
7,kcat_108,0.4351711130572875
8,kcat_108,0.3586289788492842
9,kcat_108,0.36018308053846015
10,kcat_108,0.3343543457058234
11,kcat_108,0.29407384518480806
12,kcat_108,0.2834395070533912
13,kcat_108,0.2743187127632434
14,kcat_108,0.25014705786787056
15,kcat_108,0.2379668440882172
16,kcat_108,0.21202506243996574
17,kcat_108,0.20296416446773866
18,kcat_108,0.19873345112275506
19,kcat_108,0.19134797317530078
20,kcat_108,0.16514772753885074
21,kcat_108,0.15590304614280381
22,kcat_108,0.13933923972861414
23,kcat_108,0.13752268425704442
24,kcat_108,0.13383977158253463
25,kcat_108,0.1226570598283408
26,kcat_108,0.11772385953668532
27,kcat_108,0.11210635448102159
28,kcat_108,0.10154674888300265
29,kcat_108,0.09272434316582526
30,kcat_108,0.08453265093334517
31,kcat_108,0.08272909568768183
32,kcat_108,0.07359450876805378
33,kcat_108,0.06990313846213599
34,kcat_108,0.05983373522400979
35,kcat_108,0.052060332473897165
36,kcat_108,0.050613242649685496
37,kcat_108,0.04495931791288424
38,kcat_108,0.04160092778153331
39,kcat_108,0.032157522534979874
40,kcat_108,0.020283170846289948
41,kcat_108,0.02011487362146359
42,kcat_108,0.012623214134298899
43,kcat_108,0.00014530886690285782
44,kcat_108,0.0017296155073164986
45,kcat_108,0.006568693119740729
46,kcat_108,0.010054758383588842
47,kcat_108,0.015479564877678901
48,kcat_108,0.0172826294303426
49,kcat_108,0.01879856561885498
0,kcat_109,0.6428598917598145
1,kcat_109,0.6256112103919749
2,kcat_109,0.5647077254628727
3,kcat_109,0.4957743933566925
4,kcat_109,0.44558911294511183
5,kcat_109,0.39982889977511243
6,kcat_109,0.36930943790469534
7,kcat_109,0.3507938538069032
8,kcat_109,0.28487621604775126
9,kcat_109,0.27124921239649014
10,kcat_109,0.2570234611903823
11,kcat_109,0.23933650927698238
12,kcat_109,0.2244910791757041
13,kcat_109,0.2233156369159532
14,kcat_109,0.20954021909314544
15,kcat_109,0.17372479916513178
16,kcat_109,0.15724400050859713
17,kcat_109,0.14732335892664045
18,kcat_109,0.13132738566664431
19,kcat_109,0.1232663591407204
20,kcat_109,0.09351337372525603
21,kcat_109,0.07994333894954804
22,kcat_109,0.07912941754504486
23,kcat_109,0.07519653622753536
24,kcat_109,0.06920198548277123
25,kcat_109,0.06633994335904307
26,kcat_109,0.057397015669065535
27,kcat_109,0.058197838511570205
28,kcat_109,0.048521589739199615
29,kcat_109,0.03711100836960217
30,kcat_109,0.029216671761036043
31,kcat_109,0.025744310351985912
32,kcat_109,0.02143400476830408
33,kcat_109,0.017650207300834386
34,kcat_109,0.017153203363651403
35,kcat_109,0.013805111782120905
36,kcat_109,0.01617188698455918
37,kcat_109,0.011114888551828987
38,kcat_109,0.0057235732818974264
39,kcat_109,0.0012313092455722193
40,kcat_109,0.005432420873712718
41,kcat_109,0.004988761225003609
42,kcat_109,0.013086260991274344
43,kcat_109,0.01304193499848993
44,kcat_109,0.017379772442990223
45,kcat_109,0.020407838490380494
46,kcat_109,0.02246841770026628
47,kcat_109,0.02419335060419997
48,kcat_109,0.026991941254836636
49,kcat_109,0.030116493170895976
0,kcat_110,1.4389954452440683
1,kcat_110,1.24681047045382
2,kcat_110,0.8891628850372019
3,kcat_110,0.7558798341463372
4,kcat_110,0.6769257734903211
5,kcat_110,0.5176173611586414
6,kcat_110,0.4725443961328269
7,kcat_110,0.4172802197796201
8,kcat_110,0.34098195010923654
9,kcat_110,0.31996694313415386
10,kcat_110,0.29989403374870804
11,kcat_110,0.27589530394575945
12,kcat_110,0.2640648902724376
13,kcat_110,0.25889342605923843
14,kcat_110,0.24383275141331262
15,kcat_110,0.21075738490685528
16,kcat_110,0.19499380999852498
17,kcat_110,0.1861530455048043
18,kcat_110,0.1784709718822112
19,kcat_110,0.17345621214271179
20,kcat_110,0.1624431838749211
21,kcat_110,0.15641903231493362
22,kcat_110,0.13961090715251967
23,kcat_110,0.1350746124164121
24,kcat_110,0.12455474449065534
25,kcat_110,0.12388899742656803
26,kcat_110,0.11732905045280535
27,kcat_110,0.1170257958369568
28,kcat_110,0.11389621520460132
29,kcat_110,0.10831197917294913
30,kcat_110,0.0860530587239593
31,kcat_110,0.07668203105213367
32,kcat_110,0.06935515573153808
33,kcat_110,0.06656498448538442
34,kcat_110,0.05953475303979796
35,kcat_110,0.05539539046418075
36,kcat_110,0.04767207210954264
37,kcat_110,0.04434740271499576
38,kcat_110,0.03833128284184122
39,kcat_110,0.028877867250920706
40,kcat_110,0.022502520359205785
41,kcat_110,0.02236343579855721
42,kcat_110,0.016208926528401623
43,kcat_110,8.329477818996691e-05
44,kcat_110,0.0009030295305516564
45,kcat_110,0.013528792662499612
46,kcat_110,0.01894793726382135
47,kcat_110,0.016440207016005067
48,kcat_110,0.0208091816057644
49,kcat_110,0.025099334491814732
0,kcat_111,1.3970633042976424
1,kcat_111,1.2555191460497297
2,kcat_111,0.8809804355352955
3,kcat_111,0.6575788975734216
4,kcat_111,0.6157579670705883
5,kcat_111,0.5286134628453181
6,kcat_111,0.47808493051732676
7,kcat_111,0.4386098571968153
8,kcat_111,0.3288775373490723
9,kcat_111,0.3155732741525283
10,kcat_111,0.29173086865563164
11,kcat_111,0.2626585285858882
12,kcat_111,0.24546475133527185
13,kcat_111,0.22788658522892835
14,kcat_111,0.20609358121259527
15,kcat_111,0.17047667246981532
16,kcat_111,0.15867207989971885
17,kcat_111,0.15427215800199195
18,kcat_111,0.14049637265087667
19,kcat_111,0.13253801148733485
20,kcat_111,0.09940129542165298
21,kcat_111,0.08787042366365813
22,kcat_111,0.07665640600348464
23,kcat_111,0.06707594098927833
24,kcat_111,0.0669865259904756
25,kcat_111,0.061157048397516275
26,kcat_111,0.052987513193273446
27,kcat_111,0.04583538965920957
28,kcat_111,0.04050903120847871
29,kcat_111,0.03777141976220044
30,kcat_111,0.035592580120385596
31,kcat_111,0.03218294863903665
32,kcat_111,0.027985424765916745
33,kcat_111,0.02447483678829606
34,kcat_111,0.01903181385048595
35,kcat_111,0.016087861008796823
36,kcat_111,0.014342098310196902
37,kcat_111,0.008302871510036627
38,kcat_111,0.003170102722569866
39,kcat_111,0.0017016659667803298
40,kcat_111,0.006220044819834444
41,kcat_111,0.00342229303241208
42,kcat_111,0.011085084054376547
43,kcat_111,0.020133053283968843
44,kcat_111,0.01964536658180429
45,kcat_111,0.02812799282493248
46,kcat_111,0.0338962122280612
47,kcat_111,0.03911169589406032
48,kcat_111,0.04609837704014087
49,kcat_111,0.04607851525402701
0,kcat_112,0.32613591046810697
1,kcat_112,0.31325269440162345
2,kcat_112,0.286491802265902
3,kcat_112,0.25292236834364773
4,kcat_112,0.23628674698168292
5,kcat_112,0.2109722367918824
6,kcat_112,0.20195218158158793
7,kcat_112,0.1881739100006704
8,kcat_112,0.16055143673210007
9,kcat_112,0.1414211130510598
10,kcat_112,0.13560604728545336
11,kcat_112,0.12303950526534851
12,kcat_112,0.1113670905429298
13,kcat_112,0.108083131305344
14,kcat_112,0.09913978623188147
15,kcat_112,0.0792272352720917
16,kcat_112,0.06629849239508125
17,kcat_112,0.06570904019916093
18,kcat_112,0.05310527553233296
19,kcat_112,0.04913532544023572
20,kcat_112,0.035226851584886185
21,kcat_112,0.03296479966413287
22,kcat_112,0.028861712387757775
23,kcat_112,0.026063510021956747
24,kcat_112,0.019766032276884192
25,kcat_112,0.017025543808703716
26,kcat_112,0.012438753067749284
27,kcat_112,0.008578931937277448
28,kcat_112,0.0030555750156865814
29,kcat_112,0.001758094299777014
30,kcat_112,0.007922906834708055
31,kcat_112,0.013299457523182222
32,kcat_112,0.021073866694437553
33,kcat_112,0.030681903609744113
34,kcat_112,0.029292032549533862
35,kcat_112,0.03366407617324879
36,kcat_112,0.035813718102834624
37,kcat_112,0.041783046216278756
38,kcat_112,0.04650365886601231
39,kcat_112,0.051203418069974
40,kcat_112,0.05251565596610571
41,kcat_112,0.054007394766642375
42,kcat_112,0.05997780532012105
43,kcat_112,0.06595471175798881
44,kcat_112,0.06937355130865748
45,kcat_112,0.0722904824719002
46,kcat_112,0.07146354649149356
47,kcat_112,0.06928039876694467
48,kcat_112,0.07718966947290266
49,kcat_112,0.0776882660698316
0,kcat_113,0.6692675312735391
1,kcat_113,0.6355619213872485
2,kcat_113,0.5501324145057335
3,kcat_113,0.4778201877277451
4,kcat_113,0.43173743640056
5,kcat_113,0.3701195483036404
6,kcat_113,0.3583323776614356
7,kcat_113,0.2991030886284538
8,kcat_113,0.260337479540917
9,kcat_113,0.25146714660037844
10,kcat_113,0.22268283189851237
11,kcat_113,0.20497799737606084
12,kcat_113,0.19767816173957545
13,kcat_113,0.1898115887178242
14,kcat_113,0.17436776476134427
15,kcat_113,0.15760562496589914
16,kcat_113,0.1453374792836053
17,kcat_113,0.14348842951736449
18,kcat_113,0.13600420717540307
19,kcat_113,0.13107269081761966
20,kcat_113,0.12044125053566154
21,kcat_113,0.11461443580367102
22,kcat_113,0.11019763655270537
23,kcat_113,0.10747026434495528
24,kcat_113,0.09904433798015541
25,kcat_113,0.09534208960952452
26,kcat_113,0.08276766349030899
27,kcat_113,0.0743055458311914
28,kcat_113,0.07164358052397854
29,kcat_113,0.06280856198196795
30,kcat_113,0.05090294439071921
31,kcat_113,0.049032253822319516
32,kcat_113,0.0423613946326603
33,kcat_113,0.03818461375116133
34,kcat_113,0.03508294457432789
35,kcat_113,0.028522151476003618
36,kcat_113,0.020241567023740196
37,kcat_113,0.015710494039502355
38,kcat_113,0.006977258640916541
39,kcat_113,0.00433911814843822
40,kcat_113,0.0009116191799547125
41,kcat_113,0.000615580130817981
42,kcat_113,0.002850790013431937
43,kcat_113,0.004997106804716377
44,kcat_113,0.005649936605635718
45,kcat_113,0.014920549261178561
46,kcat_113,0.023645322698679368
47,kcat_113,0.0244404530153959
48,kcat_113,0.03188294271174542
49,kcat_113,0.03499595208222203
0,kcat_114,0.6646928215313953
1,kcat_114,0.6540549349408484
2,kcat_114,0.5810275408536998
3,kcat_114,0.5314998060844495
4,kcat_114,0.4882217489299658
5,kcat_114,0.42566884564973534
6,kcat_114,0.3950096343553353
7,kcat_114,0.3451371959243033
8,kcat_114,0.300029417271195
9,kcat_114,0.2895549846428569
10,kcat_114,0.267859668593284
11,kcat_114,0.2424971417988944
12,kcat_114,0.22616193606262086
13,kcat_114,0.21626359877335094
14,kcat_114,0.20363018427976495
15,kcat_114,0.17485268866319337
16,kcat_114,0.1713809091238132
17,kcat_114,0.16182085224187867
18,kcat_114,0.13713840241721517
19,kcat_114,0.13393510007955473
20,kcat_114,0.11952693534650645
21,kcat_114,0.11675498838937573
22,kcat_114,0.10178944819666634
23,kcat_114,0.10015694909618561
24,kcat_114,0.09322520532201474
25,kcat_114,0.08754321970287185
26,kcat_114,0.07609986597333679
27,kcat_114,0.0651697801237198
28,kcat_114,0.054685052870330306
29,kcat_114,0.05556581710935866
30,kcat_114,0.05672769889274093
31,kcat_114,0.05179266305597019
32,kcat_114,0.049837354257215215
33,kcat_114,0.042048529993627105
34,kcat_114,0.03655202340915642
35,kcat_114,0.034367114326683025
36,kcat_114,0.024449898829908345
37,kcat_114,0.021445029336373222
38,kcat_114,0.016918384702804806
39,kcat_114,0.013098725350905843
40,kcat_114,0.01093938263348077
41,kcat_114,0.008878509265148634
42,kcat_114,0.0001625680100192627
43,kcat_114,0.0025535087463427818
44,kcat_114,0.005548285659019338
45,kcat_114,0.0047128171361293025
46,kcat_114,0.010605446336969238
47,kcat_114,0.01657276768997518
48,kcat_114,0.010353781110881633
49,kcat_114,0.01142305736115272
0,kcat_115,0.7913341903953147
1,kcat_115,0.7201883128831708
2,kcat_115,0.5751063222137125
3,kcat_115,0.49369744638222285
4,kcat_115,0.44705530360059337
5,kcat_115,0.398218258540801
6,kcat_115,0.3713355549270093
7,kcat_115,0.3388646510783435
8,kcat_115,0.2795116329816854
9,kcat_115,0.27607251192427856
10,kcat_115,0.26302691290738633
11,kcat_115,0.2330546176922178
12,kcat_115,0.21535314846019726
13,kcat_115,0.20055476194376184
14,kcat_115,0.18849247917139292
15,kcat_115,0.1579826664111816
16,kcat_115,0.15068887916330134
17,kcat_115,0.14326135533721268
18,kcat_115,0.1357992595218292
19,kcat_115,0.1277828041207263
20,kcat_115,0.11290149504695639
21,kcat_115,0.11281126987766082
22,kcat_115,0.10307885582648572
23,kcat_115,0.09815007348606089
24,kcat_115,0.0895062187620825
25,kcat_115,0.09011258836696463
26,kcat_115,0.08068952762142242
27,kcat_115,0.07920174815052886
28,kcat_115,0.07170540333443316
29,kcat_115,0.061623011892705686
30,kcat_115,0.05769731176318047
31,kcat_115,0.05728083974399417
32,kcat_115,0.05313232123059712
33,kcat_115,0.049387438886487195
34,kcat_115,0.04010157864390594
35,kcat_115,0.036115358916855245
36,kcat_115,0.03177518129047375
37,kcat_115,0.03119842683005404
38,kcat_115,0.029937980587887936
39,kcat_115,0.021472420430460312
40,kcat_115,0.017477467688552968
41,kcat_115,0.00964779654551324
42,kcat_115,0.008296362925184785
43,kcat_115,0.005460166393667185
44,kcat_115,0.0011091064782830175
45,kcat_115,0.00162485282899899
46,kcat_115,0.00698121653071017
47,kcat_115,0.01133554663615845
48,kcat_115,0.013247816097895793
49,kcat_115,0.014870594045291582
0,kcat_116,0.7146183145237918
1,kcat_116,0.670540055910617
2,kcat_116,0.5697179304993368
3,kcat_116,0.49126175310831666
4,kcat_116,0.46906554516346616
5,kcat_116,0.4165411185633737
6,kcat_116,0.3975714104788752
7,kcat_116,0.35318377900331943
8,kcat_116,0.2864990376871163
9,kcat_116,0.2655177282276459
10,kcat_116,0.25668066161806075
11,kcat_116,0.2371151738791175
12,kcat_116,0.21655197232848075
13,kcat_116,0.20530071755252893
14,kcat_116,0.19531282103447098
15,kcat_116,0.18315999864785087
16,kcat_116,0.16697468751202435
17,kcat_116,0.15144907164547294
18,kcat_116,0.1511228556254371
19,kcat_116,0.153624409008113
20,kcat_116,0.12796404708025594
21,kcat_116,0.11614249410187484
22,kcat_116,0.10680719225731673
23,kcat_116,0.10560570558302215
24,kcat_116,0.09692508162422572
25,kcat_116,0.09220874171755553
26,kcat_116,0.08360773776499104
27,kcat_116,0.0745538255220899
28,kcat_116,0.07597513239598137
29,kcat_116,0.06985123961365063
30,kcat_116,0.05673281750707481
31,kcat_116,0.055728521422038414
32,kcat_116,0.04708220346803205
33,kcat_116,0.042715725143281175
34,kcat_116,0.04023471124953598
35,kcat_116,0.03224471394688231
36,kcat_116,0.027054335337244023
37,kcat_116,0.016670931341382474
38,kcat_116,0.010678217049322534
39,kcat_116,0.005709544087673162
40,kcat_116,0.0009106986837521336
41,kcat_116,0.0006362554501429577
42,kcat_116,0.0021432545827455344
43,kcat_116,0.007492654800580094
44,kcat_116,0.009268287900856173
45,kcat_116,0.01496550734957609
46,kcat_116,0.017401961405788025
47,kcat_116,0.019859537748877935
48,kcat_116,0.0261657815982629
49,kcat_116,0.03030046664845006
0,kcat_117,0.40143940723132227
1,kcat_117,0.3850373964513855
2,kcat_117,0.3517259753059155
3,kcat_117,0.30392892693479373
4,kcat_117,0.273104055362277
5,kcat_117,0.24687667738397984
6,kcat_117,0.23715670277292047
7,kcat_117,0.2350220919343815
8,kcat_117,0.1942732566027962
9,kcat_117,0.18020603852435502
10,kcat_117,0.17101287773242604
11,kcat_117,0.15387624665088895
12,kcat_117,0.14940320547273417
13,kcat_117,0.14560041398333312
14,kcat_117,0.13884955365688315
15,kcat_117,0.11226407919414931
16,kcat_117,0.1089754438494682
17,kcat_117,0.10120032164983232
18,kcat_117,0.0874715142150653
19,kcat_117,0.07864365794977153
20,kcat_117,0.06900324742770292
21,kcat_117,0.06620140806770837
22,kcat_117,0.05792482536834147
23,kcat_117,0.054847198453436545
24,kcat_117,0.05436125763256621
25,kcat_117,0.04403589504389548
26,kcat_117,0.037984772359143576
27,kcat_117,0.03627802160852414
28,kcat_117,0.02780870594435414
29,kcat_117,0.020372739527029088
30,kcat_117,0.016442785348266563
31,kcat_117,0.014274658720804089
32,kcat_117,0.005324439311919406
33,kcat_117,0.0007099338984661864
34,kcat_117,0.003304708847152495
35,kcat_117,0.012385541176425992
36,kcat_117,0.02016838487764499
37,kcat_117,0.022967181645240767
38,kcat_117,0.028471042905513194
39,kcat_117,0.03252936820617064
40,kcat_117,0.04043153792508123
41,kcat_117,0.039192316855573055
42,kcat_117,0.042293709237155884
43,kcat_117,0.04659146268961464
44,kcat_117,0.04877884718773404
45,kcat_117,0.05500127043392911
46,kcat_117,0.05899640692212265
47,kcat_117,0.05794689267717571
48,kcat_117,0.06220407275665876
49,kcat_117,0.06387249903174372
0,kcat_118,1.365679185193579
1,kcat_118,1.1985953688523299
2,kcat_118,0.935022384547838
3,kcat_118,0.7744770462215536
4,kcat_118,0.6623281783553763
5,kcat_118,0.584880064319687
6,kcat_118,0.5182325377092842
7,kcat_118,0.4783885882856899
8,kcat_118,0.3939830286771695
9,kcat_118,0.3802676022249961
10,kcat_118,0.366916518893511
11,kcat_118,0.32695335788873936
12,kcat_118,0.31006534233457134
13,kcat_118,0.2898763825234184
14,kcat_118,0.2556098756348752
15,kcat_118,0.22968085121811901
16,kcat_118,0.22234069175857882
17,kcat_118,0.20621231957574745
18,kcat_118,0.19186791741711937
19,kcat_118,0.18497323908120997
20,kcat_118,0.14745480986112736
21,kcat_118,0.13358731638373292
22,kcat_118,0.1267423451961715
23,kcat_118,0.1263482049486999
24,kcat_118,0.12260296810039419
25,kcat_118,0.11649032004590693
26,kcat_118,0.10755707826340716
27,kcat_118,0.10355408563600896
28,kcat_118,0.1001648944503964
29,kcat_118,0.096148566320833
30,kcat_118,0.08873124353487125
31,kcat_118,0.07948141828058983
32,kcat_118,0.07164365101001965
33,kcat_118,0.06904750876441436
34,kcat_118,0.0637886890542544
35,kcat_118,0.0596849790361466
36,kcat_118,0.0526355149831606
37,kcat_118,0.04725798804824549
38,kcat_118,0.04664937960723968
39,kcat_118,0.037063771171998786
40,kcat_118,0.03472680264777129
41,kcat_118,0.032714531864052564
42,kcat_118,0.02580344534821301
43,kcat_118,0.016605591929010743
44,kcat_118,0.01612193061482207
45,kcat_118,0.012438557381762937
46,kcat_118,0.0010877554320259325
47,kcat_118,0.001220586490156323
48,kcat_118,0.004477358046865996
49,kcat_118,0.005455855465221615
0,kcat_119,0.9523031840039502
1,kcat_119,0.8741188492288411
2,kcat_119,0.7811286743668967
3,kcat_119,0.6901930549290114
4,kcat_119,0.6154436343348483
5,kcat_119,0.5062498396577255
6,kcat_119,0.4932724550980087
7,kcat_119,0.4347829612334885
8,kcat_119,0.3761805367447126
9,kcat_119,0.358769931889935
10,kcat_119,0.34004116879335927
11,kcat_119,0.32791957729934906
12,kcat_119,0.3152011759128893
13,kcat_119,0.31365358123490505
14,kcat_119,0.29378235894194604
15,kcat_119,0.23157647871640788
16,kcat_119,0.21513232842623006
17,kcat_119,0.20458513448905352
18,kcat_119,0.1948765086996775
19,kcat_119,0.1918890673524685
20,kcat_119,0.15381107593896717
21,kcat_119,0.14584091342761654
22,kcat_119,0.12623937518377024
23,kcat_119,0.12205590302394988
24,kcat_119,0.11829277672475542
25,kcat_119,0.11229006611151203
26,kcat_119,0.09488604361057512
27,kcat_119,0.0905741981455991
28,kcat_119,0.0845923818885972
29,kcat_119,0.0702250096064556
30,kcat_119,0.06921643790850777
31,kcat_119,0.06107403550376712
32,kcat_119,0.05115253484437567
33,kcat_119,0.050207409463510835
34,kcat_119,0.042721340520752556
35,kcat_119,0.03295625066644488
36,kcat_119,0.027227814728017025
37,kcat_119,0.02420151019057637
38,kcat_119,0.022703275179914453
39,kcat_119,0.01494730802414112
40,kcat_119,0.009955374887293734
41,kcat_119,0.00883580999076247
42,kcat_119,0.005912838829963924
43,kcat_119,0.00045363012349467093
44,kcat_119,0.004146659584577242
45,kcat_119,0.010967166931660962
46,kcat_119,0.015493156412097015
47,kcat_119,0.019648981725831408
48,kcat_119,0.024387358157402044
49,kcat_119,0.02551879865108873
0,kcat_120,0.9477828592606253
1,kcat_120,0.915882899604861
2,kcat_120,0.7858746518138892
3,kcat_120,0.6471232617096632
4,kcat_120,0.5668002599038822
5,kcat_120,0.448101844677242
6,kcat_120,0.42197533260210435
7,kcat_120,0.3720685186329779
8,kcat_120,0.30004897396443614
9,kcat_120,0.2866357737501831
10,kcat_120,0.26599965619163857
11,kcat_120,0.24100230126218752
12,kcat_120,0.22596843651526874
13,kcat_120,0.2004566866661347
14,kcat_120,0.19552941857945025
15,kcat_120,0.1757165589736758
16,kcat_120,0.1642951845996004
17,kcat_120,0.14851940855156562
18,kcat_120,0.13407936595884873
19,kcat_120,0.12009386134422194
20,kcat_120,0.09830788654060461
21,kcat_120,0.09448865704333989
22,kcat_120,0.09063915592123149
23,kcat_120,0.08895276256782297
24,kcat_120,0.0848249176684507
25,kcat_120,0.07816909857705949
26,kcat_120,0.06675704709491956
27,kcat_120,0.06539396218151962
28,kcat_120,0.058478776384105695
29,kcat_120,0.056286793354138095
30,kcat_120,0.04726645908820931
31,kcat_120,0.04315628771784196
32,kcat_120,0.03849983486488461
33,kcat_120,0.0368187932553926
34,kcat_120,0.02445631763581824
35,kcat_120,0.023246877762548065
36,kcat_120,0.022739838984747587
37,kcat_120,0.023574783405706352
38,kcat_120,0.024445983354663765
39,kcat_120,0.020668631166212603
40,kcat_120,0.012537446802976476
41,kcat_120,0.008849607763590521
42,kcat_120,0.007309083416910997
43,kcat_120,0.005610800835930252
44,kcat_120,0.008454093836602918
45,kcat_120,0.01619328431854288
46,kcat_120,0.026549143932868984
47,kcat_120,0.025756356470330064
48,kcat_120,0.030038944515342492
49,kcat_120,0.029949545928415398
0,kcat_121,0.9001800099667767
1,kcat_121,0.8273170769284012
2,kcat_121,0.6937299198044754
3,kcat_121,0.596813107702059
4,kcat_121,0.5355360294272552
5,kcat_121,0.4139537944911737
6,kcat_121,0.3808063576348431
7,kcat_121,0.33144412829426506
8,kcat_121,0.3010853262389881
9,kcat_121,0.30108157745444325
10,kcat_121,0.2815484111304177
11,kcat_121,0.25647131587956695
12,kcat_121,0.24404032004336265
13,kcat_121,0.23268829412620182
14,kcat_121,0.2121279221545589
15,kcat_121,0.19052867169262225
16,kcat_121,0.1810018055073613
17,kcat_121,0.17984807557829674
18,kcat_121,0.16887142315500583
19,kcat_121,0.16643077138858312
20,kcat_121,0.1280731447698011
21,kcat_121,0.12275698270249781
22,kcat_121,0.11139396368598023
23,kcat_121,0.11011024897164012
24,kcat_121,0.09614095063269915
25,kcat_121,0.09733314361543828
26,kcat_121,0.09065201512135995
27,kcat_121,0.08474893350729215
28,kcat_121,0.07917524354575856
29,kcat_121,0.0664757683082083
30,kcat_121,0.06707429693116357
31,kcat_121,0.05607926965987766
32,kcat_121,0.049015357128339467
33,kcat_121,0.046559250131979944
34,kcat_121,0.03829472036379097
35,kcat_121,0.041477148752600876
36,kcat_121,0.037752799099674314
37,kcat_121,0.03424902201362651
38,kcat_121,0.028308827356208526
39,kcat_121,0.02697793772344945
40,kcat_121,0.025209541737870933
41,kcat_121,0.021426443485921196
42,kcat_121,0.015783822469907085
43,kcat_121,0.01446141085322129
44,kcat_121,0.014389338283943055
45,kcat_121,0.0053128584149280894
46,kcat_121,0.009046235037672356
47,kcat_121,0.0133225378090531
48,kcat_121,0.022071127578924977
49,kcat_121,0.026592227188891617
0,kcat_122,0.8622492820991555
1,kcat_122,0.8185210163585349
2,kcat_122,0.6853592534893972
3,kcat_122,0.54684711187248
4,kcat_122,0.49242025362132097
5,kcat_122,0.4336508075565011
6,kcat_122,0.4066326809625524
7,kcat_122,0.3615879209888565
8,kcat_122,0.25756568940921903
9,kcat_122,0.2637283083818539
10,kcat_122,0.24233478438326717
11,kcat_122,0.23312164522692352
12,kcat_122,0.22581609498283972
13,kcat_122,0.21935609087938884
14,kcat_122,0.20782175280303666
15,kcat_122,0.19359581794093955
16,kcat_122,0.19290517425644302
17,kcat_122,0.18261870630707766
18,kcat_122,0.16910026080924978
19,kcat_122,0.1615913330695235
20,kcat_122,0.13215372441518913
21,kcat_122,0.12364238069203307
22,kcat_122,0.10467117423786243
23,kcat_122,0.10039923732935407
24,kcat_122,0.09954153028822502
25,kcat_122,0.10046046679054159
26,kcat_122,0.08411878768592786
27,kcat_122,0.0829218568912116
28,kcat_122,0.07901319353139319
29,kcat_122,0.07988845435096774
30,kcat_122,0.07042492811903363
31,kcat_122,0.0697966114907006
32,kcat_122,0.06164752895051006
33,kcat_122,0.059159475209130445
34,kcat_122,0.04993051593364235
35,kcat_122,0.04447364357975983
36,kcat_122,0.039726135904331196
37,kcat_122,0.031255290265806715
38,kcat_122,0.01844895329825262
39,kcat_122,0.013101195640773269
40,kcat_122,0.0032213956295371045
41,kcat_122,0.002298497646838297
42,kcat_122,0.0009310879303631895
43,kcat_122,0.00833884460959079
44,kcat_122,0.010351159862149588
45,kcat_122,0.013869756987891507
46,kcat_122,0.020101755244536692
47,kcat_122,0.020272454010410248
48,kcat_122,0.02084700564208525
49,kcat_122,0.02092523803378229
0,kcat_123,1.1774686084727213
1,kcat_123,1.0807916040755405
2,kcat_123,0.924627190770311
3,kcat_123,0.8332065899656429
4,kcat_123,0.7750271009263041
5,kcat_123,0.6245324619269293
6,kcat_123,0.6114861288720629
7,kcat_123,0.5042205183055336
8,kcat_123,0.40895000247092106
9,kcat_123,0.39258613693233885
10,kcat_123,0.3893393294878803
11,kcat_123,0.36104404794458295
12,kcat_123,0.3425349645240734
13,kcat_123,0.3149328089265821
14,kcat_123,0.3001522335295766
15,kcat_123,0.27883766363313167
16,kcat_123,0.25568530539683365
17,kcat_123,0.24426054661023275
18,kcat_123,0.22420170246060495
19,kcat_123,0.22005223752754102
20,kcat_123,0.1985100606762774
21,kcat_123,0.18761508533113463
22,kcat_123,0.1799043341881162
23,kcat_123,0.17927237973997126
24,kcat_123,0.1729151222143139
25,kcat_123,0.17245051334503925
26,kcat_123,0.14769402046582114
27,kcat_123,0.14484813283798018
28,kcat_123,0.13969951393694824
29,kcat_123,0.13430572627650383
30,kcat_123,0.12868534248014815
31,kcat_123,0.12570679712265426
32,kcat_123,0.11635172319550625
33,kcat_123,0.11430325355985649
34,kcat_123,0.10350695732842556
35,kcat_123,0.10113140689603384
36,kcat_123,0.10316928874515843
37,kcat_123,0.10492269678726611
38,kcat_123,0.0969077059441207
39,kcat_123,0.08685672039982689
40,kcat_123,0.08362930920533455
41,kcat_123,0.08607370863218465
42,kcat_123,0.0815337330551568
43,kcat_123,0.07859023644547303
44,kcat_123,0.07426029402164963
45,kcat_123,0.0591257734033349
46,kcat_123,0.04873123070519732
47,kcat_123,0.048158043360951024
48,kcat_123,0.04895689995847965
49,kcat_123,0.04356891830455634
0,kcat_124,1.2726072892606015
1,kcat_124,1.1137660358116077
2,kcat_124,0.8784718199055114
3,kcat_124,0.7676405688005352
4,kcat_124,0.7086235265332418
5,kcat_124,0.5225823509134183
6,kcat_124,0.4822194138679653
7,kcat_124,0.46584615072665175
8,kcat_124,0.36276734128571597
9,kcat_124,0.34619724145704434
10,kcat_124,0.30679953028407153
11,kcat_124,0.26436888621025406
12,kcat_124,0.24729065927607718
13,kcat_124,0.2448773637887188
14,kcat_124,0.22196114828499744
15,kcat_124,0.19297009063622708
16,kcat_124,0.18293925031123776
17,kcat_124,0.17217169147348696
18,kcat_124,0.15982946313443194
19,kcat_124,0.15405236019015334
20,kcat_124,0.14042550634374254
21,kcat_124,0.12419068252018119
22,kcat_124,0.10662513349746587
23,kcat_124,0.10285513781543297
24,kcat_124,0.09995328772908352
25,kcat_124,0.096361625803641
26,kcat_124,0.08504677191235219
27,kcat_124,0.0774164308324386
28,kcat_124,0.0697905862373583
29,kcat_124,0.06785498789941342
30,kcat_124,0.05780567677867276
31,kcat_124,0.05267345724012305
32,kcat_124,0.046333575991707114
33,kcat_124,0.04329306376196983
34,kcat_124,0.0379278284394889
35,kcat_124,0.036347322722096745
36,kcat_124,0.02724171554317605
37,kcat_124,0.023558802994660295
38,kcat_124,0.02433564757884847
39,kcat_124,0.027143289559691662
40,kcat_124,0.021319169421959328
41,kcat_124,0.021154966829705756
42,kcat_124,0.017365052819710458
43,kcat_124,0.010647819025747329
44,kcat_124,0.007270620827925314
45,kcat_124,0.016638046036542294
46,kcat_124,0.019397908913000562
47,kcat_124,0.02315234483829677
48,kcat_124,0.02667408661888954
49,kcat_124,0.029004790946654927
0,kcat_125,0.49596260091317684
1,kcat_125,0.4531172729563646
2,kcat_125,0.4003627596352349
3,kcat_125,0.34755706661138125
4,kcat_125,0.3174488562308446
5,kcat_125,0.28315386644969964
6,kcat_125,0.26779583777419125
7,kcat_125,0.24070780382615425
8,kcat_125,0.20376542567483807
9,kcat_125,0.19174905665575342
10,kcat_125,0.17699483399215082
11,kcat_125,0.1535486592462296
12,kcat_125,0.1444394166760906
13,kcat_125,0.13535373615472326
14,kcat_125,0.1235013770289747
15,kcat_125,0.10752968756515219
16,kcat_125,0.09513382312573791
17,kcat_125,0.09412309119579136
18,kcat_125,0.08318244696122143
19,kcat_125,0.07202602738244131
20,kcat_125,0.057343112983291
21,kcat_125,0.051500817814130566
22,kcat_125,0.040599749085071676
23,kcat_125,0.03792351754517034
24,kcat_125,0.03941384282306103
25,kcat_125,0.038023376824697495
26,kcat_125,0.02331791219746191
27,kcat_125,0.020113825658120744
28,kcat_125,0.01846631131996159
29,kcat_125,0.016354869618244724
30,kcat_125,0.015001800478992303
31,kcat_125,0.012955658463159658
32,kcat_125,0.007127788480975915
33,kcat_125,0.008121818405674202
34,kcat_125,0.006052241853770769
35,kcat_125,0.001291793660057986
36,kcat_125,0.0008483858418764422
37,kcat_125,0.0039701313743542785
38,kcat_125,0.010265276656829508
39,kcat_125,0.011287640098550936
40,kcat_125,0.012019815798822431
41,kcat_125,0.017719397458208812
42,kcat_125,0.023333893436842144
43,kcat_125,0.03011392683274445
44,kcat_125,0.03333712257784865
45,kcat_125,0.03725756248457557
46,kcat_125,0.04000447015266439
47,kcat_125,0.04180899689045945
48,kcat_125,0.0398503920688398
49,kcat_125,0.04124213007689137
0,kcat_126,0.6407679010162942
1,kcat_126,0.6173211029726396
2,kcat_126,0.5954935261135675
3,kcat_126,0.5121228090674995
4,kcat_126,0.4555175877412302
5,kcat_126,0.3567283085171171
6,kcat_126,0.3215726670187435
7,kcat_126,0.294489198110287
8,kcat_126,0.21379786371153883
9,kcat_126,0.20873353486502896
10,kcat_126,0.1972338630899598
11,kcat_126,0.1718949641543384
12,kcat_126,0.1651411927518783
13,kcat_126,0.1613058562911416
14,kcat_126,0.15377455673919802
15,kcat_126,0.11789007560136218
16,kcat_126,0.11503736356913219
17,kcat_126,0.10820682887282
18,kcat_126,0.10661539932176865
19,kcat_126,0.10803600244874133
20,kcat_126,0.10074234311536844
21,kcat_126,0.09372796224164104
22,kcat_126,0.08996627481916757
23,kcat_126,0.08558238742967628
24,kcat_126,0.08092474454544396
25,kcat_126,0.08346067265031364
26,kcat_126,0.0722147840501054
27,kcat_126,0.06108786193055236
28,kcat_126,0.05622589508142286
29,kcat_126,0.05616762275832526
30,kcat_126,0.048008342988808024
31,kcat_126,0.0462140596536986
32,kcat_126,0.03259571908765565
33,kcat_126,0.0325164078976757
34,kcat_126,0.030658915832197292
35,kcat_126,0.028735900968692947
36,kcat_126,0.023744761238318233
37,kcat_126,0.022162888532726646
38,kcat_126,0.017461042991204653
39,kcat_126,0.01578031761681457
40,kcat_126,0.015015832873922915
41,kcat_126,0.015177541756290096
42,kcat_126,0.005783177568426024
43,kcat_126,0.0005373691189690116
44,kcat_126,0.0018543759940470514
45,kcat_126,0.0009244998864411556
46,kcat_126,0.01119486021469693
47,kcat_126,0.012353461451952328
48,kcat_126,0.012047484873619002
49,kcat_126,0.011576489915998186
0,kcat_127,0.730674022779283
1,kcat_127,0.6788492368830287
2,kcat_127,0.5771839689250648
3,kcat_127,0.5061734039359747
4,kcat_127,0.4816951913305111
5,kcat_127,0.40527051533031183
6,kcat_127,0.38638808571806815
7,kcat_127,0.3225511735935992
8,kcat_127,0.26181546384009186
9,kcat_127,0.2479973372670348
10,kcat_127,0.23747023144705698
11,kcat_127,0.23400706889770556
12,kcat_127,0.21559358667469194
13,kcat_127,0.20589261378741647
14,kcat_127,0.1871257891685549
15,kcat_127,0.1546766413965874
16,kcat_127,0.13614203666752492
17,kcat_127,0.12729833689599923
18,kcat_127,0.11929504921594149
19,kcat_127,0.11874865043795807
20,kcat_127,0.09133686281086237
21,kcat_127,0.08376578509334676
22,kcat_127,0.06996161047411459
23,kcat_127,0.06631829206462549
24,kcat_127,0.05862285135320985
25,kcat_127,0.049762866269550884
26,kcat_127,0.04052794636588933
27,kcat_127,0.03749094185474606
28,kcat_127,0.0367158342117588
29,kcat_127,0.034768500562752526
30,kcat_127,0.022899756703460047
31,kcat_127,0.020019592632627377
32,kcat_127,0.01132792408088462
33,kcat_127,0.005519188790691977
34,kcat_127,0.003900747113388075
35,kcat_127,0.008983355026732353
36,kcat_127,0.012448440420597123
37,kcat_127,0.016921023388204885
38,kcat_127,0.019906426874446954
39,kcat_127,0.021676006735936056
40,kcat_127,0.02686689889234061
41,kcat_127,0.026432372154467487
42,kcat_127,0.028604694858057143
43,kcat_127,0.03322905291711376
44,kcat_127,0.03900070318011545
45,kcat_127,0.04369040928771257
46,kcat_127,0.05534085942188685
47,kcat_127,0.054341420601646026
48,kcat_127,0.059032185941881025
49,kcat_127,0.0592594341657522
0,kcat_128,0.953556100375077
1,kcat_128,0.9070034036413259
2,kcat_128,0.8672551029431388
3,kcat_128,0.7690766580690492
4,kcat_128,0.6458172700154869
5,kcat_128,0.6083250276242808
6,kcat_128,0.5976085106909637
7,kcat_128,0.507502372213314
8,kcat_128,0.4338840555806508
9,kcat_128,0.4213668064777452
10,kcat_128,0.4002915037322407
11,kcat_128,0.368187597899003
12,kcat_128,0.3538630902295135
13,kcat_128,0.3376013878236917
14,kcat_128,0.325286602583229
15,kcat_128,0.27164572559576033
16,kcat_128,0.26887148200476907
17,kcat_128,0.26581618711067
18,kcat_128,0.23816330681646514
19,kcat_128,0.23274625381188468
20,kcat_128,0.21112705974469373
21,kcat_128,0.1913852128125495
22,kcat_128,0.17205380818290786
23,kcat_128,0.1655887798893257
24,kcat_128,0.15137712944212667
25,kcat_128,0.1485918886653785
26,kcat_128,0.1403833808327473
27,kcat_128,0.13885650431175314
28,kcat_128,0.1330097326184197
29,kcat_128,0.13237705360632396
30,kcat_128,0.13415995432552585
31,kcat_128,0.12701418444277815
32,kcat_128,0.11851620503370279
33,kcat_128,0.1164926444131552
34,kcat_128,0.10602246861642971
35,kcat_128,0.09715379651036221
36,kcat_128,0.09465056761561637
37,kcat_128,0.08543341165439391
38,kcat_128,0.08268143728959242
39,kcat_128,0.08608708018466801
40,kcat_128,0.08643005860941488
41,kcat_128,0.08724689789312771
42,kcat_128,0.0804811270324237
43,kcat_128,0.07872209935227623
44,kcat_128,0.07059790430846544
45,kcat_128,0.0681453755934376
46,kcat_128,0.061663068890453386
47,kcat_128,0.06038009835255864
48,kcat_128,0.057937410199111375
49,kcat_128,0.05666231104763407
0,kcat_129,0.6621075017941584
1,kcat_129,0.6043889884419369
2,kcat_129,0.4987008870042623
3,kcat_129,0.4243960901387469
4,kcat_129,0.3916369649236039
5,kcat_129,0.35451891103931127
6,kcat_129,0.32977870968291473
7,kcat_129,0.28469996589412366
8,kcat_129,0.24271212611465726
9,kcat_129,0.22988809888189843
10,kcat_129,0.21671147824426717
11,kcat_129,0.18985821636785186
12,kcat_129,0.17968880546833954
13,kcat_129,0.16833641072420719
14,kcat_129,0.1579905825516075
15,kcat_129,0.1326274448244164
16,kcat_129,0.12378160226094752
17,kcat_129,0.11364687414529483
18,kcat_129,0.10413477663554256
19,kcat_129,0.10255067204223306
20,kcat_129,0.0906197542059632
21,kcat_129,0.08279122101238534
22,kcat_129,0.0682826419746397
23,kcat_129,0.06409572382834322
24,kcat_129,0.062416370793821035
25,kcat_129,0.05755711222819692
26,kcat_129,0.03961319564677033
27,kcat_129,0.042048628897096145
28,kcat_129,0.03465627902021789
29,kcat_129,0.027506407924977588
30,kcat_129,0.019134802618970496
31,kcat_129,0.013847156400976833
32,kcat_129,0.004751146836618047
33,kcat_129,0.003384452743415434
34,kcat_129,0.0018594665445041964
35,kcat_129,0.00443167845648094
36,kcat_129,0.0061074033666745214
37,kcat_129,0.009243432472714566
38,kcat_129,0.010461551111854745
39,kcat_129,0.01396627691855809
40,kcat_129,0.021251157218844022
41,kcat_129,0.020523240556951063
42,kcat_129,0.02757887386431276
43,kcat_129,0.031751068819590035
44,kcat_129,0.033865735962480686
45,kcat_129,0.04057532959802277
46,kcat_129,0.04516869973758771
47,kcat_129,0.04828684421269666
48,kcat_129,0.057236615671988164
49,kcat_129,0.05766958462032435
0,kcat_130,1.4300401272743033
1,kcat_130,1.2364214663874413
2,kcat_130,1.028977414307526
3,kcat_130,0.8265855646088139
4,kcat_130,0.7232685972485811
5,kcat_130,0.6178381356240283
6,kcat_130,0.5849918118310818
7,kcat_130,0.5002506973160309
8,kcat_130,0.4439076612865572
9,kcat_130,0.4161560540771337
10,kcat_130,0.39750559876715225
11,kcat_130,0.3713134352614357
12,kcat_130,0.3524645056587151
13,kcat_130,0.3455187996620336
14,kcat_130,0.33215838174840034
15,kcat_130,0.2950760709470615
16,kcat_130,0.2777777978175864
17,kcat_130,0.26974438339057727
18,kcat_130,0.2583087736350013
19,kcat_130,0.2529064386904393
20,kcat_130,0.20408166034016564
21,kcat_130,0.18140592330055788
22,kcat_130,0.16915880698613017
23,kcat_130,0.16301542774563998
24,kcat_130,0.14984053799729327
25,kcat_130,0.1432763545406088
26,kcat_130,0.13058483149413985
27,kcat_130,0.1284260104015609
28,kcat_130,0.12444154361734097
29,kcat_130,0.12168151894893858
30,kcat_130,0.11057221887639458
31,kcat_130,0.10480166859384872
32,kcat_130,0.09968418780319908
33,kcat_130,0.09402504715493724
34,kcat_130,0.08149918509409601
35,kcat_130,0.07448569101974062
36,kcat_130,0.06252380752908188
37,kcat_130,0.056224192702382055
38,kcat_130,0.04535528150938258
39,kcat_130,0.03976325862201712
40,kcat_130,0.026695132106766495
41,kcat_130,0.025432321398547703
42,kcat_130,0.017868235567655207
43,kcat_130,0.016484989715924863
44,kcat_130,0.015179982121573007
45,kcat_130,0.006700969821992987
46,kcat_130,0.0002361178263116177
47,kcat_130,0.004236855683763177
48,kcat_130,0.000684967925854661
49,kcat_130,0.0003687031386874485
0,kcat_131,0.5454944635598502
1,kcat_131,0.5350864313310973
2,kcat_131,0.44672701193382025
3,kcat_131,0.3857355210517909
4,kcat_131,0.34202444597411763
5,kcat_131,0.3061634662274715
6,kcat_131,0.2849657377752956
7,kcat_131,0.27005090274489063
8,kcat_131,0.24210978259683283
9,kcat_131,0.23176257052160426
10,kcat_131,0.21701742704347626
11,kcat_131,0.19606150606423994
12,kcat_131,0.17443993012504425
13,kcat_131,0.16243869071707634
14,kcat_131,0.1492866451880461
15,kcat_131,0.137604799622259
16,kcat_131,0.12608066153630668
17,kcat_131,0.11122502502338846
18,kcat_131,0.09556277941030322
19,kcat_131,0.09178660940587813
20,kcat_131,0.06710076673702689
21,kcat_131,0.05529590841047085
22,kcat_131,0.046756590418453814
23,kcat_131,0.04612462780981472
24,kcat_131,0.04335735218369688
25,kcat_131,0.04153448774299924
26,kcat_131,0.03669958116403263
27,kcat_131,0.03452242259974526
28,kcat_131,0.0266841020167223
29,kcat_131,0.023210670231680237
30,kcat_131,0.016549117656720756
31,kcat_131,0.012575713399474771
32,kcat_131,0.007994697794164085
33,kcat_131,0.007315781500537332
34,kcat_131,0.0007552815202578996
35,kcat_131,0.0029207013415121657
36,kcat_131,0.008255284470589506
37,kcat_131,0.012940760678188284
38,kcat_131,0.012952510215865347
39,kcat_131,0.021549675305610073
40,kcat_131,0.029901640068329325
41,kcat_131,0.026693281178103656
42,kcat_131,0.02820549960017675
43,kcat_131,0.032262941799116505
44,kcat_131,0.03743583355298313
45,kcat_131,0.04367248691539213
46,kcat_131,0.04875002809483032
47,kcat_131,0.051011316450757634
48,kcat_131,0.05441380739531652
49,kcat_131,0.05739876739146786
0,kcat_132,0.8572007762836948
1,kcat_132,0.7594288767145417
2,kcat_132,0.5960691104873701
3,kcat_132,0.5039162662340366
4,kcat_132,0.4427819739368084
5,kcat_132,0.394213641842741
6,kcat_132,0.3731476794016162
7,kcat_132,0.33661123646801155
8,kcat_132,0.31076220792661763
9,kcat_132,0.32000629693366417
10,kcat_132,0.30050426533760355
11,kcat_132,0.2721663458430759
12,kcat_132,0.26178330440240855
13,kcat_132,0.24274887510350215
14,kcat_132,0.2108694683615491
15,kcat_132,0.16969426232353158
16,kcat_132,0.16138525783119287
17,kcat_132,0.15083852523914668
18,kcat_132,0.14034527671022398
19,kcat_132,0.13642351091514965
20,kcat_132,0.11582652750084504
21,kcat_132,0.10104099710183985
22,kcat_132,0.0936543413564515
23,kcat_132,0.09081369316432178
24,kcat_132,0.08504104272497919
25,kcat_132,0.0816142216033197
26,kcat_132,0.06399633289318914
27,kcat_132,0.05630704714691966
28,kcat_132,0.05248240084301891
29,kcat_132,0.04244472152790805
30,kcat_132,0.03139549373790104
31,kcat_132,0.03170988940973355
32,kcat_132,0.01420942809287262
33,kcat_132,0.013685959613049744
34,kcat_132,0.007317062402388604
35,kcat_132,0.001784327070407099
36,kcat_132,0.011913382665597615
37,kcat_132,0.013791608355054495
38,kcat_132,0.020621103988373787
39,kcat_132,0.024370712176748806
40,kcat_132,0.032166596161307064
41,kcat_132,0.034375791645999645
42,kcat_132,0.03866331250154754
43,kcat_132,0.04911424216436928
44,kcat_132,0.05210529566279994
45,kcat_132,0.05759223087217467
46,kcat_132,0.06266071882956815
47,kcat_132,0.06912582350218503
48,kcat_132,0.07540253878588865
49,kcat_132,0.07654190223684045
0,kcat_133,0.5286143370018873
1,kcat_133,0.49503853410607024
2,kcat_133,0.44852005104103987
3,kcat_133,0.3615753264878644
4,kcat_133,0.3285987254278125
5,kcat_133,0.30830906393219437
6,kcat_133,0.29261789293819007
7,kcat_133,0.30196219107096234
8,kcat_133,0.26296872935295396
9,kcat_133,0.254091495747081
10,kcat_133,0.2370358832327155
11,kcat_133,0.22057068586234516
12,kcat_133,0.2089253922151107
13,kcat_133,0.20151080876769922
14,kcat_133,0.17542318357811001
15,kcat_133,0.15931164503382117
16,kcat_133,0.15332046846590322
17,kcat_133,0.13752762950766761
18,kcat_133,0.13184506087330097
19,kcat_133,0.13131738425045172
20,kcat_133,0.11900160503816548
21,kcat_133,0.11339056622322863
22,kcat_133,0.10113046626851006
23,kcat_133,0.09820403651832507
24,kcat_133,0.09697327420138818
25,kcat_133,0.08705370222445004
26,kcat_133,0.06935372955196263
27,kcat_133,0.07018937181108918
28,kcat_133,0.07238387082047298
29,kcat_133,0.07097342017160052
30,kcat_133,0.06540625805093074
31,kcat_133,0.056877113866293495
32,kcat_133,0.04822785169415702
33,kcat_133,0.042890189010279425
34,kcat_133,0.033956904096713
35,kcat_133,0.03278302270192109
36,kcat_133,0.03150327970669385
37,kcat_133,0.03146953391255178
38,kcat_133,0.024387418326485895
39,kcat_133,0.021773423038132064
40,kcat_133,0.02008910247205827
41,kcat_133,0.01788130906881363
42,kcat_133,0.009984714608575281
43,kcat_133,0.00028431107084921146
44,kcat_133,0.004475769071138212
45,kcat_133,0.007733464344145477
46,kcat_133,0.019118894206486704
47,kcat_133,0.020694909061315832
48,kcat_133,0.023723783407816633
49,kcat_133,0.02204129146857999
0,kcat_134,0.40944510106334864
1,kcat_134,0.4045560419986656
2,kcat_134,0.35139562246803197
3,kcat_134,0.2974416630131406
4,kcat_134,0.2867979005125247
5,kcat_134,0.2492643032205136
6,kcat_134,0.23528549897277554
7,kcat_134,0.20753499184888444
8,kcat_134,0.17186953012122524
9,kcat_134,0.16854407380690098
10,kcat_134,0.15266788844186507
11,kcat_134,0.13922276417145285
12,kcat_134,0.13227498058143147
13,kcat_134,0.13596795671397
14,kcat_134,0.1327365252869078
15,kcat_134,0.11370894141408011
16,kcat_134,0.10886405442231595
17,kcat_134,0.10892799705700114
18,kcat_134,0.0984910493071139
19,kcat_134,0.09173278285564558
20,kcat_134,0.0861749321847483
21,kcat_134,0.07147207754668533
22,kcat_134,0.06786222462598253
23,kcat_134,0.06530865473247839
24,kcat_134,0.06349151646870493
25,kcat_134,0.06344637019303445
26,kcat_134,0.06257219738047907
27,kcat_134,0.06563810236983834
28,kcat_134,0.06451606416827466
29,kcat_134,0.05485904702177675
30,kcat_134,0.049559510193342586
31,kcat_134,0.04309637444449918
32,kcat_134,0.04177784972610018
33,kcat_134,0.034233789554743904
34,kcat_134,0.023076646983633962
35,kcat_134,0.022701711462052535
36,kcat_134,0.020621060363730244
37,kcat_134,0.01971732875052825
38,kcat_134,0.012609518391300978
39,kcat_134,0.010164470033745715
40,kcat_134,0.0032561508292135266
41,kcat_134,0.003181696727849879
42,kcat_134,0.0024510018095472226
43,kcat_134,0.006774063774656147
44,kcat_134,0.0074311437971873034
45,kcat_134,0.00959465489197151
46,kcat_134,0.01575177253086061
47,kcat_134,0.02241223011163958
48,kcat_134,0.02796197863113308
49,kcat_134,0.02897077184951301
0,kcat_135,0.8762098646448674
1,kcat_135,0.8196324441077395
2,kcat_135,0.6758258075375323
3,kcat_135,0.5720836664823463
4,kcat_135,0.5258370767796987
5,kcat_135,0.4515129575070561
6,kcat_135,0.41496838440030326
7,kcat_135,0.3938708820128786
8,kcat_135,0.3429459321064033
9,kcat_135,0.33198632060613364
10,kcat_135,0.3288119609584995
11,kcat_135,0.30645621924939237
12,kcat_135,0.2955333725393475
13,kcat_135,0.2977198072451485
14,kcat_135,0.2845072423108787
15,kcat_135,0.25738879243820345
16,kcat_135,0.24055015968214077
17,kcat_135,0.2250152821682574
18,kcat_135,0.20425080396022327
19,kcat_135,0.2042719658879206
20,kcat_135,0.17961448074718633
21,kcat_135,0.1684758363763321
22,kcat_135,0.14859484956273078
23,kcat_135,0.1453030976957506
24,kcat_135,0.13703592934696318
25,kcat_135,0.13423764632724083
26,kcat_135,0.11988284893381973
27,kcat_135,0.11535506184093415
28,kcat_135,0.10732718666573239
29,kcat_135,0.10065339407839245
30,kcat_135,0.09023709977603814
31,kcat_135,0.08499248687735325
32,kcat_135,0.07758655550335065
33,kcat_135,0.07432818885322147
34,kcat_135,0.06978913525539232
35,kcat_135,0.06421319051937563
36,kcat_135,0.05703005846852557
37,kcat_135,0.05015497361637136
38,kcat_135,0.043418037167138296
39,kcat_135,0.04094690241555295
40,kcat_135,0.03392186231862008
41,kcat_135,0.03417884023555818
42,kcat_135,0.022658966059384472
43,kcat_135,0.015165707341560775
44,kcat_135,0.013808312094154555
45,kcat_135,0.012524927958663685
46,kcat_135,0.002003587722625974
47,kcat_135,0.0020141206249814744
48,kcat_135,0.006188796648942721
49,kcat_135,0.006475697619092623
0,kcat_136,0.373111554738607
1,kcat_136,0.35509472286464144
2,kcat_136,0.2957682966861987
3,kcat_136,0.2358008156081267
4,kcat_136,0.22607262610633883
5,kcat_136,0.21582059727312275
6,kcat_136,0.19349855334909088
7,kcat_136,0.1635572717198379
8,kcat_136,0.1347524405085247
9,kcat_136,0.12781671928200916
10,kcat_136,0.10692939854415744
11,kcat_136,0.09984423597997234
12,kcat_136,0.0976740957608532
13,kcat_136,0.09738983990090777
14,kcat_136,0.08432387442137383
15,kcat_136,0.055326041927180554
16,kcat_136,0.0495400707907149
17,kcat_136,0.04668837334064347
18,kcat_136,0.04007735046511424
19,kcat_136,0.03934449578474052
20,kcat_136,0.034746449388705324
21,kcat_136,0.033571918964101936
22,kcat_136,0.026191246444586456
23,kcat_136,0.029224091280771962
24,kcat_136,0.022965659308924243
25,kcat_136,0.01867910051633694
26,kcat_136,0.014871732918193993
27,kcat_136,0.014101319840962417
28,kcat_136,0.010442788486384894
29,kcat_136,0.005498334772454326
30,kcat_136,0.0025666640367474156
31,kcat_136,0.0033417793005060875
32,kcat_136,0.00944862508165052
33,kcat_136,0.0087078232089871
34,kcat_136,0.012796650903706096
35,kcat_136,0.018840136150963742
36,kcat_136,0.022543496514859495
37,kcat_136,0.029234850773341668
38,kcat_136,0.03463644067514329
39,kcat_136,0.03902214605462776
40,kcat_136,0.04043478580176913
41,kcat_136,0.04221565943618297
42,kcat_136,0.043314785501567234
43,kcat_136,0.05082790089129186
44,kcat_136,0.049968061494989745
45,kcat_136,0.05377217954266406
46,kcat_136,0.05653243012699587
47,kcat_136,0.05777884297482185
48,kcat_136,0.05652879722890117
49,kcat_136,0.05615851849681088
0,kcat_137,0.9152689738574985
1,kcat_137,0.8648029412251957
2,kcat_137,0.7306434165141382
3,kcat_137,0.6418241464981403
4,kcat_137,0.5854736856210874
5,kcat_137,0.535053098624726
6,kcat_137,0.5163868755347946
7,kcat_137,0.4899482282741238
8,kcat_137,0.3217859187936214
9,kcat_137,0.30311980282975187
10,kcat_137,0.29127323315553577
11,kcat_137,0.2687936527719616
12,kcat_137,0.26102421208719095
13,kcat_137,0.2523210347113452
14,kcat_137,0.2350592232170494
15,kcat_137,0.197403901454007
16,kcat_137,0.18647305075464446
17,kcat_137,0.17722776004714222
18,kcat_137,0.14978138927223436
19,kcat_137,0.13996342359029715
20,kcat_137,0.11765525162067124
21,kcat_137,0.10996721508012212
22,kcat_137,0.09910980707052036
23,kcat_137,0.09720915165015521
24,kcat_137,0.08723571902762116
25,kcat_137,0.07711535014043108
26,kcat_137,0.06823856317985592
27,kcat_137,0.06581760314462545
28,kcat_137,0.06407207266702367
29,kcat_137,0.0646522327473709
30,kcat_137,0.05779309299716851
31,kcat_137,0.0512770187731217
32,kcat_137,0.03665443246515763
33,kcat_137,0.03456134088444588
34,kcat_137,0.022289044041342628
35,kcat_137,0.012678762581725258
36,kcat_137,0.008596580679945873
37,kcat_137,0.0059589223811712016
38,kcat_137,0.000385838316733658
39,kcat_137,0.002025299544352152
40,kcat_137,0.007333709807588717
41,kcat_137,0.01178919641080174
42,kcat_137,0.01733669720137589
43,kcat_137,0.020701786564126367
44,kcat_137,0.024960109259496793
45,kcat_137,0.02578842587535401
46,kcat_137,0.03116849844857752
47,kcat_137,0.03450683428875346
48,kcat_137,0.03900559218081228
49,kcat_137,0.03950427503620058
0,kcat_138,1.0413712850276582
1,kcat_138,0.9726795843954102
2,kcat_138,0.7711179616514929
3,kcat_138,0.6721899517835241
4,kcat_138,0.5941663149357863
5,kcat_138,0.5528682833305703
6,kcat_138,0.5032165693593627
7,kcat_138,0.43209653649998825
8,kcat_138,0.35406148494441697
9,kcat_138,0.33095056352209856
10,kcat_138,0.31508008972305424
11,kcat_138,0.2888540061137997
12,kcat_138,0.2765852811788858
13,kcat_138,0.27303806566635064
14,kcat_138,0.26444433250428767
15,kcat_138,0.23924198178427564
16,kcat_138,0.22170198442629938
17,kcat_138,0.21155594331635016
18,kcat_138,0.2037602284569941
19,kcat_138,0.20179620711724894
20,kcat_138,0.18104348771919748
21,kcat_138,0.17040427537202557
22,kcat_138,0.1575896904118448
23,kcat_138,0.15523715601513804
24,kcat_138,0.14996760268823311
25,kcat_138,0.13834100438791755
26,kcat_138,0.12602254565843313
27,kcat_138,0.12377040289369762
28,kcat_138,0.11908605948205306
29,kcat_138,0.10970363928008649
30,kcat_138,0.0986357421117015
31,kcat_138,0.09425409945367133
32,kcat_138,0.09169618152337383
33,kcat_138,0.08419125657787488
34,kcat_138,0.08295168702729594
35,kcat_138,0.07050924385251647
36,kcat_138,0.05698311911888999
37,kcat_138,0.050127507648688285
38,kcat_138,0.04303106305015295
39,kcat_138,0.02890793232262044
40,kcat_138,0.025434657616357118
41,kcat_138,0.026929981930626228
42,kcat_138,0.019398561188338156
43,kcat_138,0.019272341136459713
44,kcat_138,0.01892187228287612
45,kcat_138,0.013111759876815031
46,kcat_138,0.009375649057808879
47,kcat_138,0.006787448693122822
48,kcat_138,0.004857204077269893
49,kcat_138,0.0033907883146577166
0,kcat_139,0.168305527574145
1,kcat_139,0.1585174576051182
2,kcat_139,0.14452543032645238
3,kcat_139,0.149334731202086
4,kcat_139,0.14035058596244865
5,kcat_139,0.12674751725844963
6,kcat_139,0.11073812292165482
7,kcat_139,0.10560580016511506
8,kcat_139,0.07979510591815232
9,kcat_139,0.07218457450888038
10,kcat_139,0.07398575067937865
11,kcat_139,0.0670678742083745
12,kcat_139,0.06383227472135662
13,kcat_139,0.05818655439778766
14,kcat_139,0.05570970183860381
15,kcat_139,0.050980486544108417
16,kcat_139,0.05096937664818162
17,kcat_139,0.04940069170706613
18,kcat_139,0.04540761583701275
19,kcat_139,0.04693279412958125
20,kcat_139,0.03907044602779255
21,kcat_139,0.030444556060055233
22,kcat_139,0.02155304701851029
23,kcat_139,0.02146109427196241
24,kcat_139,0.019891980931247184
25,kcat_139,0.018123330542562297
26,kcat_139,0.016614780287328865
27,kcat_139,0.01173734469649502
28,kcat_139,0.010929709427889652
29,kcat_139,0.0030255476828317178
30,kcat_139,0.0026421061488300247
31,kcat_139,0.005628682370745501
32,kcat_139,0.01539103726128171
33,kcat_139,0.015710578990335587
34,kcat_139,0.02007156913025371
35,kcat_139,0.02315871171711487
36,kcat_139,0.026428612745949077
37,kcat_139,0.0281613495190606
38,kcat_139,0.03437847987297923
39,kcat_139,0.034691885288837494
40,kcat_139,0.0385228135614436
41,kcat_139,0.03975292978391575
42,kcat_139,0.04665638499966384
43,kcat_139,0.0534067610634108
44,kcat_139,0.05407658923321044
45,kcat_139,0.05784199364829552
46,kcat_139,0.07141860292784452
47,kcat_139,0.07417642504735936
48,kcat_139,0.07624368763614771
49,kcat_139,0.07742135869022475
0,kcat_140,0.39496513386616966
1,kcat_140,0.3844207100384479
2,kcat_140,0.34040173957278086
3,kcat_140,0.28859642819772535
4,kcat_140,0.25351656535527534
5,kcat_140,0.22330260105161326
6,kcat_140,0.21416369026204937
7,kcat_140,0.2088236119362097
8,kcat_140,0.1810620220016569
9,kcat_140,0.17185383513311325
10,kcat_140,0.16094022644891234
11,kcat_140,0.14212908427275323
12,kcat_140,0.13133246956417063
13,kcat_140,0.12999608102649407
14,kcat_140,0.1135104052734649
15,kcat_140,0.09184967612393709
16,kcat_140,0.09050674269610509
17,kcat_140,0.07791617358145451
18,kcat_140,0.06809652809940334
19,kcat_140,0.0675430347831621
20,kcat_140,0.05759269602296893
21,kcat_140,0.05237266931128796
22,kcat_140,0.04468088672602427
23,kcat_140,0.04185469409076437
24,kcat_140,0.03311095739851921
25,kcat_140,0.034825703153263034
26,kcat_140,0.031269527046059314
27,kcat_140,0.026337390723256016
28,kcat_140,0.022016795629999236
29,kcat_140,0.020937821484668613
30,kcat_140,0.010414102644127418
31,kcat_140,0.00851114564426944
32,kcat_140,0.004116174325354698
33,kcat_140,0.006742616292357965
34,kcat_140,0.009854526068517071
35,kcat_140,0.014795193771263464
36,kcat_140,0.018079616859670522
37,kcat_140,0.018522189131752572
38,kcat_140,0.018755038647776032
39,kcat_140,0.020422887277383478
40,kcat_140,0.03537315976086175
41,kcat_140,0.03339707294659159
42,kcat_140,0.03696530654958863
43,kcat_140,0.04258224955971348
44,kcat_140,0.04504714531613517
45,kcat_140,0.05264314304104822
46,kcat_140,0.06028078173313722
47,kcat_140,0.06311344561811927
48,kcat_140,0.06858431272484365
49,kcat_140,0.0713433741723381
0,kcat_141,1.0340861844092009
1,kcat_141,0.9503580934466851
2,kcat_141,0.7554798000187276
3,kcat_141,0.62731609051126
4,kcat_141,0.5397717109640358
5,kcat_141,0.4648601360310854
6,kcat_141,0.45078912917717123
7,kcat_141,0.4008760265954646
8,kcat_141,0.3223214902581476
9,kcat_141,0.3062811873193572
10,kcat_141,0.28666588642680346
11,kcat_141,0.2693208374863165
12,kcat_141,0.24190764153885036
13,kcat_141,0.2333190656337688
14,kcat_141,0.20422393748433398
15,kcat_141,0.17609309970645978
16,kcat_141,0.1571303449582524
17,kcat_141,0.15008655252325107
18,kcat_141,0.13372181941626482
19,kcat_141,0.12539997414855944
20,kcat_141,0.0945220453644878
21,kcat_141,0.08572349224688088
22,kcat_141,0.07198447061995039
23,kcat_141,0.06816579935662684
24,kcat_141,0.06179805758870035
25,kcat_141,0.05825292290943352
26,kcat_141,0.04936938042064891
27,kcat_141,0.04566623307532995
28,kcat_141,0.04206807011663042
29,kcat_141,0.030059249617603943
30,kcat_141,0.023260456273729184
31,kcat_141,0.015026595491556377
32,kcat_141,0.0007871557209293946
33,kcat_141,0.011959572158693825
34,kcat_141,0.026152840075766993
35,kcat_141,0.02966889665774612
36,kcat_141,0.030309709793906847
37,kcat_141,0.03448420943180439
38,kcat_141,0.03665498584365815
39,kcat_141,0.04266975053759961
40,kcat_141,0.043824937575251535
41,kcat_141,0.042640590798710735
42,kcat_141,0.04533713805830119
43,kcat_141,0.05117762110344439
44,kcat_141,0.04972258134703394
45,kcat_141,0.05499926520165237
46,kcat_141,0.07087346158515537
47,kcat_141,0.073852311322598
48,kcat_141,0.07480752086983557
49,kcat_141,0.07790918933085267
0,kcat_142,0.9545625774655214
1,kcat_142,0.8863485758319107
2,kcat_142,0.764321007828399
3,kcat_142,0.6356335463649506
4,kcat_142,0.5846484278368305
5,kcat_142,0.5017209672929029
6,kcat_142,0.4807297768235977
7,kcat_142,0.4304363375899054
8,kcat_142,0.34390687539675757
9,kcat_142,0.328691541009901
10,kcat_142,0.31170106613112425
11,kcat_142,0.28324272292362057
12,kcat_142,0.2619273520505658
13,kcat_142,0.2532978469039928
14,kcat_142,0.22730418900465524
15,kcat_142,0.19646306834040295
16,kcat_142,0.18457106612723403
17,kcat_142,0.1837793435557846
18,kcat_142,0.16362706181463424
19,kcat_142,0.1519910471834894
20,kcat_142,0.13421684288079128
21,kcat_142,0.12155596566341782
22,kcat_142,0.10678835148925941
23,kcat_142,0.10570081442354275
24,kcat_142,0.09647095174431669
25,kcat_142,0.08979880205723369
26,kcat_142,0.08616235166245284
27,kcat_142,0.08845138120277866
28,kcat_142,0.08495439144266849
29,kcat_142,0.07824187257768746
30,kcat_142,0.06614411862678272
31,kcat_142,0.05707150643146915
32,kcat_142,0.05366572617852824
33,kcat_142,0.052718622280636444
34,kcat_142,0.04002710558302479
35,kcat_142,0.03668870010732647
36,kcat_142,0.031598513139295625
37,kcat_142,0.02980343607356901
38,kcat_142,0.021662907984902658
39,kcat_142,0.0204186238588478
40,kcat_142,0.01566323358432801
41,kcat_142,0.014283899126276449
42,kcat_142,0.012016621304182205
43,kcat_142,0.003399905963158384
44,kcat_142,0.0001951001048365845
45,kcat_142,0.0056560039851382615
46,kcat_142,0.015854309259193705
47,kcat_142,0.01868378470473545
48,kcat_142,0.02306189768020264
49,kcat_142,0.024528873889682144
0,kcat_143,1.011113730558065
1,kcat_143,0.935213382016029
2,kcat_143,0.7677138766609563
3,kcat_143,0.6690286059331759
4,kcat_143,0.5868748402852576
5,kcat_143,0.4726782624877546
6,kcat_143,0.41952097282966505
7,kcat_143,0.35122801728185754
8,kcat_143,0.30156094451358784
9,kcat_143,0.290259819002236
10,kcat_143,0.27174339407305975
11,kcat_143,0.25360727206991546
12,kcat_143,0.2377072135365791
13,kcat_143,0.24197968523530522
14,kcat_143,0.22761595764123352
15,kcat_143,0.20636229050574081
16,kcat_143,0.1949249429023554
17,kcat_143,0.1807541660109536
18,kcat_143,0.17169659153636088
19,kcat_143,0.16212257064474994
20,kcat_143,0.12996802147280764
21,kcat_143,0.12239185404412466
22,kcat_143,0.11631533489615932
23,kcat_143,0.1150896242860771
24,kcat_143,0.10088637448037768
25,kcat_143,0.09977325779324932
26,kcat_143,0.09391754133227097
27,kcat_143,0.09150602455328408
28,kcat_143,0.09079457274452235
29,kcat_143,0.08417556441456055
30,kcat_143,0.07852124802770237
31,kcat_143,0.07514631643807
32,kcat_143,0.07214435078439276
33,kcat_143,0.06963821329296394
34,kcat_143,0.06671865631774583
35,kcat_143,0.06580497825913835
36,kcat_143,0.0584959821770835
37,kcat_143,0.058543532007521396
38,kcat_143,0.047190183637609316
39,kcat_143,0.039827403692229695
40,kcat_143,0.03584605645625168
41,kcat_143,0.0353863113912795
42,kcat_143,0.028279842179019195
43,kcat_143,0.023247297711992146
44,kcat_143,0.021303924613790038
45,kcat_143,0.019196585636410517
46,kcat_143,0.011304039917386346
47,kcat_143,0.009084853583114288
48,kcat_143,0.006000668500996795
49,kcat_143,0.004486002093246418
0,kcat_144,0.6417273669480932
1,kcat_144,0.6046642256678868
2,kcat_144,0.5324515444771329
3,kcat_144,0.47240013498031685
4,kcat_144,0.40523685805093745
5,kcat_144,0.3619184677514391
6,kcat_144,0.31810990089262203
7,kcat_144,0.3041858914340874
8,kcat_144,0.26576294656700195
9,kcat_144,0.2670048051441302
10,kcat_144,0.24562007645477568
11,kcat_144,0.23349762216040482
12,kcat_144,0.22267735520391727
13,kcat_144,0.2199581303020406
14,kcat_144,0.20040045355916594
15,kcat_144,0.18227119658163962
16,kcat_144,0.1715740990564947
17,kcat_144,0.16355505736516202
18,kcat_144,0.1625956060377749
19,kcat_144,0.15298270472287484
20,kcat_144,0.14287593331073264
21,kcat_144,0.13068134399825398
22,kcat_144,0.12194942716889418
23,kcat_144,0.11740135946561386
24,kcat_144,0.11081817953868434
25,kcat_144,0.10343023691003385
26,kcat_144,0.09099786763222134
27,kcat_144,0.08426733850179653
28,kcat_144,0.07675984821874607
29,kcat_144,0.06426650855663213
30,kcat_144,0.05456335124129766
31,kcat_144,0.05468738050070226
32,kcat_144,0.05022358755531258
33,kcat_144,0.04869949717340909
34,kcat_144,0.03961420234880141
35,kcat_144,0.039217892072740776
36,kcat_144,0.03343695369987635
37,kcat_144,0.02692170201076454
38,kcat_144,0.017029534631180527
39,kcat_144,0.008359084919297788
40,kcat_144,0.0032712736775335886
41,kcat_144,0.003339812649361161
42,kcat_144,0.0030748466458865144
43,kcat_144,0.006758921555415021
44,kcat_144,0.00730908651058946
45,kcat_144,0.014950860501896927
46,kcat_144,0.02218657244844468
47,kcat_144,0.026315913098933122
48,kcat_144,0.028707020057837526
49,kcat_144,0.029639489065225056
0,kcat_145,0.57483348726782
1,kcat_145,0.49579782645962506
2,kcat_145,0.4352785545152713
3,kcat_145,0.3508448590113316
4,kcat_145,0.31783979933911255
5,kcat_145,0.28786303474405744
6,kcat_145,0.2696204725287165
7,kcat_145,0.24393228114492627
8,kcat_145,0.16883717627978792
9,kcat_145,0.16527883082460726
10,kcat_145,0.15599038236616602
11,kcat_145,0.12273128004815281
12,kcat_145,0.11413178034558853
13,kcat_145,0.11343773469843138
14,kcat_145,0.1035824573909818
15,kcat_145,0.0910960935706973
16,kcat_145,0.08482485382208822
17,kcat_145,0.07639504383607786
18,kcat_145,0.0664352812447494
19,kcat_145,0.06569919817504634
20,kcat_145,0.06218949402526496
21,kcat_145,0.047289986145376633
22,kcat_145,0.03895525804669064
23,kcat_145,0.03607784344927676
24,kcat_145,0.02932396244468125
25,kcat_145,0.02167298459068711
26,kcat_145,0.007503942999013367
27,kcat_145,0.008011055552454184
28,kcat_145,0.0004803457360808533
29,kcat_145,0.004170074696127321
30,kcat_145,0.01341313526513696
31,kcat_145,0.013001310869641177
32,kcat_145,0.01772767681226022
33,kcat_145,0.023063906869340962
34,kcat_145,0.031073184076333908
35,kcat_145,0.03532269869032639
36,kcat_145,0.04086024073193707
37,kcat_145,0.040964387279024704
38,kcat_145,0.045374737798543084
39,kcat_145,0.049579686807539596
40,kcat_145,0.05341671298639162
41,kcat_145,0.05157488552616251
42,kcat_145,0.05431252688295426
43,kcat_145,0.05391283877295022
44,kcat_145,0.05362189889581937
45,kcat_145,0.06074521745791335
46,kcat_145,0.06536284893115385
47,kcat_145,0.06894022872068388
48,kcat_145,0.07438480291316185
49,kcat_145,0.07563651706692921
0,kcat_146,0.8251403124027035
1,kcat_146,0.754450618613032
2,kcat_146,0.6674435747403165
3,kcat_146,0.5816666507914234
4,kcat_146,0.5207440779171163
5,kcat_146,0.46321167633945337
6,kcat_146,0.43088363055882295
7,kcat_146,0.3882218815817803
8,kcat_146,0.3399952489611751
9,kcat_146,0.3214629952946144
10,kcat_146,0.30767377392086953
11,kcat_146,0.28464585323072317
12,kcat_146,0.2745887871978788
13,kcat_146,0.2599189044191244
14,kcat_146,0.23564568906345432
15,kcat_146,0.2028977833317182
16,kcat_146,0.18676840682564486
17,kcat_146,0.1816741264564889
18,kcat_146,0.16777252329031936
19,kcat_146,0.1594094298455868
20,kcat_146,0.14803159131655624
21,kcat_146,0.13674876957591142
22,kcat_146,0.1267857949435726
23,kcat_146,0.12527021518024536
24,kcat_146,0.12608768568132073
25,kcat_146,0.12339045998150278
26,kcat_146,0.10784513376734668
27,kcat_146,0.10402799063131317
28,kcat_146,0.0949918955392051
29,kcat_146,0.0928220628951411
30,kcat_146,0.07772517280150013
31,kcat_146,0.07115651160656537
32,kcat_146,0.0628711956726274
33,kcat_146,0.05856586361801237
34,kcat_146,0.04698232699025186
35,kcat_146,0.04370701898813065
36,kcat_146,0.03989669501580787
37,kcat_146,0.037551912451714166
38,kcat_146,0.03112752322692961
39,kcat_146,0.029402954512083333
40,kcat_146,0.020139272480045274
41,kcat_146,0.018617923048981865
42,kcat_146,0.013015044034120135
43,kcat_146,0.01194376357257945
44,kcat_146,0.0029315704873397954
45,kcat_146,0.0007954655272769921
46,kcat_146,0.0019320393521675033
47,kcat_146,0.006971731615957985
48,kcat_146,0.00887975293023307
49,kcat_146,0.010739178201163248
0,kcat_147,1.0346293761223144
1,kcat_147,0.9348614723644411
2,kcat_147,0.7662868502537559
3,kcat_147,0.6541246650559134
4,kcat_147,0.5838907873830705
5,kcat_147,0.5035988690693528
6,kcat_147,0.4738394239514228
7,kcat_147,0.43429716646010874
8,kcat_147,0.35553356993470314
9,kcat_147,0.3452263118580893
10,kcat_147,0.33477547402408864
11,kcat_147,0.30536985116646365
12,kcat_147,0.2864321630253829
13,kcat_147,0.2760940493628981
14,kcat_147,0.26085593112673916
15,kcat_147,0.22258197553005324
16,kcat_147,0.20728534107273597
17,kcat_147,0.1991428027110459
18,kcat_147,0.18881332878989815
19,kcat_147,0.18483988740557594
20,kcat_147,0.17070858021774266
21,kcat_147,0.15656715686685588
22,kcat_147,0.1404188203578366
23,kcat_147,0.12952680422151525
24,kcat_147,0.12253583694258618
25,kcat_147,0.11777304399111602
26,kcat_147,0.1057931829105506
27,kcat_147,0.10125855270481725
28,kcat_147,0.0977087158233441
29,kcat_147,0.09370883418703814
30,kcat_147,0.08067606919966618
31,kcat_147,0.07888968889054698
32,kcat_147,0.07204550619551642
33,kcat_147,0.06931534910199078
34,kcat_147,0.06565387604533407
35,kcat_147,0.05843677522611514
36,kcat_147,0.0519333305463035
37,kcat_147,0.047616473402782446
38,kcat_147,0.03261699490395781
39,kcat_147,0.0294271408625323
40,kcat_147,0.021294817691431402
41,kcat_147,0.020607270766066114
42,kcat_147,0.012161929673039527
43,kcat_147,0.008732069773719757
44,kcat_147,0.004765475269047644
45,kcat_147,0.0032166052018225088
46,kcat_147,0.008112712150110994
47,kcat_147,0.011440821655314182
48,kcat_147,0.01512499281096504
49,kcat_147,0.01756191170840338
0,kcat_148,0.6809385219472082
1,kcat_148,0.6585656040403093
2,kcat_148,0.5456799293599476
3,kcat_148,0.47586586894669075
4,kcat_148,0.41326650499770395
5,kcat_148,0.35434519415327237
6,kcat_148,0.3216278926628896
7,kcat_148,0.27395380883364806
8,kcat_148,0.23898478970994627
9,kcat_148,0.2225487735844082
10,kcat_148,0.20774862268623198
11,kcat_148,0.19459054986783753
12,kcat_148,0.18705428067144517
13,kcat_148,0.184415572168372
14,kcat_148,0.17125050027767613
15,kcat_148,0.15179581814217857
16,kcat_148,0.14500547592503787
17,kcat_148,0.13197674471123494
18,kcat_148,0.1215242248715217
19,kcat_148,0.11665349233379022
20,kcat_148,0.09659895585576167
21,kcat_148,0.09037667973345141
22,kcat_148,0.08151725473920769
23,kcat_148,0.07933767931758792
24,kcat_148,0.08295229266510154
25,kcat_148,0.08079753982261652
26,kcat_148,0.06904712486189367
27,kcat_148,0.06121850937908119
28,kcat_148,0.05524172954397001
29,kcat_148,0.04228992727888531
30,kcat_148,0.03674844673445916
31,kcat_148,0.03334614634861077
32,kcat_148,0.02446716050268156
33,kcat_148,0.01849150505728449
34,kcat_148,0.016152107687141086
35,kcat_148,0.008745014602101153
36,kcat_148,0.00655131726308198
37,kcat_148,0.003439477188512738
38,kcat_148,0.0014915360791632765
39,kcat_148,0.0059017864412547714
40,kcat_148,0.0060983515601757635
41,kcat_148,0.009622247668829957
42,kcat_148,0.014825366010334785
43,kcat_148,0.021804436818386785
44,kcat_148,0.025281221680725083
45,kcat_148,0.03208288725922506
46,kcat_148,0.039182448880436115
47,kcat_148,0.04283799535136303
48,kcat_148,0.05280172344423465
49,kcat_148,0.05377690177215379
0,kcat_149,0.8997622468781421
1,kcat_149,0.8129125628659124
2,kcat_149,0.6581220216938941
3,kcat_149,0.5513569457621531
4,kcat_149,0.49913583582109466
5,kcat_149,0.4346485694883265
6,kcat_149,0.40439717899954253
7,kcat_149,0.37180671080986033
8,kcat_149,0.29268252621534535
9,kcat_149,0.27951510629195003
10,kcat_149,0.27637806457877956
11,kcat_149,0.255114938801722
12,kcat_149,0.23748777977045432
13,kcat_149,0.2322560364339202
14,kcat_149,0.2162590872435546
15,kcat_149,0.2017650043266273
16,kcat_149,0.1860855119755853
17,kcat_149,0.17648861315007458
18,kcat_149,0.16100313418304954
19,kcat_149,0.15650648938652328
20,kcat_149,0.13066080077038378
21,kcat_149,0.11327124875730361
22,kcat_149,0.09413284072212089
23,kcat_149,0.09424832000985255
24,kcat_149,0.09023836145935153
25,kcat_149,0.08569229719408929
26,kcat_149,0.07419911249203788
27,kcat_149,0.07134613823000799
28,kcat_149,0.06135048653254622
29,kcat_149,0.05736799454540008
30,kcat_149,0.04815330851184995
31,kcat_149,0.043503390624165916
32,kcat_149,0.03543175533845545
33,kcat_149,0.03161021462671405
34,kcat_149,0.026577494214286995
35,kcat_149,0.018796008627172622
36,kcat_149,0.015945819077789202
37,kcat_149,0.01354991647817358
38,kcat_149,0.009444351155184232
39,kcat_149,0.0035004081184617044
40,kcat_149,0.002407225326571397
41,kcat_149,0.006391414746082452
42,kcat_149,0.011674093993218691
43,kcat_149,0.016098602822895443
44,kcat_149,0.021814722793341502
45,kcat_149,0.031807188064796724
46,kcat_149,0.04584304507966084
47,kcat_149,0.04902320265383706
48,kcat_149,0.05352704320242457
49,kcat_149,0.05711543890052307
0,kcat_150,0.5187489377478893
1,kcat_150,0.49440473664999074
2,kcat_150,0.4282118168101039
3,kcat_150,0.3781268967982296
4,kcat_150,0.336686271026466
5,kcat_150,0.3151678412442917
6,kcat_150,0.2808596051575677
7,kcat_150,0.261642954263554
8,kcat_150,0.1906463892848623
9,kcat_150,0.18973823658420988
10,kcat_150,0.18021025117299946
11,kcat_150,0.16805139794062554
12,kcat_150,0.1618677858868235
13,kcat_150,0.15409350241028522
14,kcat_150,0.14316379116507294
15,kcat_150,0.12301833156883289
16,kcat_150,0.1117895750024329
17,kcat_150,0.0994728946223496
18,kcat_150,0.08646117216128811
19,kcat_150,0.08335654100402504
20,kcat_150,0.06803623129779594
21,kcat_150,0.06061393242864363
22,kcat_150,0.04474609318581301
23,kcat_150,0.04093203672627016
24,kcat_150,0.0355912048216943
25,kcat_150,0.03763117890038365
26,kcat_150,0.03910348706118804
27,kcat_150,0.039211730960959396
28,kcat_150,0.0326580132551712
29,kcat_150,0.030672100485941177
30,kcat_150,0.020460171501521945
31,kcat_150,0.020460285083361476
32,kcat_150,0.01785743228039053
33,kcat_150,0.017041034585235475
34,kcat_150,0.012392066508164119
35,kcat_150,0.0051449393948365275
36,kcat_150,0.004629187241257992
37,kcat_150,0.010858810685108853
38,kcat_150,0.015062471500364891
39,kcat_150,0.01945833633475648
40,kcat_150,0.023275038428931947
41,kcat_150,0.023980093129435977
42,kcat_150,0.02542536147009891
43,kcat_150,0.027049352531183565
44,kcat_150,0.02838569868532997
45,kcat_150,0.02989880968559797
46,kcat_150,0.03772901647851938
47,kcat_150,0.040528135095809256
48,kcat_150,0.046858836455552
49,kcat_150,0.047439603154269296
0,kcat_151,0.778197076015202
1,kcat_151,0.6878251278460228
2,kcat_151,0.6056936179823903
3,kcat_151,0.5217110689978588
4,kcat_151,0.4592321628179073
5,kcat_151,0.406566573183327
6,kcat_151,0.3826980143655793
7,kcat_151,0.3516939983165365
8,kcat_151,0.3030097537582548
9,kcat_151,0.2897079551899691
10,kcat_151,0.27576263979842713
11,kcat_151,0.26135127192703406
12,kcat_151,0.25124774144793843
13,kcat_151,0.23993065367004848
14,kcat_151,0.23437782417566316
15,kcat_151,0.21527249370801918
16,kcat_151,0.20561145508480533
17,kcat_151,0.19445680086404374
18,kcat_151,0.18073257427522824
19,kcat_151,0.1693486222363687
20,kcat_151,0.13679616417114765
21,kcat_151,0.1291375218345108
22,kcat_151,0.11742676845607666
23,kcat_151,0.11280837086478314
24,kcat_151,0.10882922146580881
25,kcat_151,0.10312045649678081
26,kcat_151,0.09028650389649488
27,kcat_151,0.07741765575946795
28,kcat_151,0.07281276062086986
29,kcat_151,0.06574226277697898
30,kcat_151,0.057639547388721436
31,kcat_151,0.05512463873455133
32,kcat_151,0.04572944164134324
33,kcat_151,0.0366302310290715
34,kcat_151,0.035539247680835384
35,kcat_151,0.02709383920014826
36,kcat_151,0.023309581112011354
37,kcat_151,0.016462727592754217
38,kcat_151,0.008477938265244733
39,kcat_151,0.003911624990201737
40,kcat_151,0.00032935087344479437
41,kcat_151,0.0036134555345832325
42,kcat_151,0.006713437043917075
43,kcat_151,0.0049717670598772145
44,kcat_151,0.009910245089517385
45,kcat_151,0.019112398480233588
46,kcat_151,0.027671440932242594
47,kcat_151,0.02886149758715479
48,kcat_151,0.031144008848269792
49,kcat_151,0.03290693975790609
0,kcat_152,0.5576297889284207
1,kcat_152,0.5315600417859778
2,kcat_152,0.46791734245953237
3,kcat_152,0.38742003987792845
4,kcat_152,0.34618183287827314
5,kcat_152,0.2969222370495173
6,kcat_152,0.28802964908866224
7,kcat_152,0.2724376878363003
8,kcat_152,0.21944386677060926
9,kcat_152,0.20936372380017831
10,kcat_152,0.20267452232277572
11,kcat_152,0.18599369338600621
12,kcat_152,0.17571968073176178
13,kcat_152,0.16227950622122694
14,kcat_152,0.15358274434885788
15,kcat_152,0.12180647740490586
16,kcat_152,0.11451643641556697
17,kcat_152,0.10457286742105545
18,kcat_152,0.09340404207634084
19,kcat_152,0.08902330101764903
20,kcat_152,0.0792444118551787
21,kcat_152,0.07249379878964425
22,kcat_152,0.0542564635835482
23,kcat_152,0.05289315707367747
24,kcat_152,0.04825577609026391
25,kcat_152,0.04255249885151539
26,kcat_152,0.03666807056486131
27,kcat_152,0.030051338102919305
28,kcat_152,0.023426450875765913
29,kcat_152,0.012034976693447911
30,kcat_152,0.0005476474851961983
31,kcat_152,0.003162217643538287
32,kcat_152,0.0064804610320549965
33,kcat_152,0.006099684373188943
34,kcat_152,0.003027233134540562
35,kcat_152,0.007905323649213102
36,kcat_152,0.01410593339051974
37,kcat_152,0.01319543881791462
38,kcat_152,0.016838169624434993
39,kcat_152,0.024698428414449084
40,kcat_152,0.03058648185567714
41,kcat_152,0.031342272311594234
42,kcat_152,0.03626373648446033
43,kcat_152,0.041101258100041
44,kcat_152,0.04407522073796854
45,kcat_152,0.04874105921542132
46,kcat_152,0.049367602068333696
47,kcat_152,0.05083088050123102
48,kcat_152,0.05311798494540609
49,kcat_152,0.053067900506137654
0,kcat_153,0.3706301203902157
1,kcat_153,0.35882508676395414
2,kcat_153,0.3089991667927419
3,kcat_153,0.2732673335862922
4,kcat_153,0.2536701608756836
5,kcat_153,0.2474461049995853
6,kcat_153,0.2365027278927623
7,kcat_153,0.20855034249297916
8,kcat_153,0.19986820441070674
9,kcat_153,0.19260178609527068
10,kcat_153,0.1777279389469126
11,kcat_153,0.16278113918792156
12,kcat_153,0.15205266617060442
13,kcat_153,0.14624719516419515
14,kcat_153,0.1387885572147459
15,kcat_153,0.1135750678974949
16,kcat_153,0.10232551346233647
17,kcat_153,0.09295130806139108
18,kcat_153,0.0840056366982925
19,kcat_153,0.07957643201786135
20,kcat_153,0.05431952338916034
21,kcat_153,0.05438470887846912
22,kcat_153,0.04851768149350949
23,kcat_153,0.0487534486252369
24,kcat_153,0.05040924719467961
25,kcat_153,0.043612440981339096
26,kcat_153,0.033639995270680886
27,kcat_153,0.0324989822907179
28,kcat_153,0.03230900765797055
29,kcat_153,0.0309826093688507
30,kcat_153,0.024264644590894988
31,kcat_153,0.02110928163750656
32,kcat_153,0.0043707756971794335
33,kcat_153,0.006043223105615207
34,kcat_153,0.0064759269299579075
35,kcat_153,0.011782436654647403
36,kcat_153,0.014882231997112388
37,kcat_153,0.015706014495189005
38,kcat_153,0.0256319996554889
39,kcat_153,0.030560635067920387
40,kcat_153,0.03377429021149626
41,kcat_153,0.03183366034100921
42,kcat_153,0.034849467309077224
43,kcat_153,0.0383778545070748
44,kcat_153,0.04442608045680217
45,kcat_153,0.05460320153708243
46,kcat_153,0.059360906400809724
47,kcat_153,0.059563797452188566
48,kcat_153,0.06127136296543463
49,kcat_153,0.06191092470686586
0,kcat_154,0.35847251703349536
1,kcat_154,0.3488075185819883
2,kcat_154,0.30329454703848324
3,kcat_154,0.2703647168398578
4,kcat_154,0.25566640077249214
5,kcat_154,0.23680844351980015
6,kcat_154,0.20999527473436874
7,kcat_154,0.20719005009103678
8,kcat_154,0.1838871173188332
9,kcat_154,0.17633762457705682
10,kcat_154,0.17262326783136572
11,kcat_154,0.1643244834859684
12,kcat_154,0.15731101726619282
13,kcat_154,0.14863727059838663
14,kcat_154,0.1372123741401226
15,kcat_154,0.1261462794267583
16,kcat_154,0.11372933670673592
17,kcat_154,0.11746870486431371
18,kcat_154,0.11338773013673838
19,kcat_154,0.10623594018822673
20,kcat_154,0.09285463423455097
21,kcat_154,0.08351729515760184
22,kcat_154,0.07413794160494035
23,kcat_154,0.07013251493999004
24,kcat_154,0.06603968772077236
25,kcat_154,0.06599010586547112
26,kcat_154,0.05076070417503024
27,kcat_154,0.04723713750229202
28,kcat_154,0.04606766915457411
29,kcat_154,0.03820787157996593
30,kcat_154,0.03343223755257499
31,kcat_154,0.02970465072251849
32,kcat_154,0.022932034767633072
33,kcat_154,0.01993924896948512
34,kcat_154,0.011323018259469802
35,kcat_154,0.0019310419384267533
36,kcat_154,0.00920401949721694
37,kcat_154,0.012072992009561112
38,kcat_154,0.01683161803671716
39,kcat_154,0.01647371110024848
40,kcat_154,0.018187279808189537
41,kcat_154,0.017970707616287492
42,kcat_154,0.0250718867818739
43,kcat_154,0.030681047108999177
44,kcat_154,0.031896675706816306
45,kcat_154,0.03607900347788124
46,kcat_154,0.0440361183646995
47,kcat_154,0.04834069221930785
48,kcat_154,0.05204942477474189
49,kcat_154,0.052415108325830434
0,kcat_155,0.40433082989118685
1,kcat_155,0.3797716902325043
2,kcat_155,0.31774931712450366
3,kcat_155,0.2785481380728969
4,kcat_155,0.24873695822381423
5,kcat_155,0.22635160602742907
6,kcat_155,0.21237120526767223
7,kcat_155,0.20338114842325514
8,kcat_155,0.17340829651461762
9,kcat_155,0.1733369376302845
10,kcat_155,0.1690548084746542
11,kcat_155,0.1578830786226607
12,kcat_155,0.15505398224184572
13,kcat_155,0.15474622024182375
14,kcat_155,0.1479422139521546
15,kcat_155,0.13857750253156462
16,kcat_155,0.13490956943598253
17,kcat_155,0.12514657993184647
18,kcat_155,0.11564229202397308
19,kcat_155,0.11302185394715362
20,kcat_155,0.09276270459657841
21,kcat_155,0.08167678472739023
22,kcat_155,0.07851265900027699
23,kcat_155,0.07341550369557778
24,kcat_155,0.07028871948409282
25,kcat_155,0.062238508622031806
26,kcat_155,0.053054088743908656
27,kcat_155,0.05159144693423102
28,kcat_155,0.044260916777330114
29,kcat_155,0.04346195697479929
30,kcat_155,0.03419682971572753
31,kcat_155,0.030529937441855642
32,kcat_155,0.024087447791230614
33,kcat_155,0.021204082424290106
34,kcat_155,0.009008261724265021
35,kcat_155,0.003556114814780929
36,kcat_155,0.003191590498937612
37,kcat_155,0.0019929818183255306
38,kcat_155,0.010625574436997017
39,kcat_155,0.012441769878983058
40,kcat_155,0.014265799367034942
41,kcat_155,0.015444542398813826
42,kcat_155,0.019067082192112787
43,kcat_155,0.02399893601913817
44,kcat_155,0.02667884395476251
45,kcat_155,0.032326548777817724
46,kcat_155,0.037838796143018265
47,kcat_155,0.03856510114893237
48,kcat_155,0.040490589525061425
49,kcat_155,0.0414942252984974
0,kcat_156,0.5860381946925426
1,kcat_156,0.5463852980921854
2,kcat_156,0.47347389914533194
3,kcat_156,0.42069455280189183
4,kcat_156,0.37954629150424357
5,kcat_156,0.34906840210518597
6,kcat_156,0.3289651838934762
7,kcat_156,0.2832078554852363
8,kcat_156,0.23453376733363396
9,kcat_156,0.22323588709385053
10,kcat_156,0.20795260385705078
11,kcat_156,0.19199533675064623
12,kcat_156,0.1786677262302596
13,kcat_156,0.16701629315852062
14,kcat_156,0.14168981713927764
15,kcat_156,0.11809970768700982
16,kcat_156,0.11246780115688061
17,kcat_156,0.10635702199917901
18,kcat_156,0.09458396593655036
19,kcat_156,0.08909360348899517
20,kcat_156,0.06933256704832597
21,kcat_156,0.061139730731022766
22,kcat_156,0.055408474770606564
23,kcat_156,0.05317596856238451
24,kcat_156,0.04693396210661922
25,kcat_156,0.04227356610167793
26,kcat_156,0.03349590528405691
27,kcat_156,0.029812055359874086
28,kcat_156,0.022570525582576002
29,kcat_156,0.020024916577220754
30,kcat_156,0.012955945302746437
31,kcat_156,0.010305194056630126
32,kcat_156,0.005399088525855295
33,kcat_156,0.001436186759502557
34,kcat_156,0.000482206621741563
35,kcat_156,6.018310484688294e-05
36,kcat_156,0.0033626041631256895
37,kcat_156,0.006484955613300797
38,kcat_156,0.012740754874005382
39,kcat_156,0.0149590182300015
40,kcat_156,0.024008946583200273
41,kcat_156,0.025846725945468822
42,kcat_156,0.030607490254838412
43,kcat_156,0.03923876939150224
44,kcat_156,0.03733124640307231
45,kcat_156,0.045566999170069816
46,kcat_156,0.05738071996746374
47,kcat_156,0.0615661989881944
48,kcat_156,0.06064405652112704
49,kcat_156,0.05960143654498608
0,kcat_157,0.7948172576810442
1,kcat_157,0.7434261794858346
2,kcat_157,0.6580583666968852
3,kcat_157,0.5623430928406944
4,kcat_157,0.5072247649999211
5,kcat_157,0.45613409661995824
6,kcat_157,0.4147702189918171
7,kcat_157,0.3559395877394937
8,kcat_157,0.2994482155948657
9,kcat_157,0.29102161935565424
10,kcat_157,0.27098810391913625
11,kcat_157,0.2356365288862774
12,kcat_157,0.22964927107980387
13,kcat_157,0.22722162241064042
14,kcat_157,0.2146533390261996
15,kcat_157,0.20141203282879497
16,kcat_157,0.20114033693649327
17,kcat_157,0.1989111049423702
18,kcat_157,0.18159506969447547
19,kcat_157,0.18245941860136192
20,kcat_157,0.16931162566841365
21,kcat_157,0.16238079241552528
22,kcat_157,0.1483667120647163
23,kcat_157,0.1465868133490283
24,kcat_157,0.1362289486998363
25,kcat_157,0.13961745986080457
26,kcat_157,0.12952568109012186
27,kcat_157,0.12482617389810755
28,kcat_157,0.12115007843962912
29,kcat_157,0.11120998418587326
30,kcat_157,0.09869974867954882
31,kcat_157,0.09472812597874632
32,kcat_157,0.09609583441367192
33,kcat_157,0.09106987944541291
34,kcat_157,0.087665335732511
35,kcat_157,0.08369629479239399
36,kcat_157,0.06847444406156993
37,kcat_157,0.06553323732717593
38,kcat_157,0.05984807868916652
39,kcat_157,0.0505675190712483
40,kcat_157,0.04385283197233731
41,kcat_157,0.0384175978142806
42,kcat_157,0.026955317628370338
43,kcat_157,0.02278873347472981
44,kcat_157,0.02178913721351762
45,kcat_157,0.016874300974673687
46,kcat_157,0.009993269398956625
47,kcat_157,0.0015119562500008298
48,kcat_157,0.0024088519435043207
49,kcat_157,0.0038017464434583446
0,kcat_158,0.5625248629019195
1,kcat_158,0.5427047659506481
2,kcat_158,0.42787635235216215
3,kcat_158,0.3795575777833022
4,kcat_158,0.34264044801297155
5,kcat_158,0.3236171060176424
6,kcat_158,0.3089249031896911
7,kcat_158,0.28420685607814955
8,kcat_158,0.23259796499710103
9,kcat_158,0.21166599168913083
10,kcat_158,0.20204861762513224
11,kcat_158,0.19261363352890568
12,kcat_158,0.18230327362503235
13,kcat_158,0.1812618657354575
14,kcat_158,0.17112865185159648
15,kcat_158,0.14387956002076835
16,kcat_158,0.1350881228117291
17,kcat_158,0.12487608221030808
18,kcat_158,0.1179414540609329
19,kcat_158,0.10868559534118814
20,kcat_158,0.09314972295381768
21,kcat_158,0.07817293829919908
22,kcat_158,0.07142384209152139
23,kcat_158,0.06852225680244409
24,kcat_158,0.06842604483914977
25,kcat_158,0.06970874801481285
26,kcat_158,0.05803696251668758
27,kcat_158,0.06056789726248103
28,kcat_158,0.06215861163108662
29,kcat_158,0.05612236975466358
30,kcat_158,0.04704182351633963
31,kcat_158,0.04057064254223112
32,kcat_158,0.031926767942808416
33,kcat_158,0.02492287444613401
34,kcat_158,0.01255875437628289
35,kcat_158,0.007016698198468439
36,kcat_158,0.013649086213961279
37,kcat_158,0.006063420013605295
38,kcat_158,0.008826721873408301
39,kcat_158,0.006556318381783657
40,kcat_158,0.0034362569236210984
41,kcat_158,0.0027327648155736116
42,kcat_158,0.0032466798357068923
43,kcat_158,0.008747212722231477
44,kcat_158,0.015935402239078283
45,kcat_158,0.020377657741855425
46,kcat_158,0.03269309168214146
47,kcat_158,0.033321717180353094
48,kcat_158,0.04147243603631639
49,kcat_158,0.04231113819136545
0,kcat_159,1.1735232065484926
1,kcat_159,1.0414397192623088
2,kcat_159,0.8242442067141781
3,kcat_159,0.6801706667584939
4,kcat_159,0.5810540573312024
5,kcat_159,0.47934534990765776
6,kcat_159,0.4597408220297253
7,kcat_159,0.4216385222315386
8,kcat_159,0.3384508235236732
9,kcat_159,0.3167597383943978
10,kcat_159,0.3049350708506704
11,kcat_159,0.2727630157196104
12,kcat_159,0.25781869047354045
13,kcat_159,0.2591968370514603
14,kcat_159,0.23887918640372208
15,kcat_159,0.21231441015533628
16,kcat_159,0.20223770106136066
17,kcat_159,0.18783527992967491
18,kcat_159,0.1769120986563391
19,kcat_159,0.16681236327504576
20,kcat_159,0.14887242349767418
21,kcat_159,0.13500093114585276
22,kcat_159,0.12363773783164939
23,kcat_159,0.1220849349408232
24,kcat_159,0.1188637333698428
25,kcat_159,0.11789610775358186
26,kcat_159,0.10809517542858287
27,kcat_159,0.1025276459127159
28,kcat_159,0.0983120277220724
29,kcat_159,0.09277694666919807
30,kcat_159,0.08684404979742126
31,kcat_159,0.08368052765141903
32,kcat_159,0.07026628920214428
33,kcat_159,0.06969779423775785
34,kcat_159,0.06165295911533215
35,kcat_159,0.050170090015503745
36,kcat_159,0.04604615487283761
37,kcat_159,0.04465162892806118
38,kcat_159,0.03854120538492694
39,kcat_159,0.03130165924587505
40,kcat_159,0.028052667954320473
41,kcat_159,0.02730588624542834
42,kcat_159,0.018092697547268197
43,kcat_159,0.012588330682876077
44,kcat_159,0.008545286582652157
45,kcat_159,0.0037359721231692354
46,kcat_159,0.0030946294501161212
47,kcat_159,0.0024211101881721556
48,kcat_159,0.004657126254785276
49,kcat_159,0.007381575832919387
0,kcat_160,0.33484707060694985
1,kcat_160,0.31908469188373395
2,kcat_160,0.2690492727072438
3,kcat_160,0.2566460823983897
4,kcat_160,0.2432254914713107
5,kcat_160,0.22492191475736445
6,kcat_160,0.21572083153100305
7,kcat_160,0.1973161701575067
8,kcat_160,0.15965496183870223
9,kcat_160,0.1589366661446244
10,kcat_160,0.15786748121854188
11,kcat_160,0.14384080596687585
12,kcat_160,0.14458741744108505
13,kcat_160,0.13742034646443024
14,kcat_160,0.12021157998320534
15,kcat_160,0.096628800680627
16,kcat_160,0.07767932103563313
17,kcat_160,0.07667379238750312
18,kcat_160,0.07142885605213015
19,kcat_160,0.0672318203568551
20,kcat_160,0.049421926548892714
21,kcat_160,0.038029443512805745
22,kcat_160,0.03291385367794654
23,kcat_160,0.031629724028419466
24,kcat_160,0.026803010131254756
25,kcat_160,0.019922712282575
26,kcat_160,0.01357051580133066
27,kcat_160,0.011402411159707743
28,kcat_160,0.0060392575695485265
29,kcat_160,0.006208991807316552
30,kcat_160,0.00018039915542465094
31,kcat_160,0.006624178856156904
32,kcat_160,0.008477848106919008
33,kcat_160,0.006803051296586222
34,kcat_160,0.015527842843283138
35,kcat_160,0.01968226958173843
36,kcat_160,0.017995691595634244
37,kcat_160,0.019514477626605603
38,kcat_160,0.0244488604365669
39,kcat_160,0.02386844902352523
40,kcat_160,0.02613753790341188
41,kcat_160,0.029173859154764215
42,kcat_160,0.03487003115735494
43,kcat_160,0.04585492725717692
44,kcat_160,0.04921702983731775
45,kcat_160,0.05711493200958911
46,kcat_160,0.06467489685629169
47,kcat_160,0.06687977989872185
48,kcat_160,0.06663259709350998
49,kcat_160,0.06927936247436983
0,kcat_161,0.5511541393336696
1,kcat_161,0.5036906605991294
2,kcat_161,0.45048532086264736
3,kcat_161,0.36776364000207035
4,kcat_161,0.3310090267685245
5,kcat_161,0.3017345686897429
6,kcat_161,0.2851942735476117
7,kcat_161,0.26527449288663074
8,kcat_161,0.21423337442449764
9,kcat_161,0.20244149776354733
10,kcat_161,0.19772987423440233
11,kcat_161,0.1868876803921518
12,kcat_161,0.1762548217726912
13,kcat_161,0.1700487298736855
14,kcat_161,0.15279128014202745
15,kcat_161,0.12492389647505138
16,kcat_161,0.11750104321391897
17,kcat_161,0.10753455088394981
18,kcat_161,0.09963578049672411
19,kcat_161,0.08909956972091007
20,kcat_161,0.07422753255271182
21,kcat_161,0.06467234558975325
22,kcat_161,0.055910679913778766
23,kcat_161,0.0511649143664892
24,kcat_161,0.04344814545142223
25,kcat_161,0.03612307093827025
26,kcat_161,0.02651454013438299
27,kcat_161,0.02526792258489883
28,kcat_161,0.01793935498689564
29,kcat_161,0.016975597187725667
30,kcat_161,0.013193792590658714
31,kcat_161,0.008069305010035404
32,kcat_161,0.00023612448425248305
33,kcat_161,0.004807834937068387
34,kcat_161,0.007510554219027913
35,kcat_161,0.011307549017526569
36,kcat_161,0.006794396711682177
37,kcat_161,0.0095875163133605
38,kcat_161,0.02221306281065615
39,kcat_161,0.030469620188850095
40,kcat_161,0.03709687647386059
41,kcat_161,0.03928558828981301
42,kcat_161,0.043748261434385
43,kcat_161,0.05079121247422493
44,kcat_161,0.050573187592601605
45,kcat_161,0.06637307510746358
46,kcat_161,0.07452619282377348
47,kcat_161,0.08186938938922794
48,kcat_161,0.08624560910643948
49,kcat_161,0.08792725040452615
0,kcat_162,0.439683140084527
1,kcat_162,0.42846124072808944
2,kcat_162,0.38159882770199893
3,kcat_162,0.3438412948972671
4,kcat_162,0.32393621345677
5,kcat_162,0.30977161129929226
6,kcat_162,0.2854065365010856
7,kcat_162,0.2544686614111741
8,kcat_162,0.23040194960051544
9,kcat_162,0.21361057153004026
10,kcat_162,0.1949446527771647
11,kcat_162,0.17079468862653213
12,kcat_162,0.16484616735008004
13,kcat_162,0.15995602588037394
14,kcat_162,0.14393854701585107
15,kcat_162,0.1309380996342833
16,kcat_162,0.12177057214376892
17,kcat_162,0.10858716155834806
18,kcat_162,0.10617643419505886
19,kcat_162,0.09588722207275689
20,kcat_162,0.0780619995697393
21,kcat_162,0.06783497065670327
22,kcat_162,0.058013588141156855
23,kcat_162,0.05426409383060228
24,kcat_162,0.048672464746685636
25,kcat_162,0.04640965962536585
26,kcat_162,0.02843852638287156
27,kcat_162,0.026984630140522218
28,kcat_162,0.019749725979694537
29,kcat_162,0.010706195430259684
30,kcat_162,0.0034950576889558505
31,kcat_162,0.002265537319378635
32,kcat_162,0.007159966223258322
33,kcat_162,0.010163826791534648
34,kcat_162,0.01645548766380609
35,kcat_162,0.02006402306080735
36,kcat_162,0.023721035769515113
37,kcat_162,0.02336933101447589
38,kcat_162,0.027867396811477974
39,kcat_162,0.030360242585028233
40,kcat_162,0.031262895876491774
41,kcat_162,0.034827318361269774
42,kcat_162,0.039580122789751586
43,kcat_162,0.04627498501787664
44,kcat_162,0.04678438546972496
45,kcat_162,0.05525420624050088
46,kcat_162,0.06659787209290588
47,kcat_162,0.06551657977183278
48,kcat_162,0.06899562672137798
49,kcat_162,0.06912590854315447
0,kcat_163,0.7449070636703448
1,kcat_163,0.7046335804994809
2,kcat_163,0.6275288874991706
3,kcat_163,0.5011021030921639
4,kcat_163,0.4657844059876322
5,kcat_163,0.4160143990123565
6,kcat_163,0.39937688872012206
7,kcat_163,0.3528581071053883
8,kcat_163,0.3205488669260381
9,kcat_163,0.3085884672998841
10,kcat_163,0.29612766760952886
11,kcat_163,0.26849068547951643
12,kcat_163,0.2556911002635215
13,kcat_163,0.2475697902707533
14,kcat_163,0.24547667288018454
15,kcat_163,0.21657828868480586
16,kcat_163,0.2078559769803752
17,kcat_163,0.2013831372169159
18,kcat_163,0.18893691637214963
19,kcat_163,0.1807075301767345
20,kcat_163,0.16442381048003743
21,kcat_163,0.1563012602004197
22,kcat_163,0.15065759021616035
23,kcat_163,0.14860747453894366
24,kcat_163,0.14336666146093804
25,kcat_163,0.13624885779584434
26,kcat_163,0.12083285992523808
27,kcat_163,0.10995992801318044
28,kcat_163,0.1071932473759102
29,kcat_163,0.10058809545462695
30,kcat_163,0.094530007348198
31,kcat_163,0.09261043606079931
32,kcat_163,0.09030579603862635
33,kcat_163,0.08575909151604735
34,kcat_163,0.08156925716252769
35,kcat_163,0.07157564156442765
36,kcat_163,0.06215084995157134
37,kcat_163,0.05989653544807934
38,kcat_163,0.05695153481319035
39,kcat_163,0.04683718731757822
40,kcat_163,0.04491914255508254
41,kcat_163,0.04657397683236862
42,kcat_163,0.040472023547122364
43,kcat_163,0.0396282891338086
44,kcat_163,0.029563824439036462
45,kcat_163,0.022336305319646664
46,kcat_163,0.009878040012031292
47,kcat_163,0.008771529204367192
48,kcat_163,0.0001222319869984349
49,kcat_163,0.0001890676210922539
0,kcat_164,0.8255837926468516
1,kcat_164,0.761093079384593
2,kcat_164,0.6370255989070518
3,kcat_164,0.4886602972414694
4,kcat_164,0.4426751055404659
5,kcat_164,0.4024457660420831
6,kcat_164,0.37157225851311
7,kcat_164,0.325816879037598
8,kcat_164,0.27356925790015413
9,kcat_164,0.2706683132583256
10,kcat_164,0.25015281275897144
11,kcat_164,0.2364526887497983
12,kcat_164,0.22863362354459657
13,kcat_164,0.23368276076014238
14,kcat_164,0.22349674609790376
15,kcat_164,0.19683454792253421
16,kcat_164,0.18692358342415097
17,kcat_164,0.17074886552257987
18,kcat_164,0.16063259462589188
19,kcat_164,0.15236468643983334
20,kcat_164,0.12525618066724217
21,kcat_164,0.12199658767707271
22,kcat_164,0.11691088215735232
23,kcat_164,0.11486286357040212
24,kcat_164,0.11270770694524454
25,kcat_164,0.1128860371313618
26,kcat_164,0.09677895981176611
27,kcat_164,0.09787219563830349
28,kcat_164,0.09838058617275067
29,kcat_164,0.09411114028880502
30,kcat_164,0.0909401220632314
31,kcat_164,0.08570425980461473
32,kcat_164,0.08122757136610592
33,kcat_164,0.07168447988174097
34,kcat_164,0.06424955461600886
35,kcat_164,0.06395577076049332
36,kcat_164,0.05542619468981211
37,kcat_164,0.05306065465760298
38,kcat_164,0.04449100574713127
39,kcat_164,0.03600964645817187
40,kcat_164,0.03225883803098498
41,kcat_164,0.02991480065185006
42,kcat_164,0.019844565007112604
43,kcat_164,0.019245021173976508
44,kcat_164,0.021181572863603997
45,kcat_164,0.01699062697447363
46,kcat_164,0.014316994061664689
47,kcat_164,0.011999770692912365
48,kcat_164,0.007917312165233517
49,kcat_164,0.004643059242238881
0,kcat_165,0.49907927435266164
1,kcat_165,0.4832881162324175
2,kcat_165,0.4398475626212515
3,kcat_165,0.37116293657751537
4,kcat_165,0.3271188498466636
5,kcat_165,0.2894241638795029
6,kcat_165,0.25540283505583306
7,kcat_165,0.23589780218813275
8,kcat_165,0.2091550342675707
9,kcat_165,0.19990283660942545
10,kcat_165,0.18925971090106497
11,kcat_165,0.17184309759522717
12,kcat_165,0.16601820780848683
13,kcat_165,0.17181110231421046
14,kcat_165,0.16491713449037215
15,kcat_165,0.14140724909171992
16,kcat_165,0.13180233967314464
17,kcat_165,0.12212216884858648
18,kcat_165,0.11363172373343669
19,kcat_165,0.1125107944046756
20,kcat_165,0.09413861258820745
21,kcat_165,0.08333946652609259
22,kcat_165,0.064423662077321
23,kcat_165,0.06429880898182046
24,kcat_165,0.06147071387728901
25,kcat_165,0.05957784693961703
26,kcat_165,0.04756981556060744
27,kcat_165,0.041046383081287836
28,kcat_165,0.03480169452165033
29,kcat_165,0.03290964644480739
30,kcat_165,0.033798960652306344
31,kcat_165,0.03432325164791984
32,kcat_165,0.028131152895267266
33,kcat_165,0.02604402358286128
34,kcat_165,0.017445967117386062
35,kcat_165,0.011849067223488951
36,kcat_165,0.011225094438056062
37,kcat_165,0.004869877987685901
38,kcat_165,0.002798730929628872
39,kcat_165,0.005599627702647849
40,kcat_165,0.004873076375400299
41,kcat_165,0.0062737248107369616
42,kcat_165,0.01665012659939811
43,kcat_165,0.018393376667748138
44,kcat_165,0.02772575670011173
45,kcat_165,0.03359533804124005
46,kcat_165,0.0357512547199161
47,kcat_165,0.03915341749232858
48,kcat_165,0.04922072315103656
49,kcat_165,0.05105080157147716
0,kcat_166,0.35828079845926436
1,kcat_166,0.32269787887083806
2,kcat_166,0.3036222688822929
3,kcat_166,0.2605005747426
4,kcat_166,0.23694415050913067
5,kcat_166,0.22424707031876887
6,kcat_166,0.21159643120000884
7,kcat_166,0.18951220748005515
8,kcat_166,0.15672640770198076
9,kcat_166,0.14626109570936818
10,kcat_166,0.13947121708347512
11,kcat_166,0.12288753262470795
12,kcat_166,0.11526227741512901
13,kcat_166,0.10648129491360231
14,kcat_166,0.10239163309747149
15,kcat_166,0.0892866300377619
16,kcat_166,0.08270900262711581
17,kcat_166,0.08344389251503095
18,kcat_166,0.07797449864840619
19,kcat_166,0.07477692120776588
20,kcat_166,0.05761298763206736
21,kcat_166,0.04782332175899664
22,kcat_166,0.04387773443016562
23,kcat_166,0.04074009897226188
24,kcat_166,0.026717135151058627
25,kcat_166,0.02578010638310308
26,kcat_166,0.019074045559816094
27,kcat_166,0.01438695210437143
28,kcat_166,0.012835742365566493
29,kcat_166,0.01303246336645414
30,kcat_166,0.013483410918319672
31,kcat_166,0.006916166641099825
32,kcat_166,0.003061748287106043
33,kcat_166,0.003029392341936126
34,kcat_166,0.007406608113134876
35,kcat_166,0.014702865536840472
36,kcat_166,0.024688320838575202
37,kcat_166,0.0263533468054033
38,kcat_166,0.030769997198466494
39,kcat_166,0.030267124247334933
40,kcat_166,0.038623433888609046
41,kcat_166,0.03593656861285499
42,kcat_166,0.03668269906476196
43,kcat_166,0.034978119219160775
44,kcat_166,0.03439360744479915
45,kcat_166,0.037700450344775774
46,kcat_166,0.04046955161201613
47,kcat_166,0.03988028053260728
48,kcat_166,0.044674114008108765
49,kcat_166,0.0458412320378927
0,kcat_167,0.8157448554818462
1,kcat_167,0.7598539283622748
2,kcat_167,0.5923596320223681
3,kcat_167,0.528916510893787
4,kcat_167,0.4721025781662122
5,kcat_167,0.4123217688337963
6,kcat_167,0.37771954220990533
7,kcat_167,0.35694961421980126
8,kcat_167,0.326941008499771
9,kcat_167,0.2960111353860849
10,kcat_167,0.2746251334141549
11,kcat_167,0.24135058337293674
12,kcat_167,0.22886800539757107
13,kcat_167,0.22689932332476984
14,kcat_167,0.19930565894760235
15,kcat_167,0.16237952266138625
16,kcat_167,0.14730009851956713
17,kcat_167,0.13763659637144846
18,kcat_167,0.12131645486961642
19,kcat_167,0.11390882766355873
20,kcat_167,0.0945486446582625
21,kcat_167,0.0941083269352002
22,kcat_167,0.08263554122859602
23,kcat_167,0.07933364059981111
24,kcat_167,0.07242958876505644
25,kcat_167,0.06804748187729164
26,kcat_167,0.0564764755545776
27,kcat_167,0.05794575366020301
28,kcat_167,0.05161206114122613
29,kcat_167,0.047105346581504386
30,kcat_167,0.04064070972411354
31,kcat_167,0.03917357676589082
32,kcat_167,0.02541339625637933
33,kcat_167,0.01696127805963784
34,kcat_167,0.013663849134650562
35,kcat_167,0.003242652715817885
36,kcat_167,0.0037345571067067653
37,kcat_167,0.0016494341217023652
38,kcat_167,0.0008714180326320671
39,kcat_167,0.0018163249438766832
40,kcat_167,0.001812127302739656
41,kcat_167,0.00174193437332736
42,kcat_167,0.0023312951934624008
43,kcat_167,0.004517307597239149
44,kcat_167,0.004173571793318236
45,kcat_167,0.01784956394492175
46,kcat_167,0.020639346725639274
47,kcat_167,0.01995507008728119
48,kcat_167,0.02450848697826617
49,kcat_167,0.028434302391014483
0,kcat_168,0.7519187891414627
1,kcat_168,0.6962372374275638
2,kcat_168,0.6344275580817856
3,kcat_168,0.5683644244603104
4,kcat_168,0.5227727695715735
5,kcat_168,0.46713147825850804
6,kcat_168,0.4239426322681005
7,kcat_168,0.3838700600698013
8,kcat_168,0.33664161577844687
9,kcat_168,0.3220706846134607
10,kcat_168,0.31146033813741975
11,kcat_168,0.2990318812655322
12,kcat_168,0.28880692182687157
13,kcat_168,0.2817106571061747
14,kcat_168,0.2637399994726168
15,kcat_168,0.22711642143887786
16,kcat_168,0.2046751986951387
17,kcat_168,0.18176181993403331
18,kcat_168,0.17007038788560638
19,kcat_168,0.16511758081614242
20,kcat_168,0.13490139478141536
21,kcat_168,0.1286509655884605
22,kcat_168,0.11660361476567067
23,kcat_168,0.11469998864874686
24,kcat_168,0.10662810082745801
25,kcat_168,0.10506336940249308
26,kcat_168,0.092603478156604
27,kcat_168,0.08724254510348423
28,kcat_168,0.08577079541928039
29,kcat_168,0.08156454108965482
30,kcat_168,0.0675525969377168
31,kcat_168,0.05961579182313834
32,kcat_168,0.05815837510131582
33,kcat_168,0.04965117717739377
34,kcat_168,0.04010204202725075
35,kcat_168,0.03516496299100156
36,kcat_168,0.032642054462282626
37,kcat_168,0.026106507420551994
38,kcat_168,0.020668894137404473
39,kcat_168,0.01715781530725555
40,kcat_168,0.011306094119634414
41,kcat_168,0.01028057294091876
42,kcat_168,0.006904411437240234
43,kcat_168,0.0030224122920152066
44,kcat_168,0.0015698354527697448
45,kcat_168,0.007839775509148215
46,kcat_168,0.014727375568973845
47,kcat_168,0.017122844511071548
48,kcat_168,0.02350959826220464
49,kcat_168,0.02507170252154895
0,kcat_169,0.46530958914101517
1,kcat_169,0.4407168128420317
2,kcat_169,0.4048025439944232
3,kcat_169,0.353954905223872
4,kcat_169,0.30402064888776975
5,kcat_169,0.27561702608079597
6,kcat_169,0.26126078389167595
7,kcat_169,0.24100031630874222
8,kcat_169,0.1802729806145145
9,kcat_169,0.1651161131843753
10,kcat_169,0.15694992506304584
11,kcat_169,0.14485550954310786
12,kcat_169,0.13793987690186885
13,kcat_169,0.13095227242932683
14,kcat_169,0.12330368573790255
15,kcat_169,0.09540446837764215
16,kcat_169,0.09266109763829158
17,kcat_169,0.08652605579783587
18,kcat_169,0.07731375639795697
19,kcat_169,0.07107161403131748
20,kcat_169,0.043120541264070264
21,kcat_169,0.04267736511217227
22,kcat_169,0.03831862202689466
23,kcat_169,0.037082407714259365
24,kcat_169,0.032749855875700055
25,kcat_169,0.027003029950521742
26,kcat_169,0.011097196952858792
27,kcat_169,0.00970676073461129
28,kcat_169,0.004791023380900278
29,kcat_169,0.001053703844440516
30,kcat_169,0.0010814051513450126
31,kcat_169,0.007628673646919484
32,kcat_169,0.011913177014528974
33,kcat_169,0.016587932462869895
34,kcat_169,0.02158248055237867
35,kcat_169,0.02210253287516492
36,kcat_169,0.029034090254510207
37,kcat_169,0.031169530692887866
38,kcat_169,0.03187264380353116
39,kcat_169,0.032505353546808474
40,kcat_169,0.03538570368102138
41,kcat_169,0.036009993130655525
42,kcat_169,0.043308604330809214
43,kcat_169,0.04499013207082981
44,kcat_169,0.04802247655999877
45,kcat_169,0.05614510763116305
46,kcat_169,0.060342900430789125
47,kcat_169,0.06600672382757447
48,kcat_169,0.06612307117359059
49,kcat_169,0.06806369023469062
0,kcat_170,0.46499266133812894
1,kcat_170,0.4465138321997473
2,kcat_170,0.39926168604535167
3,kcat_170,0.34400256533039797
4,kcat_170,0.32595349975828813
5,kcat_170,0.2862703269100492
6,kcat_170,0.2683030518766036
7,kcat_170,0.24236632594490176
8,kcat_170,0.20070712613560793
9,kcat_170,0.19292704626405113
10,kcat_170,0.17916955061712
11,kcat_170,0.1668899959700099
12,kcat_170,0.16319330204504864
13,kcat_170,0.15500884063689332
14,kcat_170,0.14578712536397068
15,kcat_170,0.1151169496622256
16,kcat_170,0.10891283110317045
17,kcat_170,0.10205551594632124
18,kcat_170,0.09307055562696581
19,kcat_170,0.09128096066600466
20,kcat_170,0.0795782881939825
21,kcat_170,0.08044529985999015
22,kcat_170,0.07651693610966692
23,kcat_170,0.0734207821288065
24,kcat_170,0.06658562579122125
25,kcat_170,0.057547471776122176
26,kcat_170,0.052337695066492274
27,kcat_170,0.04896899894701921
28,kcat_170,0.04342549580022969
29,kcat_170,0.04351219673449846
30,kcat_170,0.04068852370354655
31,kcat_170,0.03753292135222426
32,kcat_170,0.0356363739671246
33,kcat_170,0.03214272374157948
34,kcat_170,0.02225697396088232
35,kcat_170,0.02379528640757473
36,kcat_170,0.021976258648698285
37,kcat_170,0.013561053878558852
38,kcat_170,0.013281801031835513
39,kcat_170,0.008535660532303526
40,kcat_170,0.001661766846822036
41,kcat_170,0.003830321092242369
42,kcat_170,0.0026935732153084797
43,kcat_170,0.006930982751230398
44,kcat_170,0.008160709902819993
45,kcat_170,0.015930651313082956
46,kcat_170,0.02985652483900002
47,kcat_170,0.03400821826727432
48,kcat_170,0.03571177759380859
49,kcat_170,0.03643212846062633
0,kcat_171,0.5627568221478585
1,kcat_171,0.5219476725031243
2,kcat_171,0.4579956203014381
3,kcat_171,0.3475366728680188
4,kcat_171,0.3114208066490774
5,kcat_171,0.26800009419677184
6,kcat_171,0.23943133796319713
7,kcat_171,0.2293404916379649
8,kcat_171,0.19161720976002994
9,kcat_171,0.19309398997635072
10,kcat_171,0.18380541908743434
11,kcat_171,0.15927519871810383
12,kcat_171,0.15497447636987133
13,kcat_171,0.14740665559945024
14,kcat_171,0.1358307164264821
15,kcat_171,0.12489201589184803
16,kcat_171,0.1097704906995162
17,kcat_171,0.0965877328740416
18,kcat_171,0.08816777279528724
19,kcat_171,0.08328531504103467
20,kcat_171,0.07152925191412936
21,kcat_171,0.06737325631562079
22,kcat_171,0.061214150183187564
23,kcat_171,0.054502276156656544
24,kcat_171,0.05386134514319078
25,kcat_171,0.05586469818453895
26,kcat_171,0.0486901515912232
27,kcat_171,0.04434914136744886
28,kcat_171,0.03685290798342973
29,kcat_171,0.03888452760644956
30,kcat_171,0.03173519754205784
31,kcat_171,0.026394855150403126
32,kcat_171,0.015867191340033403
33,kcat_171,0.016564785188686756
34,kcat_171,0.011726835385045336
35,kcat_171,0.005933664574815073
36,kcat_171,0.0033438756137020163
37,kcat_171,0.0007228616733760997
38,kcat_171,0.004757443821977624
39,kcat_171,0.011815496893908298
40,kcat_171,0.017232493348039217
41,kcat_171,0.018003546315721916
42,kcat_171,0.020294053943374076
43,kcat_171,0.020878835746823414
44,kcat_171,0.02669899160402159
45,kcat_171,0.03257616731035309
46,kcat_171,0.039208686912849955
47,kcat_171,0.04158566337676136
48,kcat_171,0.04409177226797176
49,kcat_171,0.04552858896147112
0,kcat_172,0.40005340051367766
1,kcat_172,0.37918460951863625
2,kcat_172,0.34150320662231387
3,kcat_172,0.3172930028117377
4,kcat_172,0.2820977403805
5,kcat_172,0.26160399827476577
6,kcat_172,0.2563524399511057
7,kcat_172,0.23872962288034813
8,kcat_172,0.22077929874362154
9,kcat_172,0.22484045599392843
10,kcat_172,0.2163022930002606
11,kcat_172,0.20093417647549291
12,kcat_172,0.19699825616316036
13,kcat_172,0.19508652214941644
14,kcat_172,0.17974331628733473
15,kcat_172,0.16076635284266108
16,kcat_172,0.15248349171882344
17,kcat_172,0.14612430456656111
18,kcat_172,0.1336934309243389
19,kcat_172,0.12629561382591833
20,kcat_172,0.11036178357939073
21,kcat_172,0.1080035044474039
22,kcat_172,0.09536945207930804
23,kcat_172,0.0935205896076317
24,kcat_172,0.08560011074804734
25,kcat_172,0.07931816762951115
26,kcat_172,0.070749434116117
27,kcat_172,0.06851505316101335
28,kcat_172,0.06216093470704772
29,kcat_172,0.054811428144518386
30,kcat_172,0.044734206621138674
31,kcat_172,0.040841911991452005
32,kcat_172,0.03504900674988638
33,kcat_172,0.03496108846441826
34,kcat_172,0.029215061114024537
35,kcat_172,0.02622220703900336
36,kcat_172,0.017886001076715213
37,kcat_172,0.01568159142238433
38,kcat_172,0.00826756177671593
39,kcat_172,0.0043255435620603265
40,kcat_172,0.0009805874968304917
41,kcat_172,0.0015898051726608627
42,kcat_172,0.01455191435292578
43,kcat_172,0.0264363031070481
44,kcat_172,0.03752524235681178
45,kcat_172,0.04187878957587579
46,kcat_172,0.046519474634395125
47,kcat_172,0.04333594734891721
48,kcat_172,0.044734732006842116
49,kcat_172,0.04646871538646142
0,kcat_173,0.3312539999837634
1,kcat_173,0.31894800142514357
2,kcat_173,0.2879197298317297
3,kcat_173,0.2735649246030367
4,kcat_173,0.2532752698844995
5,kcat_173,0.2412301970600989
6,kcat_173,0.23238541362687384
7,kcat_173,0.2253814435478483
8,kcat_173,0.19947096276889786
9,kcat_173,0.19378535522203946
10,kcat_173,0.18239469237411546
11,kcat_173,0.16153714107522565
12,kcat_173,0.1516533113285847
13,kcat_173,0.14593742902320395
14,kcat_173,0.12602541185031468
15,kcat_173,0.11295766397424316
16,kcat_173,0.10587966444648249
17,kcat_173,0.09686836136126906
18,kcat_173,0.09238498373259775
19,kcat_173,0.08614600521713155
20,kcat_173,0.0750105188839108
21,kcat_173,0.07071685388366351
22,kcat_173,0.060416116195185464
23,kcat_173,0.06011457335047238
24,kcat_173,0.0508437840381775
25,kcat_173,0.04731689913993287
26,kcat_173,0.03437920177268353
27,kcat_173,0.037463005023456536
28,kcat_173,0.032699940901279374
29,kcat_173,0.02770760094491627
30,kcat_173,0.023116622429985766
31,kcat_173,0.021802340165233552
32,kcat_173,0.01841666795792691
33,kcat_173,0.02182809456364323
34,kcat_173,0.004748796125874
35,kcat_173,0.002535663007745687
36,kcat_173,0.0064866572172991065
37,kcat_173,0.011933658369416138
38,kcat_173,0.017395168037259146
39,kcat_173,0.026106092106128048
40,kcat_173,0.03170973476620642
41,kcat_173,0.035799142416731725
42,kcat_173,0.04446926633762698
43,kcat_173,0.0468923353337095
44,kcat_173,0.05024524566454653
45,kcat_173,0.05388041122315788
46,kcat_173,0.059789727460087726
47,kcat_173,0.05958823575548937
48,kcat_173,0.06325347096216156
49,kcat_173,0.06598109706505555
0,kcat_174,1.141974370819258
1,kcat_174,1.0090177601399475
2,kcat_174,0.7645651573006105
3,kcat_174,0.669917760773294
4,kcat_174,0.6095006473742666
5,kcat_174,0.48558433245502614
6,kcat_174,0.43263142867552973
7,kcat_174,0.38836283690354784
8,kcat_174,0.34435234083809024
9,kcat_174,0.34520700116218717
10,kcat_174,0.33366330616132783
11,kcat_174,0.3106141159962301
12,kcat_174,0.2991484615834413
13,kcat_174,0.2950130998569077
14,kcat_174,0.2740789311347242
15,kcat_174,0.2535662775881675
16,kcat_174,0.2439420513162909
17,kcat_174,0.22240575156399056
18,kcat_174,0.20565346279609653
19,kcat_174,0.198843086964177
20,kcat_174,0.17632848623317834
21,kcat_174,0.15784008402044794
22,kcat_174,0.14138361720884676
23,kcat_174,0.13983792744493562
24,kcat_174,0.13352908324006837
25,kcat_174,0.12139339333570642
26,kcat_174,0.10594868271408729
27,kcat_174,0.10341800388626175
28,kcat_174,0.0911625005424381
29,kcat_174,0.07875097697840104
30,kcat_174,0.07590113702337063
31,kcat_174,0.07076002679580383
32,kcat_174,0.059021256772233875
33,kcat_174,0.05724399127323473
34,kcat_174,0.042920683627023316
35,kcat_174,0.037719213360763795
36,kcat_174,0.03505527277167237
37,kcat_174,0.031087987219277843
38,kcat_174,0.01895980032163749
39,kcat_174,0.016022174098661347
40,kcat_174,0.014924503791481681
41,kcat_174,0.013397117171051857
42,kcat_174,0.005442234868289112
43,kcat_174,0.0003434776079295953
44,kcat_174,0.005835194836013262
45,kcat_174,0.00892827151808527
46,kcat_174,0.015469025652999081
47,kcat_174,0.019897900204432096
48,kcat_174,0.02731515407456881
49,kcat_174,0.028539507855077258
0,kcat_175,0.5398359190541393
1,kcat_175,0.5181011997014834
2,kcat_175,0.45631157280673723
3,kcat_175,0.3838152531223767
4,kcat_175,0.3611776575444346
5,kcat_175,0.3124346146762234
6,kcat_175,0.29856752583684365
7,kcat_175,0.24781755309336317
8,kcat_175,0.20580307198251638
9,kcat_175,0.20155778128380958
10,kcat_175,0.1871397759423418
11,kcat_175,0.165551331932587
12,kcat_175,0.15891627940734385
13,kcat_175,0.15387940890250296
14,kcat_175,0.14238109737246027
15,kcat_175,0.11835208650865452
16,kcat_175,0.11753863992838527
17,kcat_175,0.11301325777701371
18,kcat_175,0.09714350129430092
19,kcat_175,0.09324857941767696
20,kcat_175,0.09517678060253568
21,kcat_175,0.07926615499550752
22,kcat_175,0.07384275887867016
23,kcat_175,0.06941258954389945
24,kcat_175,0.06301173036904321
25,kcat_175,0.06503069284800313
26,kcat_175,0.05526554653238234
27,kcat_175,0.05540005488362645
28,kcat_175,0.05413975186914671
29,kcat_175,0.0448469947624803
30,kcat_175,0.03722047348696815
31,kcat_175,0.03502368961894574
32,kcat_175,0.03129006199063969
33,kcat_175,0.02834276189117456
34,kcat_175,0.018971643830613998
35,kcat_175,0.017757881479930994
36,kcat_175,0.01379204728659977
37,kcat_175,0.012522190776194023
38,kcat_175,0.006121196385281668
39,kcat_175,0.007544409431475194
40,kcat_175,9.960448637150458e-05
41,kcat_175,0.0023987971004710597
42,kcat_175,0.005068939827383987
43,kcat_175,0.011528748337585696
44,kcat_175,0.01488139727086465
45,kcat_175,0.024258966010467658
46,kcat_175,0.02834026456334467
47,kcat_175,0.02675170232245697
48,kcat_175,0.027234936976382643
49,kcat_175,0.028663845461953216
0,kcat_176,0.5844744077988334
1,kcat_176,0.556788013157775
2,kcat_176,0.5067991156426037
3,kcat_176,0.4188741438498107
4,kcat_176,0.3890683904257423
5,kcat_176,0.3535297553669931
6,kcat_176,0.32721778406203167
7,kcat_176,0.3076035549116992
8,kcat_176,0.28022093022966077
9,kcat_176,0.27213701840233784
10,kcat_176,0.2567090008444084
11,kcat_176,0.22373587743504167
12,kcat_176,0.20923855245312695
13,kcat_176,0.20884391948868697
14,kcat_176,0.19508270661259894
15,kcat_176,0.16813787227663174
16,kcat_176,0.16095801259646872
17,kcat_176,0.14986658460356833
18,kcat_176,0.14683310797299617
19,kcat_176,0.137995593921669
20,kcat_176,0.11379570780970485
21,kcat_176,0.10226722421445177
22,kcat_176,0.10228932137181891
23,kcat_176,0.10054031816548417
24,kcat_176,0.10262666011022283
25,kcat_176,0.09946558592002391
26,kcat_176,0.08288060735994485
27,kcat_176,0.08229665983285754
28,kcat_176,0.07324952112281856
29,kcat_176,0.07492382640163758
30,kcat_176,0.06118780755919687
31,kcat_176,0.06183033695579577
32,kcat_176,0.05668374540385498
33,kcat_176,0.05826657420522525
34,kcat_176,0.05039902378591418
35,kcat_176,0.05042766961585394
36,kcat_176,0.046626406289398785
37,kcat_176,0.041990309006141466
38,kcat_176,0.03738402549463305
39,kcat_176,0.03532650758382898
40,kcat_176,0.03448924588425531
41,kcat_176,0.034035913238229173
42,kcat_176,0.032895796864978656
43,kcat_176,0.027615452849524748
44,kcat_176,0.021183893126292253
45,kcat_176,0.013581886140510277
46,kcat_176,0.007465681454498076
47,kcat_176,0.009071129963707722
48,kcat_176,0.001987764013484429
49,kcat_176,0.002144465056240727
0,kcat_177,0.6207299199320642
1,kcat_177,0.5948269361090275
2,kcat_177,0.5029593361635908
3,kcat_177,0.420213722361574
4,kcat_177,0.37471559357432205
5,kcat_177,0.3236904909463989
6,kcat_177,0.31044097161562156
7,kcat_177,0.294799898070995
8,kcat_177,0.2673259895982252
9,kcat_177,0.2585802521605657
10,kcat_177,0.2462964629354198
11,kcat_177,0.2282463334946885
12,kcat_177,0.21943791969386567
13,kcat_177,0.22119472270979398
14,kcat_177,0.2054444457619827
15,kcat_177,0.18666086318558198
16,kcat_177,0.1775268006195232
17,kcat_177,0.17208163043878774
18,kcat_177,0.15533657877671142
19,kcat_177,0.15122911925434002
20,kcat_177,0.12726899414037204
21,kcat_177,0.12764685313132262
22,kcat_177,0.11174799751918262
23,kcat_177,0.10723360870965352
24,kcat_177,0.09975689084207011
25,kcat_177,0.09878894987663435
26,kcat_177,0.0787003490995616
27,kcat_177,0.0699605312555994
28,kcat_177,0.07061365224947405
29,kcat_177,0.06811454522746033
30,kcat_177,0.060804954354264105
31,kcat_177,0.06394411124016662
32,kcat_177,0.04952100996728403
33,kcat_177,0.04810947848575952
34,kcat_177,0.04372326635385399
35,kcat_177,0.03982666761573256
36,kcat_177,0.026674664942637323
37,kcat_177,0.023140290634488584
38,kcat_177,0.021497141900273867
39,kcat_177,0.015858938182705198
40,kcat_177,0.0070819454211903604
41,kcat_177,0.00799742397038647
42,kcat_177,0.0008895681416759842
43,kcat_177,0.0024849304334389048
44,kcat_177,0.002029235956310733
45,kcat_177,0.007851098094463384
46,kcat_177,0.009793604771391077
47,kcat_177,0.013369649858601316
48,kcat_177,0.01887278500359379
49,kcat_177,0.019680800832785547
0,kcat_178,0.36150952619762805
1,kcat_178,0.35173388603835026
2,kcat_178,0.32858424798818003
3,kcat_178,0.2854416044083575
4,kcat_178,0.2619576440680504
5,kcat_178,0.2442078937793184
6,kcat_178,0.2318843458344534
7,kcat_178,0.22046989054116978
8,kcat_178,0.19057095569772292
9,kcat_178,0.18807364157485007
10,kcat_178,0.17546934958992594
11,kcat_178,0.15507124286235152
12,kcat_178,0.15361139323540102
13,kcat_178,0.15262374197921283
14,kcat_178,0.14185877805088118
15,kcat_178,0.12488160732213374
16,kcat_178,0.11811807233022315
17,kcat_178,0.10977085390951583
18,kcat_178,0.10377119027427002
19,kcat_178,0.09963413021628158
20,kcat_178,0.08197654081563122
21,kcat_178,0.06757081444546884
22,kcat_178,0.0580480394029416
23,kcat_178,0.05454867740442811
24,kcat_178,0.041483820673458474
25,kcat_178,0.03529334352841118
26,kcat_178,0.03541761999438685
27,kcat_178,0.03177963545098374
28,kcat_178,0.02892808680829207
29,kcat_178,0.02351269485175682
30,kcat_178,0.012316020707757348
31,kcat_178,0.00946230245875962
32,kcat_178,0.003619854611446303
33,kcat_178,0.001659335694493337
34,kcat_178,0.00568834744291358
35,kcat_178,0.012031011621761008
36,kcat_178,0.012769877749959102
37,kcat_178,0.01628122677351889
38,kcat_178,0.01890775857729085
39,kcat_178,0.019989490163565493
40,kcat_178,0.020763994711702868
41,kcat_178,0.020323772755735835
42,kcat_178,0.02227687063389275
43,kcat_178,0.019190775034186373
44,kcat_178,0.02213669017020193
45,kcat_178,0.027028717208686992
46,kcat_178,0.03461906958853968
47,kcat_178,0.036464939317661815
48,kcat_178,0.03957863276339733
49,kcat_178,0.03919677200476647
0,kcat_179,0.49500107253629444
1,kcat_179,0.48276028963403084
2,kcat_179,0.42699018424483604
3,kcat_179,0.3795097187184222
4,kcat_179,0.3428414845135206
5,kcat_179,0.28829548096714475
6,kcat_179,0.2387054845963213
7,kcat_179,0.20794849551330183
8,kcat_179,0.18801943238342958
9,kcat_179,0.18701628304837375
10,kcat_179,0.19294216986453544
11,kcat_179,0.18230647988559834
12,kcat_179,0.17033721878040697
13,kcat_179,0.1528299566517849
14,kcat_179,0.14905727408191458
15,kcat_179,0.13549333794836818
16,kcat_179,0.12360093251026634
17,kcat_179,0.11851855101797594
18,kcat_179,0.09818198139589043
19,kcat_179,0.09149485859008971
20,kcat_179,0.07485532275868637
21,kcat_179,0.07380012404566125
22,kcat_179,0.06630081043491118
23,kcat_179,0.06322176839136719
24,kcat_179,0.053925539761501114
25,kcat_179,0.050067566890154964
26,kcat_179,0.0399995195771264
27,kcat_179,0.03701718156638309
28,kcat_179,0.027409095044433195
29,kcat_179,0.025341847003079874
30,kcat_179,0.020183351484384566
31,kcat_179,0.01815932389041801
32,kcat_179,0.014735224509817641
33,kcat_179,0.008620059279049002
34,kcat_179,0.013687689895171915
35,kcat_179,0.005687693911586987
36,kcat_179,0.00023328525152444256
37,kcat_179,0.004394110834418194
38,kcat_179,0.009394586532059638
39,kcat_179,0.01345352764360442
40,kcat_179,0.016982968784228128
41,kcat_179,0.016234377882352116
42,kcat_179,0.020614564168507647
43,kcat_179,0.02189775981350172
44,kcat_179,0.02252249821831556
45,kcat_179,0.0268430653765421
46,kcat_179,0.034062039570872886
47,kcat_179,0.03981038191018293
48,kcat_179,0.03968381257180885
49,kcat_179,0.039893391969643116
0,kcat_180,0.6287585464810764
1,kcat_180,0.5918535409273665
2,kcat_180,0.5256205668667427
3,kcat_180,0.46667434607508
4,kcat_180,0.41938080844824815
5,kcat_180,0.375005352847832
6,kcat_180,0.3518118597190675
7,kcat_180,0.3380159640399224
8,kcat_180,0.3044800933820871
9,kcat_180,0.29701983220036243
10,kcat_180,0.28203172962448403
11,kcat_180,0.26301482238954105
12,kcat_180,0.24096222874672638
13,kcat_180,0.24038584520348533
14,kcat_180,0.2237510629183065
15,kcat_180,0.18912821616894543
16,kcat_180,0.17562396119923504
17,kcat_180,0.16704342954726956
18,kcat_180,0.15569245535053577
19,kcat_180,0.15213591921843075
20,kcat_180,0.1325735234845112
21,kcat_180,0.12434978992745922
22,kcat_180,0.10263042728043927
23,kcat_180,0.09631127344758639
24,kcat_180,0.09308229727781102
25,kcat_180,0.08132427812972773
26,kcat_180,0.06324772967376659
27,kcat_180,0.06208981985938063
28,kcat_180,0.061015174991733936
29,kcat_180,0.05087012794327296
30,kcat_180,0.044916009217913
31,kcat_180,0.0428532429786556
32,kcat_180,0.03734119021700006
33,kcat_180,0.03559317538427175
34,kcat_180,0.02924607425228198
35,kcat_180,0.02493170202093473
36,kcat_180,0.01919994476244902
37,kcat_180,0.01468082301535502
38,kcat_180,0.0093768584046453
39,kcat_180,0.006378088530901169
40,kcat_180,0.0019280957115950885
41,kcat_180,0.0006942174535140888
42,kcat_180,0.0021395873020132023
43,kcat_180,0.006932422972466969
44,kcat_180,0.00693666337328481
45,kcat_180,0.013620751877772305
46,kcat_180,0.02418058159052855
47,kcat_180,0.029709988507988262
48,kcat_180,0.03143919526618093
49,kcat_180,0.034297840342351595
0,kcat_181,0.6766612717770869
1,kcat_181,0.61562804265247
2,kcat_181,0.539462498099119
3,kcat_181,0.45542032758652223
4,kcat_181,0.42800909240071555
5,kcat_181,0.39139796717691
6,kcat_181,0.36675207048323905
7,kcat_181,0.3328695960670679
8,kcat_181,0.3002622666997789
9,kcat_181,0.28614639718709944
10,kcat_181,0.26693180586750004
11,kcat_181,0.23441052177549535
12,kcat_181,0.2288114672794469
13,kcat_181,0.2168583181463824
14,kcat_181,0.2108137192856564
15,kcat_181,0.18770104495418663
16,kcat_181,0.18516387123631328
17,kcat_181,0.1732979211783051
18,kcat_181,0.16096654884377115
19,kcat_181,0.1610527204586117
20,kcat_181,0.14336539392226114
21,kcat_181,0.13747605141398986
22,kcat_181,0.13469717100430528
23,kcat_181,0.13258263795861716
24,kcat_181,0.1208818168456884
25,kcat_181,0.11578152121318765
26,kcat_181,0.10804390657529712
27,kcat_181,0.10377485087250107
28,kcat_181,0.10005403787746886
29,kcat_181,0.09311559082335401
30,kcat_181,0.08827393978374404
31,kcat_181,0.08408533129549861
32,kcat_181,0.07167208695410876
33,kcat_181,0.06634685076724718
34,kcat_181,0.06403984853283029
35,kcat_181,0.06074673522992651
36,kcat_181,0.05371499091976104
37,kcat_181,0.05385746017658142
38,kcat_181,0.04502664917730084
39,kcat_181,0.0374825660110004
40,kcat_181,0.03323340949036907
41,kcat_181,0.029834816909878985
42,kcat_181,0.020331828660792348
43,kcat_181,0.018371630824545966
44,kcat_181,0.01843024999773273
45,kcat_181,0.01435772000575203
46,kcat_181,0.007057689001228761
47,kcat_181,0.00564158340790559
48,kcat_181,0.002927068312447675
49,kcat_181,0.0018258161513836464
0,kcat_182,0.6309624345058346
1,kcat_182,0.6100493940851908
2,kcat_182,0.5272078236478493
3,kcat_182,0.41334542625295273
4,kcat_182,0.3650100053302116
5,kcat_182,0.34750015032287024
6,kcat_182,0.32733664866079915
7,kcat_182,0.29188102461381643
8,kcat_182,0.24355922843936886
9,kcat_182,0.24057869836702817
10,kcat_182,0.23998107958158274
11,kcat_182,0.22508942878480317
12,kcat_182,0.20959757044148764
13,kcat_182,0.20138833354385846
14,kcat_182,0.1882003024409228
15,kcat_182,0.16517607397341422
16,kcat_182,0.15472497656311063
17,kcat_182,0.15398521349380134
18,kcat_182,0.1504675986824134
19,kcat_182,0.14474608429338834
20,kcat_182,0.12256311878970298
21,kcat_182,0.11298570159290915
22,kcat_182,0.10515579478546881
23,kcat_182,0.10084909655840407
24,kcat_182,0.09867504016885564
25,kcat_182,0.0900465034282423
26,kcat_182,0.07693155614860357
27,kcat_182,0.07413560439656681
28,kcat_182,0.07280484224459065
29,kcat_182,0.0708154846019188
30,kcat_182,0.06276007709631637
31,kcat_182,0.05893363241799126
32,kcat_182,0.05513810884490317
33,kcat_182,0.05321136748653861
34,kcat_182,0.04083756549910833
35,kcat_182,0.03770429418635782
36,kcat_182,0.03450959335652422
37,kcat_182,0.025749807663143706
38,kcat_182,0.020516180772756503
39,kcat_182,0.019241445313600912
40,kcat_182,0.013674206114631349
41,kcat_182,0.011640081774520023
42,kcat_182,0.00998036475630373
43,kcat_182,0.0010379439004186933
44,kcat_182,0.004841716591077229
45,kcat_182,0.009825984296375661
46,kcat_182,0.016534420148804956
47,kcat_182,0.019573446781707807
48,kcat_182,0.025875171303496623
49,kcat_182,0.02705822691979894
0,kcat_183,0.8050595831190654
1,kcat_183,0.7524097979255432
2,kcat_183,0.6269801956692032
3,kcat_183,0.5351738207539795
4,kcat_183,0.4940564304370682
5,kcat_183,0.4081704193322585
6,kcat_183,0.3785198263995509
7,kcat_183,0.36626613623439386
8,kcat_183,0.3166170806471944
9,kcat_183,0.28737789546182585
10,kcat_183,0.2790206111437167
11,kcat_183,0.2650242252210045
12,kcat_183,0.2555632994046466
13,kcat_183,0.2549503906987481
14,kcat_183,0.24149367778072142
15,kcat_183,0.2138787868159366
16,kcat_183,0.2053923493361141
17,kcat_183,0.1911857645058475
18,kcat_183,0.17687310795724495
19,kcat_183,0.17312296934296267
20,kcat_183,0.15936055225316198
21,kcat_183,0.15337673087999473
22,kcat_183,0.14470897110862588
23,kcat_183,0.14017329245562615
24,kcat_183,0.13542147380180952
25,kcat_183,0.12731788484652184
26,kcat_183,0.12955803433816807
27,kcat_183,0.12130979128719793
28,kcat_183,0.11756534679715852
29,kcat_183,0.11397246921365974
30,kcat_183,0.10391038141622598
31,kcat_183,0.10407943925264147
32,kcat_183,0.10367458804149784
33,kcat_183,0.10200652302801708
34,kcat_183,0.09013184661644405
35,kcat_183,0.08266496304634909
36,kcat_183,0.07736612004436609
37,kcat_183,0.07495832224238792
38,kcat_183,0.06824344373045961
39,kcat_183,0.06295932080084943
40,kcat_183,0.05554608905524464
41,kcat_183,0.055703769986320054
42,kcat_183,0.050821350088110735
43,kcat_183,0.043584790603173905
44,kcat_183,0.036275069322970685
45,kcat_183,0.03165198052940557
46,kcat_183,0.027219699078440324
47,kcat_183,0.024947287400628636
48,kcat_183,0.019154352243408796
49,kcat_183,0.016710888338892078
0,kcat_184,0.9322369020132749
1,kcat_184,0.895165958925911
2,kcat_184,0.752437284987043
3,kcat_184,0.5675071950157721
4,kcat_184,0.5058113610912035
5,kcat_184,0.4638032404856013
6,kcat_184,0.4308503179602116
7,kcat_184,0.3966656874816545
8,kcat_184,0.33982575296669076
9,kcat_184,0.3192132361123783
10,kcat_184,0.3064364844969131
11,kcat_184,0.2799557974736935
12,kcat_184,0.26902154599576056
13,kcat_184,0.2558851729166925
14,kcat_184,0.23218191923217463
15,kcat_184,0.2132866781585979
16,kcat_184,0.20882447230775425
17,kcat_184,0.19497342081643135
18,kcat_184,0.18157710348504355
19,kcat_184,0.1722928390992783
20,kcat_184,0.15842289316160002
21,kcat_184,0.1420596568333287
22,kcat_184,0.13402558187728758
23,kcat_184,0.12534370051900487
24,kcat_184,0.12051519441909633
25,kcat_184,0.11816849556309432
26,kcat_184,0.1086569054750336
27,kcat_184,0.11130734625942781
28,kcat_184,0.10739729966728125
29,kcat_184,0.09756153064478547
30,kcat_184,0.09124213059954188
31,kcat_184,0.08202683032663934
32,kcat_184,0.07654189584145749
33,kcat_184,0.06959317955052079
34,kcat_184,0.05986799566403841
35,kcat_184,0.04873650926426381
36,kcat_184,0.046671029161167644
37,kcat_184,0.042252648500151924
38,kcat_184,0.03235521770259335
39,kcat_184,0.02807327219182874
40,kcat_184,0.017535963503581
41,kcat_184,0.01697081255198181
42,kcat_184,0.011852209623678944
43,kcat_184,0.0014228763089316116
44,kcat_184,0.007617263385377975
45,kcat_184,0.013823453768401477
46,kcat_184,0.012242727911933924
47,kcat_184,0.016705949282260952
48,kcat_184,0.01736222290142823
49,kcat_184,0.020972732687137174
0,kcat_185,1.0752950217155808
1,kcat_185,0.9838926914131135
2,kcat_185,0.8629013558168477
3,kcat_185,0.6954218217225818
4,kcat_185,0.606237108965651
5,kcat_185,0.5234413347840685
6,kcat_185,0.4680585013582866
7,kcat_185,0.41969475406879847
8,kcat_185,0.32047543706712206
9,kcat_185,0.31819472205981664
10,kcat_185,0.3098834271368922
11,kcat_185,0.28652803642084584
12,kcat_185,0.283632302637757
13,kcat_185,0.27007755834186226
14,kcat_185,0.25050518467580024
15,kcat_185,0.2030979409931649
16,kcat_185,0.19215432976713928
17,kcat_185,0.17782416281950908
18,kcat_185,0.16209209976819236
19,kcat_185,0.15424422113792657
20,kcat_185,0.14350132734594273
21,kcat_185,0.12324630138063317
22,kcat_185,0.12091820792903825
23,kcat_185,0.11925022593023744
24,kcat_185,0.11349754410759169
25,kcat_185,0.10860115863540658
26,kcat_185,0.09596834413611303
27,kcat_185,0.08902361359984522
28,kcat_185,0.08734918307181398
29,kcat_185,0.07668933964721338
30,kcat_185,0.0582879884582115
31,kcat_185,0.05175955204237676
32,kcat_185,0.0395968868815443
33,kcat_185,0.03377356150475811
34,kcat_185,0.02466973614091966
35,kcat_185,0.016871922324990133
36,kcat_185,0.018105820631758675
37,kcat_185,0.01325481654540247
38,kcat_185,0.00615181291398375
39,kcat_185,0.005800517888747434
40,kcat_185,0.0037831316903816237
41,kcat_185,0.010554896084060142
42,kcat_185,0.020268684354176635
43,kcat_185,0.021054137942541948
44,kcat_185,0.021428319300830254
45,kcat_185,0.025984656500704223
46,kcat_185,0.03051185773016064
47,kcat_185,0.02972655815087378
48,kcat_185,0.029640068217726367
49,kcat_185,0.031134812153385587
0,kcat_186,0.7782559692954502
1,kcat_186,0.7255923419784798
2,kcat_186,0.6331378368392984
3,kcat_186,0.5542252273483157
4,kcat_186,0.5137994948538299
5,kcat_186,0.4403441698648775
6,kcat_186,0.40760058925489817
7,kcat_186,0.36431358034794753
8,kcat_186,0.3236672165456153
9,kcat_186,0.3158189353701381
10,kcat_186,0.2931851441122407
11,kcat_186,0.2616910415102724
12,kcat_186,0.2599677971167552
13,kcat_186,0.260347771308872
14,kcat_186,0.22974555427416252
15,kcat_186,0.19576229128094283
16,kcat_186,0.18904624134159795
17,kcat_186,0.16256961180617435
18,kcat_186,0.15019433844043373
19,kcat_186,0.13864560646660415
20,kcat_186,0.1264189100218624
21,kcat_186,0.1167677912224983
22,kcat_186,0.0999849034928649
23,kcat_186,0.09596141722181381
24,kcat_186,0.08863487526925685
25,kcat_186,0.08710617503465383
26,kcat_186,0.0770430011092474
27,kcat_186,0.0730902899573624
28,kcat_186,0.0679631806793171
29,kcat_186,0.06121559097292473
30,kcat_186,0.05479016868653235
31,kcat_186,0.05479118517591142
32,kcat_186,0.045891038604934674
33,kcat_186,0.04563157437260631
34,kcat_186,0.04346533374125988
35,kcat_186,0.034085507641260386
36,kcat_186,0.035299975413743606
37,kcat_186,0.032165254923856634
38,kcat_186,0.0243645237909726
39,kcat_186,0.018678015580169304
40,kcat_186,0.010575175394280628
41,kcat_186,0.003923273702595391
42,kcat_186,0.0007787197984165275
43,kcat_186,0.00635287124421915
44,kcat_186,0.008217603189395413
45,kcat_186,0.011224710855034221
46,kcat_186,0.018869598816338835
47,kcat_186,0.026291027132383488
48,kcat_186,0.030667284178612926
49,kcat_186,0.03150558281034856
0,kcat_187,0.8734833650641527
1,kcat_187,0.786640751112463
2,kcat_187,0.6848936131071691
3,kcat_187,0.5800109134846082
4,kcat_187,0.5339276456237942
5,kcat_187,0.465797014052255
6,kcat_187,0.4361605576584206
7,kcat_187,0.3838281894395147
8,kcat_187,0.3163927782047426
9,kcat_187,0.2941674993762302
10,kcat_187,0.28360638470530286
11,kcat_187,0.2626672862318216
12,kcat_187,0.24238104279323008
13,kcat_187,0.2319393747557119
14,kcat_187,0.21152296421142502
15,kcat_187,0.17150498156675767
16,kcat_187,0.15314017328789098
17,kcat_187,0.14471676643760223
18,kcat_187,0.13294833735722847
19,kcat_187,0.12472279061418683
20,kcat_187,0.10538484521528266
21,kcat_187,0.08735857012907912
22,kcat_187,0.07258987710041107
23,kcat_187,0.07187532086963334
24,kcat_187,0.07149042762386475
25,kcat_187,0.06877540827570379
26,kcat_187,0.055553240720222365
27,kcat_187,0.057768382989810144
28,kcat_187,0.0495929809727651
29,kcat_187,0.04582205201137644
30,kcat_187,0.0370405650474916
31,kcat_187,0.029997673556624183
32,kcat_187,0.024084107287041027
33,kcat_187,0.02050601012262648
34,kcat_187,0.01356482402950108
35,kcat_187,0.013108121733673931
36,kcat_187,0.0037506236406204085
37,kcat_187,0.0012999766588161193
38,kcat_187,0.0066852137875111775
39,kcat_187,0.007400305434160611
40,kcat_187,0.008289204597437424
41,kcat_187,0.009711390921615055
42,kcat_187,0.015302183537397571
43,kcat_187,0.021334296826202654
44,kcat_187,0.025130824631673772
45,kcat_187,0.025749511902081558
46,kcat_187,0.039822740153258415
47,kcat_187,0.03786152090307843
48,kcat_187,0.0441177551444489
49,kcat_187,0.04524653352253828
0,kcat_188,0.8447909150052534
1,kcat_188,0.773310286125895
2,kcat_188,0.6350946050836136
3,kcat_188,0.5272904601436826
4,kcat_188,0.431190681711473
5,kcat_188,0.37826154748101254
6,kcat_188,0.33574290873234525
7,kcat_188,0.29472402455754626
8,kcat_188,0.2501783886088933
9,kcat_188,0.24200292482994615
10,kcat_188,0.22948352136228162
11,kcat_188,0.2062514546719311
12,kcat_188,0.18674155760269961
13,kcat_188,0.18270522283857601
14,kcat_188,0.1826160966851854
15,kcat_188,0.16500149164227004
16,kcat_188,0.15994872334615282
17,kcat_188,0.14682435267014876
18,kcat_188,0.13091281965285886
19,kcat_188,0.12680417742600056
20,kcat_188,0.10805332443574131
21,kcat_188,0.09690473927621537
22,kcat_188,0.09042810232831924
23,kcat_188,0.0850565465926289
24,kcat_188,0.08276437622620866
25,kcat_188,0.07429917000218354
26,kcat_188,0.06116393427477656
27,kcat_188,0.060849567834782035
28,kcat_188,0.0559604903600874
29,kcat_188,0.053416864460999074
30,kcat_188,0.048105762149294684
31,kcat_188,0.04274007501845143
32,kcat_188,0.03510796857140126
33,kcat_188,0.03489336283633472
34,kcat_188,0.02857982402656806
35,kcat_188,0.02218947532929816
36,kcat_188,0.018018748628214093
37,kcat_188,0.013386200512574435
38,kcat_188,0.004689562719074681
39,kcat_188,0.0011498938903101272
40,kcat_188,0.010441247801887503
41,kcat_188,0.009032070784021778
42,kcat_188,0.01988373146080995
43,kcat_188,0.027849171741274378
44,kcat_188,0.027898160990900672
45,kcat_188,0.03579207385949811
46,kcat_188,0.039543225343718354
47,kcat_188,0.04053113366388342
48,kcat_188,0.04608080109265964
49,kcat_188,0.04885485038956859
0,kcat_189,0.3378097431222615
1,kcat_189,0.3287394131148129
2,kcat_189,0.2835396598300868
3,kcat_189,0.22627967377010486
4,kcat_189,0.20272707356014133
5,kcat_189,0.17718870946697024
6,kcat_189,0.1624172001933614
7,kcat_189,0.14935100572402127
8,kcat_189,0.12542837148446623
9,kcat_189,0.11626867583370133
10,kcat_189,0.10427517299696122
11,kcat_189,0.08916092265878106
12,kcat_189,0.08548051851910561
13,kcat_189,0.0857684850876018
14,kcat_189,0.08287684770241158
15,kcat_189,0.06836296403020858
16,kcat_189,0.060610764022521864
17,kcat_189,0.05395741505021872
18,kcat_189,0.04038742064871777
19,kcat_189,0.03717763247052431
20,kcat_189,0.02707114472973097
21,kcat_189,0.029889480796318525
22,kcat_189,0.02816869552064623
23,kcat_189,0.024498905201921932
24,kcat_189,0.016325676343793574
25,kcat_189,0.014549828317085307
26,kcat_189,0.005859450229954194
27,kcat_189,0.002138574859186811
28,kcat_189,0.001488597465454469
29,kcat_189,0.000717643444505934
30,kcat_189,0.007673805823706266
31,kcat_189,0.01121970205007034
32,kcat_189,0.018202751772894744
33,kcat_189,0.018282302738100296
34,kcat_189,0.0254652540070857
35,kcat_189,0.028215784862378412
36,kcat_189,0.038876686166957095
37,kcat_189,0.04579292428038132
38,kcat_189,0.05021740658957338
39,kcat_189,0.05643479320884389
40,kcat_189,0.059016579655435865
41,kcat_189,0.058572786785181796
42,kcat_189,0.06643966205108767
43,kcat_189,0.06984513911019502
44,kcat_189,0.07424211640710665
45,kcat_189,0.08027646102719753
46,kcat_189,0.08687378136242875
47,kcat_189,0.08925009924268339
48,kcat_189,0.09326436076063493
49,kcat_189,0.09493487478291036
0,kcat_190,0.34133371948119906
1,kcat_190,0.327156210914331
2,kcat_190,0.303501582295233
3,kcat_190,0.2892183174494399
4,kcat_190,0.25873838907458535
5,kcat_190,0.25607297460391854
6,kcat_190,0.247265345605652
7,kcat_190,0.2419981128100439
8,kcat_190,0.21790018039157683
9,kcat_190,0.21235245801229324
10,kcat_190,0.20354595117132054
11,kcat_190,0.18978654765125805
12,kcat_190,0.18274566362818923
13,kcat_190,0.18207077317369913
14,kcat_190,0.17203374047175146
15,kcat_190,0.15136702093112903
16,kcat_190,0.1472246845567388
17,kcat_190,0.1432784624371008
18,kcat_190,0.13303721175015482
19,kcat_190,0.12964295234648668
20,kcat_190,0.10804955200041703
21,kcat_190,0.09377249983605297
22,kcat_190,0.08395005667763175
23,kcat_190,0.0794969785640653
24,kcat_190,0.07134904028732068
25,kcat_190,0.06941864917894969
26,kcat_190,0.05523282443608276
27,kcat_190,0.05528774185842909
28,kcat_190,0.05178704578078981
29,kcat_190,0.04510194907072293
30,kcat_190,0.0312481342659976
31,kcat_190,0.026107360197099746
32,kcat_190,0.016090858671462538
33,kcat_190,0.010623615497506313
34,kcat_190,0.0014326579767017825
35,kcat_190,0.007072377456823861
36,kcat_190,0.013139962882068083
37,kcat_190,0.014923383548836619
38,kcat_190,0.0167226546632778
39,kcat_190,0.017560426335313527
40,kcat_190,0.01702395627129269
41,kcat_190,0.018495456627933695
42,kcat_190,0.018868346756638867
43,kcat_190,0.02274912607184867
44,kcat_190,0.02410340550183753
45,kcat_190,0.025056179735853487
46,kcat_190,0.02882055503873138
47,kcat_190,0.030534803736396283
48,kcat_190,0.033655502534437075
49,kcat_190,0.03570564010857303
0,kcat_191,0.49662194374559365
1,kcat_191,0.4709680470633108
2,kcat_191,0.4189841989272606
3,kcat_191,0.37986636187366857
4,kcat_191,0.3502222568635426
5,kcat_191,0.28870970228484044
6,kcat_191,0.2734602156175833
7,kcat_191,0.2419852615968544
8,kcat_191,0.15215576719928212
9,kcat_191,0.14301822998739777
10,kcat_191,0.1395246359599924
11,kcat_191,0.13281315875616018
12,kcat_191,0.11963751400880879
13,kcat_191,0.1181038683918904
14,kcat_191,0.10772337577082743
15,kcat_191,0.09903036307545604
16,kcat_191,0.09174204791419392
17,kcat_191,0.08372215989762778
18,kcat_191,0.0763677688210022
19,kcat_191,0.0746789694032113
20,kcat_191,0.05989760415524053
21,kcat_191,0.0584477208336039
22,kcat_191,0.052036143144894305
23,kcat_191,0.05204922306866543
24,kcat_191,0.050375461873777554
25,kcat_191,0.049052628362043334
26,kcat_191,0.0421013907050704
27,kcat_191,0.03318121228478943
28,kcat_191,0.02730193274831016
29,kcat_191,0.025417302868079455
30,kcat_191,0.01857175696386556
31,kcat_191,0.01775548259405246
32,kcat_191,0.013146995348386535
33,kcat_191,0.012677130400960818
34,kcat_191,0.01258189567323436
35,kcat_191,0.012426187207708635
36,kcat_191,0.004280499129026586
37,kcat_191,0.002611721594446697
38,kcat_191,0.0018730284782255656
39,kcat_191,0.004036913847850189
40,kcat_191,0.0018008565514855495
41,kcat_191,0.001741415778850914
42,kcat_191,0.002319896233845943
43,kcat_191,0.006618709432729594
44,kcat_191,0.010697187749424271
45,kcat_191,0.019239688938934126
46,kcat_191,0.021426312759700708
47,kcat_191,0.03209874644124391
48,kcat_191,0.030834753017826542
49,kcat_191,0.032613570153245564
0,kcat_192,0.6954556676096115
1,kcat_192,0.6735579210604998
2,kcat_192,0.6031845505468106
3,kcat_192,0.5014850713809662
4,kcat_192,0.4831827414979765
5,kcat_192,0.4441580372197222
6,kcat_192,0.4167981866818156
7,kcat_192,0.3377711045025571
8,kcat_192,0.26155412704292996
9,kcat_192,0.25623875479551594
10,kcat_192,0.2528055017928777
11,kcat_192,0.2242003385836644
12,kcat_192,0.2106366748651679
13,kcat_192,0.20272707559288253
14,kcat_192,0.18954310852305434
15,kcat_192,0.17146586380554193
16,kcat_192,0.17219439839818637
17,kcat_192,0.1660032678082874
18,kcat_192,0.15242173183238528
19,kcat_192,0.14848072371924478
20,kcat_192,0.10502564804070619
21,kcat_192,0.09274645658024065
22,kcat_192,0.07954437490215456
23,kcat_192,0.07499990587747558
24,kcat_192,0.07807015362059114
25,kcat_192,0.07272525699326152
26,kcat_192,0.06830913375983624
27,kcat_192,0.05604488091793414
28,kcat_192,0.043601790434012
29,kcat_192,0.040895246027183633
30,kcat_192,0.03359365806493647
31,kcat_192,0.03580489838181676
32,kcat_192,0.03718386394225801
33,kcat_192,0.036435145571281996
34,kcat_192,0.030519706719705095
35,kcat_192,0.019380777424977097
36,kcat_192,0.013163558156597917
37,kcat_192,0.013014476197744694
38,kcat_192,0.008511237358512579
39,kcat_192,0.0021471818219487224
40,kcat_192,0.006963753350730154
41,kcat_192,0.006293796391784361
42,kcat_192,0.007045269461329996
43,kcat_192,0.003193593351689689
44,kcat_192,0.00294583652578796
45,kcat_192,0.007611828055755886
46,kcat_192,0.010771639894468237
47,kcat_192,0.014883790403911478
48,kcat_192,0.012781314353323213
49,kcat_192,0.013989381031447763
0,kcat_193,0.43604256870851865
1,kcat_193,0.42123989677757995
2,kcat_193,0.33381838929206864
3,kcat_193,0.26901448490106966
4,kcat_193,0.24682760342310536
5,kcat_193,0.22480796251002486
6,kcat_193,0.2188475522050282
7,kcat_193,0.20024481794356774
8,kcat_193,0.18536128744480973
9,kcat_193,0.1784546594188192
10,kcat_193,0.16837465036697524
11,kcat_193,0.15903736297947282
12,kcat_193,0.1533197057455202
13,kcat_193,0.15609499563550885
14,kcat_193,0.13910977316175374
15,kcat_193,0.13948573780939583
16,kcat_193,0.12797547984087382
17,kcat_193,0.12422346099381346
18,kcat_193,0.11062972816792409
19,kcat_193,0.10926814624668718
20,kcat_193,0.0927031672906193
21,kcat_193,0.08347177103662787
22,kcat_193,0.07295230662838532
23,kcat_193,0.0702371118289535
24,kcat_193,0.06715728756474965
25,kcat_193,0.05905264727570858
26,kcat_193,0.05367551637959948
27,kcat_193,0.05644626198828553
28,kcat_193,0.04935150828390098
29,kcat_193,0.04288632152364602
30,kcat_193,0.04313136883503139
31,kcat_193,0.0422421139654038
32,kcat_193,0.029038965553296422
33,kcat_193,0.021750659267814745
34,kcat_193,0.013851598839371683
35,kcat_193,0.008379491766982716
36,kcat_193,0.008358150354795348
37,kcat_193,0.004166052676101367
38,kcat_193,0.004919029640102195
39,kcat_193,0.00287775177847328
40,kcat_193,0.00878713135271974
41,kcat_193,0.007392774028584463
42,kcat_193,0.016660708838672607
43,kcat_193,0.020607811797024842
44,kcat_193,0.02347438866341385
45,kcat_193,0.024660136996328227
46,kcat_193,0.03377657122038203
47,kcat_193,0.03678841251166737
48,kcat_193,0.04527686941902435
49,kcat_193,0.04574060398227263
0,kcat_194,0.29532294343811555
1,kcat_194,0.29062186641016574
2,kcat_194,0.2345393644663343
3,kcat_194,0.21271011558583974
4,kcat_194,0.20647354757336642
5,kcat_194,0.1651498168919247
6,kcat_194,0.15619246879829735
7,kcat_194,0.12143541875607639
8,kcat_194,0.10250444788207994
9,kcat_194,0.10701948578241276
10,kcat_194,0.10320589539558853
11,kcat_194,0.09693527553886346
12,kcat_194,0.10284363297482936
13,kcat_194,0.08751099517868853
14,kcat_194,0.07529498846196683
15,kcat_194,0.056065465697674746
16,kcat_194,0.04667943842836047
17,kcat_194,0.04167231022311563
18,kcat_194,0.0344705007528148
19,kcat_194,0.0336471546917554
20,kcat_194,0.021707964068790053
21,kcat_194,0.009149244226621165
22,kcat_194,0.005905546009187143
23,kcat_194,0.005638571679907806
24,kcat_194,0.0011890977445201281
25,kcat_194,0.0031336797835527217
26,kcat_194,0.013151781908040854
27,kcat_194,0.010689020637418015
28,kcat_194,0.02111002998587304
29,kcat_194,0.02273900341365306
30,kcat_194,0.028912323693143047
31,kcat_194,0.03715827917410124
32,kcat_194,0.045961228031899025
33,kcat_194,0.04580593169280499
34,kcat_194,0.04904653065425921
35,kcat_194,0.055425509076078294
36,kcat_194,0.05821864229068147
37,kcat_194,0.06139875961840586
38,kcat_194,0.06533104546122241
39,kcat_194,0.06941072829536837
40,kcat_194,0.07019194657914885
41,kcat_194,0.07061108863692393
42,kcat_194,0.07748435112868333
43,kcat_194,0.07894216294430015
44,kcat_194,0.08050695269151506
45,kcat_194,0.08297684711732722
46,kcat_194,0.0897651544857324
47,kcat_194,0.08932382446308555
48,kcat_194,0.09072135784922633
49,kcat_194,0.0917559983938891
0,kcat_195,0.26451493620570393
1,kcat_195,0.25086361029787724
2,kcat_195,0.21578426326321204
3,kcat_195,0.16995028273018006
4,kcat_195,0.1653176582827258
5,kcat_195,0.11615617110481351
6,kcat_195,0.09026749113209924
7,kcat_195,0.08067330849326616
8,kcat_195,0.0517553338580053
9,kcat_195,0.04907752928960168
10,kcat_195,0.04222754923198463
11,kcat_195,0.02829163713612905
12,kcat_195,0.02725548585867925
13,kcat_195,0.018719796471022794
14,kcat_195,0.014658647824033331
15,kcat_195,0.0036970589988434776
16,kcat_195,0.008210006156095505
17,kcat_195,0.010176901692862428
18,kcat_195,0.009644546030585
19,kcat_195,0.009965274023032147
20,kcat_195,0.0237870881213985
21,kcat_195,0.02435362690762091
22,kcat_195,0.026229702931955597
23,kcat_195,0.02430569357895297
24,kcat_195,0.02652758185016565
25,kcat_195,0.028577249996536675
26,kcat_195,0.03829229381423734
27,kcat_195,0.0418260555656969
28,kcat_195,0.04144443580304393
29,kcat_195,0.03901106853775343
30,kcat_195,0.04089380392076381
31,kcat_195,0.0487363555231674
32,kcat_195,0.051677323852413255
33,kcat_195,0.05404748526864033
34,kcat_195,0.06901049273066559
35,kcat_195,0.07080409893918636
36,kcat_195,0.07247703509968137
37,kcat_195,0.0808337338267057
38,kcat_195,0.0824931542738101
39,kcat_195,0.09089540374722563
40,kcat_195,0.08871136593444602
41,kcat_195,0.08822156290232896
42,kcat_195,0.08852198768541522
43,kcat_195,0.08804934526262798
44,kcat_195,0.09076873676726638
45,kcat_195,0.09458713007276275
46,kcat_195,0.09977972875050838
47,kcat_195,0.10200892144870564
48,kcat_195,0.11248868043793132
49,kcat_195,0.1132898445856648
0,kcat_196,0.6214576479556563
1,kcat_196,0.5774320317558473
2,kcat_196,0.5084117201540567
3,kcat_196,0.45039164004253546
4,kcat_196,0.4165530993863882
5,kcat_196,0.3859733356391725
6,kcat_196,0.3564949322579841
7,kcat_196,0.3163946430225321
8,kcat_196,0.2807586313939024
9,kcat_196,0.2656101673381137
10,kcat_196,0.2437940109688969
11,kcat_196,0.22722854636596898
12,kcat_196,0.2218437318223847
13,kcat_196,0.2147211543126629
14,kcat_196,0.1942759213836194
15,kcat_196,0.17417668135714393
16,kcat_196,0.17141520541694868
17,kcat_196,0.16748321589001947
18,kcat_196,0.1570005487102502
19,kcat_196,0.15697725634352064
20,kcat_196,0.1419784600670894
21,kcat_196,0.1326687856286576
22,kcat_196,0.11880728153741293
23,kcat_196,0.11611250840283344
24,kcat_196,0.11052716355125443
25,kcat_196,0.10766565056895051
26,kcat_196,0.09608081780516732
27,kcat_196,0.0902742606041128
28,kcat_196,0.08479547970047771
29,kcat_196,0.08037376372039284
30,kcat_196,0.07451550035694987
31,kcat_196,0.06773855422913946
32,kcat_196,0.04956248739634328
33,kcat_196,0.04858059661900371
34,kcat_196,0.05143762115654943
35,kcat_196,0.04339627816080227
36,kcat_196,0.03393836936802205
37,kcat_196,0.031352767747470076
38,kcat_196,0.02760756946865258
39,kcat_196,0.024521359440186463
40,kcat_196,0.017498734116130028
41,kcat_196,0.01760022406316945
42,kcat_196,0.013781403661153269
43,kcat_196,0.008085158867802698
44,kcat_196,0.0062667102921038715
45,kcat_196,0.009368406584204006
46,kcat_196,0.01555661879159398
47,kcat_196,0.017592749333845064
48,kcat_196,0.01682485238136696
49,kcat_196,0.01813020669680027
0,kcat_197,0.31592689046159583
1,kcat_197,0.31792046162370335
2,kcat_197,0.2941030870828417
3,kcat_197,0.25057637382761555
4,kcat_197,0.23296695142735785
5,kcat_197,0.20138066947319386
6,kcat_197,0.19644201457102176
7,kcat_197,0.19126475296934928
8,kcat_197,0.14255602374412882
9,kcat_197,0.1301497763683676
10,kcat_197,0.12881341771615146
11,kcat_197,0.12065932385848693
12,kcat_197,0.11566973490648753
13,kcat_197,0.11122820191073905
14,kcat_197,0.09502255511276543
15,kcat_197,0.08175743279198738
16,kcat_197,0.07571138927954865
17,kcat_197,0.06445768505680001
18,kcat_197,0.06179440558556824
19,kcat_197,0.060077863871979546
20,kcat_197,0.03914585203480839
21,kcat_197,0.030575971833076223
22,kcat_197,0.030102425753379156
23,kcat_197,0.025938631831699623
24,kcat_197,0.022140243312554892
25,kcat_197,0.01799152391349791
26,kcat_197,0.005524331065321985
27,kcat_197,0.0013504885693379843
28,kcat_197,0.009308436971662561
29,kcat_197,0.008137690127484476
30,kcat_197,0.016248303214540544
31,kcat_197,0.020374022792199294
32,kcat_197,0.02516619984769551
33,kcat_197,0.023975599889564655
34,kcat_197,0.025906934539947742
35,kcat_197,0.026133200032842398
36,kcat_197,0.03163330005722926
37,kcat_197,0.03481938849686707
38,kcat_197,0.042099125065290496
39,kcat_197,0.04694511907717582
40,kcat_197,0.05572095585206587
41,kcat_197,0.055249056209938224
42,kcat_197,0.06122840070653905
43,kcat_197,0.06205447791412145
44,kcat_197,0.06829352579189964
45,kcat_197,0.07275627559746731
46,kcat_197,0.07887771877713241
47,kcat_197,0.0817380468095681
48,kcat_197,0.08558675850084825
49,kcat_197,0.08766841307856993
0,kcat_198,0.4486119899882101
1,kcat_198,0.43319489935349276
2,kcat_198,0.3902717529997351
3,kcat_198,0.32082973788268165
4,kcat_198,0.2955810998259679
5,kcat_198,0.27691658643092504
6,kcat_198,0.2526421046277797
7,kcat_198,0.2425177180314124
8,kcat_198,0.21091356742792997
9,kcat_198,0.2045892167535483
10,kcat_198,0.18960174591500822
11,kcat_198,0.1787404600469773
12,kcat_198,0.16283124807373775
13,kcat_198,0.15988785525174598
14,kcat_198,0.14365323307096456
15,kcat_198,0.12853774350402963
16,kcat_198,0.12143743367353144
17,kcat_198,0.11050978318710249
18,kcat_198,0.10421667958654912
19,kcat_198,0.0999113696190122
20,kcat_198,0.08784541532090862
21,kcat_198,0.07969151279212461
22,kcat_198,0.07937164972908828
23,kcat_198,0.07813839484693234
24,kcat_198,0.06916952776952412
25,kcat_198,0.06883601200587598
26,kcat_198,0.058454893587640666
27,kcat_198,0.05205675667449586
28,kcat_198,0.04970614109071274
29,kcat_198,0.042111948048886086
30,kcat_198,0.03686816098204599
31,kcat_198,0.02999615834595947
32,kcat_198,0.02619644175884377
33,kcat_198,0.018246139512727657
34,kcat_198,0.012069538979570584
35,kcat_198,0.008181518310063838
36,kcat_198,0.010149938972555091
37,kcat_198,0.007739463889438637
38,kcat_198,0.002143158606019495
39,kcat_198,0.00020670553609359867
40,kcat_198,0.005715513908449034
41,kcat_198,0.004900992709480656
42,kcat_198,0.008030913428844965
43,kcat_198,0.013276402095945097
44,kcat_198,0.017433463865259263
45,kcat_198,0.022795138151100066
46,kcat_198,0.0242640109124883
47,kcat_198,0.02324827224555292
48,kcat_198,0.026710477668821345
49,kcat_198,0.026248234972337917
0,kcat_199,0.5959340784639646
1,kcat_199,0.5495388108503461
2,kcat_199,0.47810808687184037
3,kcat_199,0.4456483376339636
4,kcat_199,0.43759221192448544
5,kcat_199,0.37716135096954745
6,kcat_199,0.3577205463414733
7,kcat_199,0.3272583224222895
8,kcat_199,0.2833676048277571
9,kcat_199,0.28228157743837756
10,kcat_199,0.26570571684940436
11,kcat_199,0.24229045973327049
12,kcat_199,0.22410953682950344
13,kcat_199,0.22187650669111778
14,kcat_199,0.2078614971739481
15,kcat_199,0.18058610980805032
16,kcat_199,0.17407250613248756
17,kcat_199,0.1671208918618827
18,kcat_199,0.14902975163454532
19,kcat_199,0.14291616631682597
20,kcat_199,0.1218449821529989
21,kcat_199,0.11310354244113187
22,kcat_199,0.1097384000331737
23,kcat_199,0.10596358251743916
24,kcat_199,0.10496968934957429
25,kcat_199,0.10181838015340054
26,kcat_199,0.08800456556399812
27,kcat_199,0.08436037448994434
28,kcat_199,0.0768365588115601
29,kcat_199,0.07106136398045435
30,kcat_199,0.06098220204710381
31,kcat_199,0.060078267793652836
32,kcat_199,0.05312123964853362
33,kcat_199,0.05094475433043545
34,kcat_199,0.04384450318824415
35,kcat_199,0.038532004166376095
36,kcat_199,0.03780560536442984
37,kcat_199,0.03139837072482938
38,kcat_199,0.02660272383201877
39,kcat_199,0.01983269061899854
40,kcat_199,0.014519957684055831
41,kcat_199,0.016164268423364048
42,kcat_199,0.011878238497647275
43,kcat_199,0.004862980152173398
44,kcat_199,0.003026678792564394
45,kcat_199,0.0007786398066916829
46,kcat_199,0.003105312716510496
47,kcat_199,0.005309366668795709
48,kcat_199,0.011633904019904015
49,kcat_199,0.013896210821104208
0,kcat_200,0.5171421314420581
1,kcat_200,0.48611401379492186
2,kcat_200,0.422137395261173
3,kcat_200,0.3700480837322008
4,kcat_200,0.3441190688169055
5,kcat_200,0.30698927924429664
6,kcat_200,0.2933840862499422
7,kcat_200,0.27400141604818784
8,kcat_200,0.2455393588851783
9,kcat_200,0.2409879304895587
10,kcat_200,0.23845773970631468
11,kcat_200,0.21528404719237212
12,kcat_200,0.2079188814518989
13,kcat_200,0.21484038813137385
14,kcat_200,0.19960417610549067
15,kcat_200,0.17774505251027847
16,kcat_200,0.17535505053703554
17,kcat_200,0.15915170757390595
18,kcat_200,0.15498256815061007
19,kcat_200,0.146020663363672
20,kcat_200,0.12629432002618501
21,kcat_200,0.12197608539002826
22,kcat_200,0.1098827333600212
23,kcat_200,0.10824625250127545
24,kcat_200,0.1033767428854169
25,kcat_200,0.09912113132126214
26,kcat_200,0.09799113784139703
27,kcat_200,0.09497334804083107
28,kcat_200,0.09456456533753865
29,kcat_200,0.08631218372550878
30,kcat_200,0.07297193686694493
31,kcat_200,0.06870531541813915
32,kcat_200,0.06867014400184406
33,kcat_200,0.06278143229404498
34,kcat_200,0.05257998494643448
35,kcat_200,0.04670447352593166
36,kcat_200,0.03469481844516364
37,kcat_200,0.030457485780450926
38,kcat_200,0.02072265212546138
39,kcat_200,0.015966606242367398
40,kcat_200,0.01135297786616352
41,kcat_200,0.009791605499117707
42,kcat_200,0.00414140195267246
43,kcat_200,0.002052914675289689
44,kcat_200,0.008625191705169084
45,kcat_200,0.011981516165096573
46,kcat_200,0.01993867530882744
47,kcat_200,0.019814753921708724
48,kcat_200,0.02105650195165895
49,kcat_200,0.020902406581514862
0,kcat_201,1.004258828956554
1,kcat_201,0.9462281212336252
2,kcat_201,0.7705675780204102
3,kcat_201,0.6465140001026437
4,kcat_201,0.5842331973755066
5,kcat_201,0.529280433860184
6,kcat_201,0.5103243080354916
7,kcat_201,0.4530772131764931
8,kcat_201,0.39159489202916564
9,kcat_201,0.3826966339853626
10,kcat_201,0.37837486161764355
11,kcat_201,0.34903479893523504
12,kcat_201,0.3271036311453591
13,kcat_201,0.3129190472937895
14,kcat_201,0.29500066268184627
15,kcat_201,0.24812322834224926
16,kcat_201,0.23633940745076104
17,kcat_201,0.2171548771866699
18,kcat_201,0.21013111836483733
19,kcat_201,0.20395666217943084
20,kcat_201,0.17833864765280447
21,kcat_201,0.16243274698153715
22,kcat_201,0.15829377676975154
23,kcat_201,0.1561436812095473
24,kcat_201,0.15789344981385178
25,kcat_201,0.14838439102436915
26,kcat_201,0.13948090981659547
27,kcat_201,0.13547521040495522
28,kcat_201,0.13214636597732238
29,kcat_201,0.12525361084307998
30,kcat_201,0.114589687119082
31,kcat_201,0.10959043120875869
32,kcat_201,0.10628733576353883
33,kcat_201,0.10288916840548011
34,kcat_201,0.09171083393388024
35,kcat_201,0.08864544529453082
36,kcat_201,0.08225603149347777
37,kcat_201,0.07463430698618874
38,kcat_201,0.07802690087164292
39,kcat_201,0.06891110688384422
40,kcat_201,0.061503955089590986
41,kcat_201,0.060857051274556276
42,kcat_201,0.053562797513927306
43,kcat_201,0.037676524657821904
44,kcat_201,0.03564087049271097
45,kcat_201,0.03159672741103379
46,kcat_201,0.02269830181248569
47,kcat_201,0.02174704343746009
48,kcat_201,0.01861878844001648
49,kcat_201,0.01681640864737821
0,kcat_202,0.5634760930720397
1,kcat_202,0.5243685825909546
2,kcat_202,0.4601212457644583
3,kcat_202,0.3788941341506897
4,kcat_202,0.3543451161867659
5,kcat_202,0.3299105181164862
6,kcat_202,0.3079607579046703
7,kcat_202,0.2958189930511031
8,kcat_202,0.2516925687251593
9,kcat_202,0.23396005606201284
10,kcat_202,0.22653370993979657
11,kcat_202,0.19942027831073972
12,kcat_202,0.19459550896232997
13,kcat_202,0.19224812277045172
14,kcat_202,0.16944124209576072
15,kcat_202,0.15585285049037914
16,kcat_202,0.14345899213315622
17,kcat_202,0.1348839753997765
18,kcat_202,0.12028327995225191
19,kcat_202,0.11715966991192818
20,kcat_202,0.09471072474799477
21,kcat_202,0.08643534841150773
22,kcat_202,0.07854620283411308
23,kcat_202,0.07594170819849685
24,kcat_202,0.07215627444800786
25,kcat_202,0.06506205781359126
26,kcat_202,0.057420827481095275
27,kcat_202,0.06135627766689416
28,kcat_202,0.053664952474980814
29,kcat_202,0.04375075407251493
30,kcat_202,0.037076171531500925
31,kcat_202,0.03405595011706084
32,kcat_202,0.03217148420165375
33,kcat_202,0.03323211814109824
34,kcat_202,0.03113568537731616
35,kcat_202,0.02393734657689051
36,kcat_202,0.018434305150191198
37,kcat_202,0.014192735066274317
38,kcat_202,0.005409524896821971
39,kcat_202,0.0006826933182305078
40,kcat_202,0.00451195752107964
41,kcat_202,0.0037564257090162228
42,kcat_202,0.009249826759917142
43,kcat_202,0.01606515488136855
44,kcat_202,0.021852196132129735
45,kcat_202,0.028627604073927133
46,kcat_202,0.037276679700034336
47,kcat_202,0.04206333931834812
48,kcat_202,0.04876756876570434
49,kcat_202,0.051366834856386864
0,kcat_203,1.1817129123668566
1,kcat_203,1.027630973465183
2,kcat_203,0.7877053924809827
3,kcat_203,0.6364305254439642
4,kcat_203,0.5746482755964598
5,kcat_203,0.5231708462560118
6,kcat_203,0.471636899371186
7,kcat_203,0.418442032896253
8,kcat_203,0.3585747103252493
9,kcat_203,0.35079320381826545
10,kcat_203,0.31874748429230393
11,kcat_203,0.27361508972016313
12,kcat_203,0.2560836326026153
13,kcat_203,0.2438990571441151
14,kcat_203,0.22351952440611103
15,kcat_203,0.18983783308151317
16,kcat_203,0.17664917794089013
17,kcat_203,0.1651049960774164
18,kcat_203,0.15391284597106772
19,kcat_203,0.1467524436493244
20,kcat_203,0.12549781562106674
21,kcat_203,0.11274015446610541
22,kcat_203,0.1048395957806554
23,kcat_203,0.10015737477452505
24,kcat_203,0.09567053169719039
25,kcat_203,0.09081867613771301
26,kcat_203,0.07640170214139481
27,kcat_203,0.07229059436344515
28,kcat_203,0.06445554998471655
29,kcat_203,0.055281090420605764
30,kcat_203,0.04828834378139112
31,kcat_203,0.04166044783910583
32,kcat_203,0.033528209731170426
33,kcat_203,0.03528097943358746
34,kcat_203,0.02731788873116372
35,kcat_203,0.023212582177918866
36,kcat_203,0.0206966791229
37,kcat_203,0.013720675290692836
38,kcat_203,0.0012033712224194186
39,kcat_203,0.00376000341575447
40,kcat_203,0.007574905944846514
41,kcat_203,0.005014340268714281
42,kcat_203,0.010896055653231521
43,kcat_203,0.008218674584572375
44,kcat_203,0.008473852127246802
45,kcat_203,0.017822539420108235
46,kcat_203,0.018935792172075434
47,kcat_203,0.02393627521742212
48,kcat_203,0.03363691560814551
49,kcat_203,0.03502459057473524
0,kcat_204,0.9770303253696536
1,kcat_204,0.8758100730930807
2,kcat_204,0.7004266007279087
3,kcat_204,0.6066618666450175
4,kcat_204,0.548962633090459
5,kcat_204,0.4797601066119591
6,kcat_204,0.46042391492420953
7,kcat_204,0.4328237187587391
8,kcat_204,0.39710663069972374
9,kcat_204,0.38571168149055685
10,kcat_204,0.369190806529911
11,kcat_204,0.35375874704302185
12,kcat_204,0.3426122127736931
13,kcat_204,0.3300460204846853
14,kcat_204,0.30723603545477324
15,kcat_204,0.27170773787791425
16,kcat_204,0.25455708417993683
17,kcat_204,0.23743094422431169
18,kcat_204,0.2208052634361197
19,kcat_204,0.20662518048438303
20,kcat_204,0.1870085668578895
21,kcat_204,0.17050195747451086
22,kcat_204,0.142825094583818
23,kcat_204,0.13611172718867348
24,kcat_204,0.13001406226900958
25,kcat_204,0.12732105123554094
26,kcat_204,0.11858353212781665
27,kcat_204,0.11632479710922136
28,kcat_204,0.11171464559268365
29,kcat_204,0.10536954063477656
30,kcat_204,0.09598345185344626
31,kcat_204,0.08592593130868582
32,kcat_204,0.08188205403511868
33,kcat_204,0.07855221261483407
34,kcat_204,0.07139996388531243
35,kcat_204,0.06582427386771592
36,kcat_204,0.061473022947783534
37,kcat_204,0.05621980772714636
38,kcat_204,0.05080209407900903
39,kcat_204,0.04704462449611452
40,kcat_204,0.04184465458438905
41,kcat_204,0.04252845194959828
42,kcat_204,0.03742510505188927
43,kcat_204,0.026186285076876054
44,kcat_204,0.022042880790292707
45,kcat_204,0.013159139124422823
46,kcat_204,0.002560555401407734
47,kcat_204,0.001663067145083448
48,kcat_204,0.0047046137750800954
49,kcat_204,0.009796260783010302
0,kcat_205,0.9309676381808594
1,kcat_205,0.8791082916466327
2,kcat_205,0.724629559009604
3,kcat_205,0.5560555859978988
4,kcat_205,0.5222689391237874
5,kcat_205,0.4632291727633769
6,kcat_205,0.4398586043595942
7,kcat_205,0.4027691744932218
8,kcat_205,0.31552208434541074
9,kcat_205,0.3016609719991493
10,kcat_205,0.27958168808475053
11,kcat_205,0.25715253356130185
12,kcat_205,0.24977981207199942
13,kcat_205,0.2396721675892689
14,kcat_205,0.22007909466477407
15,kcat_205,0.192865553036974
16,kcat_205,0.18257997802859288
17,kcat_205,0.17652790609894878
18,kcat_205,0.16373009579363124
19,kcat_205,0.15688704613907492
20,kcat_205,0.13799660160268987
21,kcat_205,0.12363829748177964
22,kcat_205,0.09591336797697592
23,kcat_205,0.09284886049492146
24,kcat_205,0.09220657944270629
25,kcat_205,0.08401475466142572
26,kcat_205,0.07977756173379333
27,kcat_205,0.07698813710538155
28,kcat_205,0.06989258498014884
29,kcat_205,0.06665476809669345
30,kcat_205,0.059464516863919736
31,kcat_205,0.05863228661114496
32,kcat_205,0.04381861757374379
33,kcat_205,0.0433782026561528
34,kcat_205,0.03287155249612072
35,kcat_205,0.0262753294345254
36,kcat_205,0.01845218447405394
37,kcat_205,0.01516132528440672
38,kcat_205,0.015383888680387342
39,kcat_205,0.013418201274003439
40,kcat_205,0.003092884884722625
41,kcat_205,0.0025770975073721677
42,kcat_205,0.005457501030967657
43,kcat_205,0.013160850711375594
44,kcat_205,0.020359946543751117
45,kcat_205,0.027604487338360566
46,kcat_205,0.030471141380524664
47,kcat_205,0.033343952517875135
48,kcat_205,0.04215771965346262
49,kcat_205,0.04583388552329819
0,kcat_206,0.7562665253052445
1,kcat_206,0.6771477243648801
2,kcat_206,0.5976880299390627
3,kcat_206,0.5346697784247841
4,kcat_206,0.4989295275775486
5,kcat_206,0.41880456765395246
6,kcat_206,0.4010156299928657
7,kcat_206,0.38524945424430956
8,kcat_206,0.3139273307331069
9,kcat_206,0.2943171634937598
10,kcat_206,0.28189003865689416
11,kcat_206,0.2605672474441652
12,kcat_206,0.24371176742307596
13,kcat_206,0.2318343181382014
14,kcat_206,0.20215409046556831
15,kcat_206,0.18551324843787118
16,kcat_206,0.17939530525997033
17,kcat_206,0.1699877711933821
18,kcat_206,0.16257684849837206
19,kcat_206,0.15409165415213574
20,kcat_206,0.11455514092955851
21,kcat_206,0.10735286518048241
22,kcat_206,0.11106977476123636
23,kcat_206,0.1066864200901379
24,kcat_206,0.10627963446413449
25,kcat_206,0.1012956707320577
26,kcat_206,0.08803568439626785
27,kcat_206,0.08112659699009
28,kcat_206,0.07244954451162777
29,kcat_206,0.07465763523336337
30,kcat_206,0.06595594219757747
31,kcat_206,0.05830309213415415
32,kcat_206,0.052646593381866266
33,kcat_206,0.05015871275011643
34,kcat_206,0.041605824708977536
35,kcat_206,0.03716518325046692
36,kcat_206,0.02949100843575423
37,kcat_206,0.0290771298786394
38,kcat_206,0.023127979681253075
39,kcat_206,0.01858218639976785
40,kcat_206,0.007808620814954062
41,kcat_206,0.009266026479859172
42,kcat_206,0.00552746987864761
43,kcat_206,0.00011553727181836864
44,kcat_206,0.007775237912587765
45,kcat_206,0.01357054982759456
46,kcat_206,0.022554076243673254
47,kcat_206,0.027406950290869453
48,kcat_206,0.026991783352005944
49,kcat_206,0.03055703132182731
0,kcat_207,0.9764384781612069
1,kcat_207,0.8415406058699887
2,kcat_207,0.7142605715841496
3,kcat_207,0.6118123254376083
4,kcat_207,0.5123767749297443
5,kcat_207,0.4592578526948661
6,kcat_207,0.43855393451181496
7,kcat_207,0.4016726716423372
8,kcat_207,0.34015857326989035
9,kcat_207,0.31864705277651145
10,kcat_207,0.30985623481537194
11,kcat_207,0.2848591078694312
12,kcat_207,0.2685170737396292
13,kcat_207,0.2642372016655519
14,kcat_207,0.24635340847297602
15,kcat_207,0.21227888110807092
16,kcat_207,0.20049001375767897
17,kcat_207,0.1847887717137807
18,kcat_207,0.17228089225410712
19,kcat_207,0.1677727856129155
20,kcat_207,0.14540411255312843
21,kcat_207,0.137072111885395
22,kcat_207,0.13186477746663486
23,kcat_207,0.13094395965658406
24,kcat_207,0.13027447180451274
25,kcat_207,0.1221490054567252
26,kcat_207,0.11258964828645486
27,kcat_207,0.10743626061484617
28,kcat_207,0.10007664097467514
29,kcat_207,0.09585498778425203
30,kcat_207,0.07675193204230646
31,kcat_207,0.07283223727595681
32,kcat_207,0.06305213169391803
33,kcat_207,0.06058859377773851
34,kcat_207,0.05832024068525531
35,kcat_207,0.05560197949305557
36,kcat_207,0.05165605433496837
37,kcat_207,0.048299239991862065
38,kcat_207,0.03585862552744925
39,kcat_207,0.032793399580812795
40,kcat_207,0.027491632292523844
41,kcat_207,0.0276334233252607
42,kcat_207,0.02028988814411828
43,kcat_207,0.0010643376684515234
44,kcat_207,0.0021168786440561374
45,kcat_207,0.0011253623190723722
46,kcat_207,4.7515923477698054e-05
47,kcat_207,2.4768634633053697e-05
48,kcat_207,0.007290121602808995
49,kcat_207,0.008480040905377932
0,kcat_208,0.3149584869285589
1,kcat_208,0.29943892529629773
2,kcat_208,0.2543448427109077
3,kcat_208,0.20218703567399965
4,kcat_208,0.1933152919908107
5,kcat_208,0.17788944232088047
6,kcat_208,0.17269373028646934
7,kcat_208,0.16512033899337178
8,kcat_208,0.14551188775938967
9,kcat_208,0.13662532729574045
10,kcat_208,0.13082467168212256
11,kcat_208,0.11196655401639256
12,kcat_208,0.09591809811911446
13,kcat_208,0.0817353253771432
14,kcat_208,0.07057479337938927
15,kcat_208,0.06273120118111244
16,kcat_208,0.05511801486778551
17,kcat_208,0.0473502451659609
18,kcat_208,0.043043531035497545
19,kcat_208,0.03610831913367959
20,kcat_208,0.02294480680269626
21,kcat_208,0.009669891920383039
22,kcat_208,0.004222297421227848
23,kcat_208,0.002558393322879159
24,kcat_208,0.0031285158171290863
25,kcat_208,0.0012791536280973384
26,kcat_208,0.011724708796818606
27,kcat_208,0.01131505263021858
28,kcat_208,0.01372042900000938
29,kcat_208,0.018884595662474996
30,kcat_208,0.027313924948261473
31,kcat_208,0.02997215190512044
32,kcat_208,0.034899560156614766
33,kcat_208,0.03664115092228053
34,kcat_208,0.03911195633089463
35,kcat_208,0.03986615742923574
36,kcat_208,0.04318114819019625
37,kcat_208,0.042897025805055694
38,kcat_208,0.04869079309213532
39,kcat_208,0.05291763609870706
40,kcat_208,0.05126350870697903
41,kcat_208,0.05214081146454369
42,kcat_208,0.05247737477427268
43,kcat_208,0.06389357567430992
44,kcat_208,0.062166604013529886
45,kcat_208,0.06433409872750048
46,kcat_208,0.0725122185546441
47,kcat_208,0.07300292560745227
48,kcat_208,0.07481883167240042
49,kcat_208,0.07781679115629382
0,kcat_209,0.5053516160319944
1,kcat_209,0.48075389258822604
2,kcat_209,0.39871689503351215
3,kcat_209,0.3689970911138423
4,kcat_209,0.3319831493376793
5,kcat_209,0.29022124576350666
6,kcat_209,0.2700049646701151
7,kcat_209,0.24595392554619494
8,kcat_209,0.2241455110863846
9,kcat_209,0.2271058014129551
10,kcat_209,0.20849714693118912
11,kcat_209,0.18948343139606394
12,kcat_209,0.17397763677408748
13,kcat_209,0.17411099500094018
14,kcat_209,0.15737233077980972
15,kcat_209,0.14276521758818866
16,kcat_209,0.13769766460138666
17,kcat_209,0.13088064790601509
18,kcat_209,0.11727460718589162
19,kcat_209,0.11438845305301519
20,kcat_209,0.0962293958180933
21,kcat_209,0.08626801346526011
22,kcat_209,0.07833183785123977
23,kcat_209,0.0740601726099057
24,kcat_209,0.07006353696448593
25,kcat_209,0.06547766695638567
26,kcat_209,0.05470138049996922
27,kcat_209,0.049979329011703856
28,kcat_209,0.0420657708736552
29,kcat_209,0.03565172221159463
30,kcat_209,0.024241435944665494
31,kcat_209,0.017637252983232786
32,kcat_209,0.013068709793533336
33,kcat_209,0.011796484071579056
34,kcat_209,0.007938827215851011
35,kcat_209,0.00243159343485071
36,kcat_209,0.006277308069206494
37,kcat_209,0.01027432656228074
38,kcat_209,0.016790443487875843
39,kcat_209,0.018778685887116387
40,kcat_209,0.02171603634069232
41,kcat_209,0.020079765548936784
42,kcat_209,0.02302369408609039
43,kcat_209,0.02996838548722963
44,kcat_209,0.03296636424621472
45,kcat_209,0.04195004630619877
46,kcat_209,0.05494895741432383
47,kcat_209,0.05676836605541135
48,kcat_209,0.06364270486047503
49,kcat_209,0.06583431189804707
0,kcat_210,0.36765568040996355
1,kcat_210,0.35343022636377
2,kcat_210,0.3233003732685543
3,kcat_210,0.2854287471922725
4,kcat_210,0.25851899016767693
5,kcat_210,0.23932637545577182
6,kcat_210,0.21771161626768773
7,kcat_210,0.19582081880739832
8,kcat_210,0.1745919914570727
9,kcat_210,0.17200370156920564
10,kcat_210,0.16338177799493786
11,kcat_210,0.14531984164998862
12,kcat_210,0.13420316856862904
13,kcat_210,0.12917611016996944
14,kcat_210,0.12548216355056926
15,kcat_210,0.09887997410246127
16,kcat_210,0.0934729326531249
17,kcat_210,0.09308614338396601
18,kcat_210,0.08373667371515892
19,kcat_210,0.07885038111018332
20,kcat_210,0.0563566111142831
21,kcat_210,0.05229740908577398
22,kcat_210,0.040030136048711355
23,kcat_210,0.038922339267836135
24,kcat_210,0.03082504774323684
25,kcat_210,0.029731347298470625
26,kcat_210,0.01599850680045635
27,kcat_210,0.013590696945267627
28,kcat_210,0.009186228784522875
29,kcat_210,0.004194217109026637
30,kcat_210,0.004089728296452183
31,kcat_210,0.007590411528336459
32,kcat_210,0.011303796599987365
33,kcat_210,0.016543730780436975
34,kcat_210,0.020459816600162
35,kcat_210,0.021679813002866248
36,kcat_210,0.029474491674169365
37,kcat_210,0.02774436822713823
38,kcat_210,0.02857172127264924
39,kcat_210,0.031150866400262753
40,kcat_210,0.042207372933878724
41,kcat_210,0.04312140775160072
42,kcat_210,0.05079665839303138
43,kcat_210,0.05813827129452379
44,kcat_210,0.05716062188797023
45,kcat_210,0.061085644664806704
46,kcat_210,0.06813078534539377
47,kcat_210,0.06764768985993183
48,kcat_210,0.07224796827462204
49,kcat_210,0.07304140477068106
0,kcat_211,0.510183852154708
1,kcat_211,0.49376064070341624
2,kcat_211,0.44504740733726694
3,kcat_211,0.3887752945161725
4,kcat_211,0.3613757365311585
5,kcat_211,0.30801614264759314
6,kcat_211,0.2808520503575751
7,kcat_211,0.24992815335384205
8,kcat_211,0.21700244398977506
9,kcat_211,0.20424537571161228
10,kcat_211,0.18056274051034474
11,kcat_211,0.16837421283563112
12,kcat_211,0.157652211605717
13,kcat_211,0.14948331482077742
14,kcat_211,0.12874561628823578
15,kcat_211,0.10422599340401274
16,kcat_211,0.09634257778079454
17,kcat_211,0.0916568946532833
18,kcat_211,0.07746911213322996
19,kcat_211,0.07531471857313018
20,kcat_211,0.06799406697486078
21,kcat_211,0.06335121141157952
22,kcat_211,0.04640418525652802
23,kcat_211,0.03929949327394545
24,kcat_211,0.032546085464211644
25,kcat_211,0.02734358455369335
26,kcat_211,0.011582091184527984
27,kcat_211,0.009734627767952952
28,kcat_211,0.0038162394274891603
29,kcat_211,0.005414764557925309
30,kcat_211,0.01152776242953406
31,kcat_211,0.012568025933664627
32,kcat_211,0.023065718220543308
33,kcat_211,0.022113074790173277
34,kcat_211,0.0274403036899668
35,kcat_211,0.035778813971693926
36,kcat_211,0.042346565004029585
37,kcat_211,0.04375540833124297
38,kcat_211,0.04932205531285035
39,kcat_211,0.05318121331995078
40,kcat_211,0.05990576934552327
41,kcat_211,0.061637027291083404
42,kcat_211,0.06649817072623285
43,kcat_211,0.07358314267178054
44,kcat_211,0.07257709346437004
45,kcat_211,0.07759827248326476
46,kcat_211,0.08647167882303822
47,kcat_211,0.09053827741446024
48,kcat_211,0.09267497224216673
49,kcat_211,0.09495290830489615
0,kcat_212,0.8603827408878796
1,kcat_212,0.7944433893421214
2,kcat_212,0.6473294518685614
3,kcat_212,0.5724141175718199
4,kcat_212,0.5274178499043355
5,kcat_212,0.4560459548252208
6,kcat_212,0.42364978091430433
7,kcat_212,0.35896842405949203
8,kcat_212,0.3049909218317287
9,kcat_212,0.2948742061635863
10,kcat_212,0.2735037496392945
11,kcat_212,0.2621034476241901
12,kcat_212,0.2488230241938574
13,kcat_212,0.2430304701146747
14,kcat_212,0.2318903131928365
15,kcat_212,0.19019508777404845
16,kcat_212,0.17652515122716925
17,kcat_212,0.16549989078856758
18,kcat_212,0.154777014299337
19,kcat_212,0.15083519035837312
20,kcat_212,0.13400908816780369
21,kcat_212,0.11452652468219156
22,kcat_212,0.10462567221001323
23,kcat_212,0.10434901450029378
24,kcat_212,0.09782878442937114
25,kcat_212,0.08797558159383315
26,kcat_212,0.07695524933456001
27,kcat_212,0.07519887666426443
28,kcat_212,0.06578635387627567
29,kcat_212,0.05947335924819619
30,kcat_212,0.05609043126957877
31,kcat_212,0.05023862167977389
32,kcat_212,0.03381361607664856
33,kcat_212,0.02877454685632666
34,kcat_212,0.022978123569115442
35,kcat_212,0.019079296584158474
36,kcat_212,0.01893647008845453
37,kcat_212,0.015994928932045415
38,kcat_212,0.013517630142837293
39,kcat_212,0.011927184425589024
40,kcat_212,0.009399947634055402
41,kcat_212,0.005460100514019201
42,kcat_212,0.0015099204091773538
43,kcat_212,0.014547549040581337
44,kcat_212,0.01279698124433533
45,kcat_212,0.017333046799124938
46,kcat_212,0.023917220403792943
47,kcat_212,0.026825996127860647
48,kcat_212,0.028783859475476025
49,kcat_212,0.030156172844111557
0,kcat_213,0.7282269515250995
1,kcat_213,0.6925519654603675
2,kcat_213,0.6089710398081412
3,kcat_213,0.5016359383416958
4,kcat_213,0.4677233492892039
5,kcat_213,0.4181823885746063
6,kcat_213,0.4104003254456281
7,kcat_213,0.36917581607799915
8,kcat_213,0.3206486149067801
9,kcat_213,0.3018138268798653
10,kcat_213,0.2808940143124664
11,kcat_213,0.2457752102720356
12,kcat_213,0.2320834037382526
13,kcat_213,0.22573177768670383
14,kcat_213,0.20848057401807993
15,kcat_213,0.181335438474667
16,kcat_213,0.16670939705644397
17,kcat_213,0.161344501682282
18,kcat_213,0.14984513494637555
19,kcat_213,0.1404897803402704
20,kcat_213,0.12762809050201346
21,kcat_213,0.10563927295133922
22,kcat_213,0.09030893780917781
23,kcat_213,0.08864957096136168
24,kcat_213,0.08669793285525641
25,kcat_213,0.08565548979281647
26,kcat_213,0.07385075475383593
27,kcat_213,0.07035391999968839
28,kcat_213,0.060496781367934384
29,kcat_213,0.059335360509907065
30,kcat_213,0.045058687740454684
31,kcat_213,0.03860111832400708
32,kcat_213,0.0342410389633629
33,kcat_213,0.03290196755907749
34,kcat_213,0.025297572977991314
35,kcat_213,0.01273226586358747
36,kcat_213,0.013086110874419828
37,kcat_213,0.015317004548178026
38,kcat_213,0.014019583796026632
39,kcat_213,0.013774621464216551
40,kcat_213,0.007095202227084094
41,kcat_213,0.005542970162580198
42,kcat_213,0.005052702755017687
43,kcat_213,0.005196417741566944
44,kcat_213,0.010908877618484832
45,kcat_213,0.01707396258562357
46,kcat_213,0.020947948842563777
47,kcat_213,0.020897335776001936
48,kcat_213,0.023062508734991105
49,kcat_213,0.02484507529985491
0,kcat_214,0.8688935095089448
1,kcat_214,0.806909572761534
2,kcat_214,0.6913820189312996
3,kcat_214,0.6255990715345635
4,kcat_214,0.5859884886885295
5,kcat_214,0.5281034024212438
6,kcat_214,0.47419688484762146
7,kcat_214,0.4295656692132153
8,kcat_214,0.34670345784987117
9,kcat_214,0.33066464803533246
10,kcat_214,0.3190565125070108
11,kcat_214,0.2924372886904238
12,kcat_214,0.2892160877123913
13,kcat_214,0.28327211181894635
14,kcat_214,0.256909098917696
15,kcat_214,0.22910159422492848
16,kcat_214,0.2102105700119298
17,kcat_214,0.1993644033973178
18,kcat_214,0.18678913046038892
19,kcat_214,0.1758608455336388
20,kcat_214,0.15044870564825402
21,kcat_214,0.13020508889844368
22,kcat_214,0.12324826010081676
23,kcat_214,0.11917646331308591
24,kcat_214,0.11456926636747951
25,kcat_214,0.11319751633220511
26,kcat_214,0.09262019288931644
27,kcat_214,0.0888939111619594
28,kcat_214,0.08176797595393008
29,kcat_214,0.07203326127064223
30,kcat_214,0.05866055368087616
31,kcat_214,0.05753505437026299
32,kcat_214,0.04191900197913945
33,kcat_214,0.03959357293478826
34,kcat_214,0.03240147647665885
35,kcat_214,0.031646495756282166
36,kcat_214,0.02751927298591051
37,kcat_214,0.019631163274811247
38,kcat_214,0.012279747865603683
39,kcat_214,0.012747423359776217
40,kcat_214,0.0050295851767965475
41,kcat_214,0.004131951043081036
42,kcat_214,0.0007041514460982776
43,kcat_214,0.003146479460450642
44,kcat_214,0.0039466435324526815
45,kcat_214,0.008354400462478427
46,kcat_214,0.016314992630293703
47,kcat_214,0.020236884733549704
48,kcat_214,0.02473036461555891
49,kcat_214,0.026494639667619214
0,kcat_215,0.9499702304892992
1,kcat_215,0.8365753776497638
2,kcat_215,0.6854668433722804
3,kcat_215,0.5604295619706142
4,kcat_215,0.5129241375960941
5,kcat_215,0.45116756180210815
6,kcat_215,0.40811375298493335
7,kcat_215,0.3864941684101188
8,kcat_215,0.31572997616605036
9,kcat_215,0.30656184873724124
10,kcat_215,0.2973725784960382
11,kcat_215,0.2736324462908622
12,kcat_215,0.26510643489096675
13,kcat_215,0.25724219202970733
14,kcat_215,0.2283022749714636
15,kcat_215,0.19942901479896605
16,kcat_215,0.18090386103420433
17,kcat_215,0.17027626980320948
18,kcat_215,0.15516094903556962
19,kcat_215,0.15112140754497067
20,kcat_215,0.1306164938674936
21,kcat_215,0.12480045206823333
22,kcat_215,0.10893588874886337
23,kcat_215,0.10478987683708586
24,kcat_215,0.10273335022534284
25,kcat_215,0.09970998999368097
26,kcat_215,0.09237285317540436
27,kcat_215,0.08652103016591665
28,kcat_215,0.08329421157225868
29,kcat_215,0.07525792190254187
30,kcat_215,0.066860718721653
31,kcat_215,0.056412812046461945
32,kcat_215,0.05195180501060819
33,kcat_215,0.04428094169465508
34,kcat_215,0.034573601594992766
35,kcat_215,0.028876829566343472
36,kcat_215,0.020401869304280108
37,kcat_215,0.014528028222302567
38,kcat_215,0.01269000087534725
39,kcat_215,0.007122726476748821
40,kcat_215,0.0025158591301468513
41,kcat_215,0.0011359437563593343
42,kcat_215,0.0023199884795024493
43,kcat_215,0.0009944353679564202
44,kcat_215,0.006819267035657568
45,kcat_215,0.011491600664719864
46,kcat_215,0.019622692702605544
47,kcat_215,0.017263099483256418
48,kcat_215,0.02068487216273918
49,kcat_215,0.022905029105367864
0,kcat_216,0.7550873630743553
1,kcat_216,0.717922291106663
2,kcat_216,0.5811481623669474
3,kcat_216,0.500420766776657
4,kcat_216,0.45946397884068185
5,kcat_216,0.40983763848255567
6,kcat_216,0.3755564491937892
7,kcat_216,0.32606351617353596
8,kcat_216,0.29495045590670027
9,kcat_216,0.28778082290700907
10,kcat_216,0.2645721224852326
11,kcat_216,0.23466793532781594
12,kcat_216,0.22240781421476424
13,kcat_216,0.20798883450123945
14,kcat_216,0.19848218231465323
15,kcat_216,0.1579358448244055
16,kcat_216,0.148390911548515
17,kcat_216,0.14054912712870674
18,kcat_216,0.12280723870838624
19,kcat_216,0.11866765276161531
20,kcat_216,0.10281147035345581
21,kcat_216,0.08944566969847811
22,kcat_216,0.08421700840220657
23,kcat_216,0.08061828721040652
24,kcat_216,0.07845898456805014
25,kcat_216,0.07969477705765896
26,kcat_216,0.07138849357568569
27,kcat_216,0.06883140753305883
28,kcat_216,0.06097528895801684
29,kcat_216,0.05096901832580751
30,kcat_216,0.04368476932292848
31,kcat_216,0.04396852682832301
32,kcat_216,0.0404719315614835
33,kcat_216,0.03976821734195248
34,kcat_216,0.024866029054612073
35,kcat_216,0.025418731626071576
36,kcat_216,0.019465496773600127
37,kcat_216,0.01842732420437567
38,kcat_216,0.013753220420610938
39,kcat_216,0.00770480226231861
40,kcat_216,0.0006407314794258063
41,kcat_216,4.0967468690378916e-05
42,kcat_216,0.004726555913293411
43,kcat_216,0.01305648486601286
44,kcat_216,0.01285713543989686
45,kcat_216,0.016284697749550145
46,kcat_216,0.026398360114160285
47,kcat_216,0.030186208913278292
48,kcat_216,0.03668441880376991
49,kcat_216,0.03774152359664702
0,kcat_217,0.6488438408407203
1,kcat_217,0.6166500182714948
2,kcat_217,0.5262098483654667
3,kcat_217,0.4595667151913182
4,kcat_217,0.39236892295725134
5,kcat_217,0.3355007213385733
6,kcat_217,0.31799132232595007
7,kcat_217,0.30237769471266374
8,kcat_217,0.2605652204837783
9,kcat_217,0.2506337158098737
10,kcat_217,0.23052956062254754
11,kcat_217,0.20620722495396854
12,kcat_217,0.1958539094935058
13,kcat_217,0.19269188817130967
14,kcat_217,0.17709600459222036
15,kcat_217,0.15492116679968296
16,kcat_217,0.14226418823945733
17,kcat_217,0.13487089122007462
18,kcat_217,0.12099484922582454
19,kcat_217,0.11316182080500266
20,kcat_217,0.09484945588896768
21,kcat_217,0.09343465234522139
22,kcat_217,0.08750478943848934
23,kcat_217,0.08595161249545626
24,kcat_217,0.08075810326487251
25,kcat_217,0.07206642970205739
26,kcat_217,0.06544855171042105
27,kcat_217,0.06143032422161735
28,kcat_217,0.059405478265563784
29,kcat_217,0.05324452664266876
30,kcat_217,0.039057747416923715
31,kcat_217,0.03378603624323171
32,kcat_217,0.03271359634334553
33,kcat_217,0.030423493015802553
34,kcat_217,0.02651433088963494
35,kcat_217,0.022987371585961272
36,kcat_217,0.017571859132174926
37,kcat_217,0.011266813822757737
38,kcat_217,0.00802805090489123
39,kcat_217,0.0008555152615889733
40,kcat_217,0.010100858943189456
41,kcat_217,0.010353298830733033
42,kcat_217,0.018287504365603086
43,kcat_217,0.022174674039629465
44,kcat_217,0.024919269792585127
45,kcat_217,0.03277389945995661
46,kcat_217,0.03874516763884529
47,kcat_217,0.04273151961673334
48,kcat_217,0.04604696020502589
49,kcat_217,0.04729440986588255
0,kcat_218,0.49314966234238156
1,kcat_218,0.4878393332268281
2,kcat_218,0.40515057393617593
3,kcat_218,0.3573664572168242
4,kcat_218,0.33481284259146804
5,kcat_218,0.3030341075946117
6,kcat_218,0.2897175797030959
7,kcat_218,0.2560467975138421
8,kcat_218,0.22027179788915083
9,kcat_218,0.2142177899125207
10,kcat_218,0.21181448856946092
11,kcat_218,0.20249244596122914
12,kcat_218,0.18850590658223648
13,kcat_218,0.1898444864586
14,kcat_218,0.18748229898123192
15,kcat_218,0.17226350581908562
16,kcat_218,0.16420566333663483
17,kcat_218,0.15696419903867975
18,kcat_218,0.14600148925606546
19,kcat_218,0.14020968755728358
20,kcat_218,0.11909426215107181
21,kcat_218,0.10566604316295815
22,kcat_218,0.08815538579383954
23,kcat_218,0.0845255946865255
24,kcat_218,0.0780390204001339
25,kcat_218,0.0778967863727805
26,kcat_218,0.06805111313753047
27,kcat_218,0.06853970320017666
28,kcat_218,0.06465760766320082
29,kcat_218,0.052221686643745956
30,kcat_218,0.04227126945116314
31,kcat_218,0.03651918409915047
32,kcat_218,0.024940729637553484
33,kcat_218,0.023853977434539386
34,kcat_218,0.016035921011947032
35,kcat_218,0.010874561107412136
36,kcat_218,0.00448122879566511
37,kcat_218,0.006763902827542762
38,kcat_218,0.0181059520531276
39,kcat_218,0.020302434645948428
40,kcat_218,0.029327153487961305
41,kcat_218,0.02782162666476992
42,kcat_218,0.03480932908373726
43,kcat_218,0.04173534413477836
44,kcat_218,0.043335738119642406
45,kcat_218,0.049798170900078764
46,kcat_218,0.05393078854980874
47,kcat_218,0.05353769867000876
48,kcat_218,0.05509544865890837
49,kcat_218,0.05675263623039797
0,kcat_219,0.6126708144091657
1,kcat_219,0.599005543595606
2,kcat_219,0.5042535980483589
3,kcat_219,0.4628135761928949
4,kcat_219,0.42560092483514944
5,kcat_219,0.38140705331556707
6,kcat_219,0.3593740769584077
7,kcat_219,0.32283959742049
8,kcat_219,0.26323146947604126
9,kcat_219,0.250538565984741
10,kcat_219,0.24252109460068969
11,kcat_219,0.22215441354896423
12,kcat_219,0.204715710182588
13,kcat_219,0.1966397941667296
14,kcat_219,0.1802286069625959
15,kcat_219,0.16787249380419936
16,kcat_219,0.1528298715493661
17,kcat_219,0.14567659405527225
18,kcat_219,0.13016675509553438
19,kcat_219,0.12409995324525373
20,kcat_219,0.1079839685602201
21,kcat_219,0.09273327145727889
22,kcat_219,0.0756098624171159
23,kcat_219,0.07463138098602447
24,kcat_219,0.06938801076703888
25,kcat_219,0.06038323598946295
26,kcat_219,0.05664815221351224
27,kcat_219,0.054477042661365056
28,kcat_219,0.055862482118232776
29,kcat_219,0.05160683826108147
30,kcat_219,0.04460331860211135
31,kcat_219,0.04139109835878694
32,kcat_219,0.032219348708797384
33,kcat_219,0.03127136315178742
34,kcat_219,0.024294433251022634
35,kcat_219,0.017014616452664676
36,kcat_219,0.01433023822028558
37,kcat_219,0.00890289362823534
38,kcat_219,0.0017383289378581168
39,kcat_219,9.413385143404786e-05
40,kcat_219,0.005310092509399036
41,kcat_219,0.010572817772671392
42,kcat_219,0.015486059995073955
43,kcat_219,0.019470125347797056
44,kcat_219,0.028643244820461624
45,kcat_219,0.03985995352418435
46,kcat_219,0.0441551125720782
47,kcat_219,0.04804692671288011
48,kcat_219,0.04587998496875002
49,kcat_219,0.04856335049919562
0,kcat_220,0.428778932959294
1,kcat_220,0.4119365194165502
2,kcat_220,0.3692099906776003
3,kcat_220,0.30632959872939053
4,kcat_220,0.2824780687960925
5,kcat_220,0.2748416675110996
6,kcat_220,0.25465875692037065
7,kcat_220,0.22217764046017469
8,kcat_220,0.18797604379752753
9,kcat_220,0.18223346725084538
10,kcat_220,0.18084585385423807
11,kcat_220,0.17025412258253098
12,kcat_220,0.16398089776016606
13,kcat_220,0.16026109919017006
14,kcat_220,0.14438726479115765
15,kcat_220,0.12807927973291944
16,kcat_220,0.11974904128059602
17,kcat_220,0.1185921044710611
18,kcat_220,0.11239872077352171
19,kcat_220,0.10573891054758172
20,kcat_220,0.08553568267074467
21,kcat_220,0.07980146883063383
22,kcat_220,0.06999431190463504
23,kcat_220,0.06260648329334695
24,kcat_220,0.061179378331452594
25,kcat_220,0.056536261683866294
26,kcat_220,0.05135721532662648
27,kcat_220,0.04894080979040441
28,kcat_220,0.04844909605919308
29,kcat_220,0.048307940569146675
30,kcat_220,0.047508129552404015
31,kcat_220,0.04998267443995306
32,kcat_220,0.044894817458589226
33,kcat_220,0.03788871514349808
34,kcat_220,0.033225925796626005
35,kcat_220,0.02786607385812465
36,kcat_220,0.028635906571715775
37,kcat_220,0.024787536760177847
38,kcat_220,0.01797727106784449
39,kcat_220,0.011785826425207847
40,kcat_220,0.011428021734130473
41,kcat_220,0.010627159131787908
42,kcat_220,6.769931328594302e-05
43,kcat_220,0.0032366224157226635
44,kcat_220,0.009301956571137845
45,kcat_220,0.019526248760996456
46,kcat_220,0.026664381331128938
47,kcat_220,0.026398685256634143
48,kcat_220,0.029207667367356062
49,kcat_220,0.028268259247782913
0,kcat_221,0.3513643501407
1,kcat_221,0.3364165950686077
2,kcat_221,0.29211376680088297
3,kcat_221,0.2722301267042231
4,kcat_221,0.2549004230878978
5,kcat_221,0.2299525285527495
6,kcat_221,0.2250912482783549
7,kcat_221,0.20385699490005785
8,kcat_221,0.19251409697954158
9,kcat_221,0.1960239224128864
10,kcat_221,0.17895050036576826
11,kcat_221,0.16831927551223794
12,kcat_221,0.16232568882887285
13,kcat_221,0.1619426697194461
14,kcat_221,0.15544492488520087
15,kcat_221,0.13458847935054843
16,kcat_221,0.1256570927125601
17,kcat_221,0.11261427940900727
18,kcat_221,0.11324517830831922
19,kcat_221,0.1081186643089327
20,kcat_221,0.0907114089224979
21,kcat_221,0.09043181308087817
22,kcat_221,0.08845266375310012
23,kcat_221,0.08794488520078064
24,kcat_221,0.07968546804736629
25,kcat_221,0.06912050749216389
26,kcat_221,0.056198282811721054
27,kcat_221,0.05156222266969625
28,kcat_221,0.04693205984679302
29,kcat_221,0.048830375762264094
30,kcat_221,0.04352721203848783
31,kcat_221,0.0381907986837208
32,kcat_221,0.027651429677924833
33,kcat_221,0.025545710223388318
34,kcat_221,0.020935552954374295
35,kcat_221,0.015124488287982919
36,kcat_221,0.009495203225599673
37,kcat_221,0.002510154286024878
38,kcat_221,0.006695478216035707
39,kcat_221,0.013626025344928279
40,kcat_221,0.01594329598143621
41,kcat_221,0.014182040200656476
42,kcat_221,0.01667595560519896
43,kcat_221,0.02082380975838132
44,kcat_221,0.021314313468371822
45,kcat_221,0.023912841780726706
46,kcat_221,0.043722437447518386
47,kcat_221,0.04479963073903357
48,kcat_221,0.05212521992590535
49,kcat_221,0.05260902146023357
0,kcat_222,0.8736302268448439
1,kcat_222,0.7861160712325187
2,kcat_222,0.6902376055608792
3,kcat_222,0.5866340495803787
4,kcat_222,0.5546897718413838
5,kcat_222,0.5029386838592336
6,kcat_222,0.46359174479891185
7,kcat_222,0.41487932838443475
8,kcat_222,0.35150770027581785
9,kcat_222,0.3221673332396356
10,kcat_222,0.3194139399841109
11,kcat_222,0.28932511885787987
12,kcat_222,0.2706844534071654
13,kcat_222,0.2605691526393626
14,kcat_222,0.25125885403805
15,kcat_222,0.21991044899214723
16,kcat_222,0.20487286100589636
17,kcat_222,0.19024622552213155
18,kcat_222,0.16556393579641585
19,kcat_222,0.1567837353996135
20,kcat_222,0.14451363346916643
21,kcat_222,0.12391477566819602
22,kcat_222,0.1090407650056806
23,kcat_222,0.10822350010834784
24,kcat_222,0.10440316006425363
25,kcat_222,0.10168034839522318
26,kcat_222,0.09388193870796091
27,kcat_222,0.09408071673456864
28,kcat_222,0.09067113699605518
29,kcat_222,0.08349097990562644
30,kcat_222,0.0808002418705341
31,kcat_222,0.07771632701374442
32,kcat_222,0.06551156370016455
33,kcat_222,0.06431281660008123
34,kcat_222,0.05360602856380879
35,kcat_222,0.04984452825225815
36,kcat_222,0.05085730170910083
37,kcat_222,0.047127189413299936
38,kcat_222,0.04076116633211686
39,kcat_222,0.032334331926705824
40,kcat_222,0.022241687650186987
41,kcat_222,0.021064080207915965
42,kcat_222,0.014127593308660178
43,kcat_222,0.010733091605264946
44,kcat_222,0.007607395145590065
45,kcat_222,0.0002599452299891865
46,kcat_222,0.013252824206932766
47,kcat_222,0.014208199517809795
48,kcat_222,0.016982153822342264
49,kcat_222,0.016248466367860936
0,kcat_223,0.8312686965691116
1,kcat_223,0.7810375780382213
2,kcat_223,0.6325402108881697
3,kcat_223,0.5078572111171524
4,kcat_223,0.45245212571544274
5,kcat_223,0.38237058699031456
6,kcat_223,0.353967879310662
7,kcat_223,0.3089168989671265
8,kcat_223,0.2752496153882327
9,kcat_223,0.2710747274330569
10,kcat_223,0.25589250873972424
11,kcat_223,0.22044579142716264
12,kcat_223,0.2102380023676323
13,kcat_223,0.2169479014078173
14,kcat_223,0.19931446166061603
15,kcat_223,0.16336066853820624
16,kcat_223,0.14815457757679937
17,kcat_223,0.1438077302888677
18,kcat_223,0.1300328941704931
19,kcat_223,0.12733072881802648
20,kcat_223,0.10363399145393964
21,kcat_223,0.0837933118996443
22,kcat_223,0.07314884409903272
23,kcat_223,0.07041095769204499
24,kcat_223,0.0625975596413148
25,kcat_223,0.06230712033695344
26,kcat_223,0.06165806810819531
27,kcat_223,0.05997619085144835
28,kcat_223,0.048932687266521974
29,kcat_223,0.04276662701830074
30,kcat_223,0.03493190897277847
31,kcat_223,0.035360515106184265
32,kcat_223,0.027972142940785972
33,kcat_223,0.02482718686836558
34,kcat_223,0.016149191823637967
35,kcat_223,0.014859520410282571
36,kcat_223,0.009752473391877589
37,kcat_223,0.004145278218556456
38,kcat_223,0.0015348123109362813
39,kcat_223,0.0022120991189290757
40,kcat_223,0.008145023326457869
41,kcat_223,0.00949654465640181
42,kcat_223,0.012954500028468034
43,kcat_223,0.02000480422650624
44,kcat_223,0.02138695093856084
45,kcat_223,0.028786465610422095
46,kcat_223,0.03715035478987698
47,kcat_223,0.037646751319819906
48,kcat_223,0.043259301063417396
49,kcat_223,0.045374841067886126
0,kcat_224,0.5205749719670241
1,kcat_224,0.4995473152087366
2,kcat_224,0.42434886697442575
3,kcat_224,0.3797703773991127
4,kcat_224,0.35532659375371023
5,kcat_224,0.3151630462912488
6,kcat_224,0.2887006060946416
7,kcat_224,0.2642654356088429
8,kcat_224,0.21863038438800034
9,kcat_224,0.20731631215330515
10,kcat_224,0.20315618982650896
11,kcat_224,0.18323595418625196
12,kcat_224,0.1749936387074145
13,kcat_224,0.1674762245957716
14,kcat_224,0.16339031463278458
15,kcat_224,0.14694107496376482
16,kcat_224,0.1398612535305608
17,kcat_224,0.13317849377129717
18,kcat_224,0.1196795608079875
19,kcat_224,0.11634459311962332
20,kcat_224,0.10002423381558485
21,kcat_224,0.0906188456960852
22,kcat_224,0.0866746214114582
23,kcat_224,0.08027259366235454
24,kcat_224,0.07139297426858504
25,kcat_224,0.06505544342239632
26,kcat_224,0.06713862140767221
27,kcat_224,0.061768478094077046
28,kcat_224,0.058979435577407216
29,kcat_224,0.054585340986498594
30,kcat_224,0.04727451041327859
31,kcat_224,0.04497081984248456
32,kcat_224,0.04368494429638224
33,kcat_224,0.040466876194955974
34,kcat_224,0.032527863141693855
35,kcat_224,0.0243654389653776
36,kcat_224,0.019919727632097164
37,kcat_224,0.019526267971918695
38,kcat_224,0.0072965370181822305
39,kcat_224,0.003316748927981618
40,kcat_224,0.0018031153145478406
41,kcat_224,0.0004836794297345704
42,kcat_224,0.0050508736613582555
43,kcat_224,0.011787090166247887
44,kcat_224,0.01428502913944101
45,kcat_224,0.019525580209550007
46,kcat_224,0.020139101318427395
47,kcat_224,0.021542544738785495
48,kcat_224,0.02998655610431045
49,kcat_224,0.030110174756639695
0,kcat_225,0.2787282649411137
1,kcat_225,0.26687317274478534
2,kcat_225,0.24046949240771565
3,kcat_225,0.21483371349667735
4,kcat_225,0.19452531913752774
5,kcat_225,0.19451166004400783
6,kcat_225,0.18095971622254275
7,kcat_225,0.16911666940454823
8,kcat_225,0.1456845356617209
9,kcat_225,0.1391147136952106
10,kcat_225,0.13960492042887993
11,kcat_225,0.12971930209971883
12,kcat_225,0.11829427061984855
13,kcat_225,0.09766965150428421
14,kcat_225,0.08089632397024321
15,kcat_225,0.06036702321158225
16,kcat_225,0.048470700657181
17,kcat_225,0.05104211059588356
18,kcat_225,0.03977048303542212
19,kcat_225,0.035732001642732714
20,kcat_225,0.020894451968683017
21,kcat_225,0.005006966886414294
22,kcat_225,0.0005882502449439142
23,kcat_225,0.0007911173631073926
24,kcat_225,0.0023403524722642745
25,kcat_225,0.00396306936831936
26,kcat_225,0.008204264210744062
27,kcat_225,0.01356948245718522
28,kcat_225,0.016037738451967723
29,kcat_225,0.02646837102038869
30,kcat_225,0.027371039122028984
31,kcat_225,0.02915949137571617
32,kcat_225,0.03603353848057671
33,kcat_225,0.039227158380453306
34,kcat_225,0.046790425092226036
35,kcat_225,0.04804750997732539
36,kcat_225,0.050647409010673425
37,kcat_225,0.04715527749761813
38,kcat_225,0.051610987640045104
39,kcat_225,0.055034141134659285
40,kcat_225,0.05786257341965382
41,kcat_225,0.059107172604331515
42,kcat_225,0.0705414694104247
43,kcat_225,0.07741021716757696
44,kcat_225,0.07457231094137919
45,kcat_225,0.07427959043856595
46,kcat_225,0.08604942707679254
47,kcat_225,0.08589950152099451
48,kcat_225,0.08818400470619289
49,kcat_225,0.08857241756903336
0,kcat_226,0.8233487696644153
1,kcat_226,0.7336490142241667
2,kcat_226,0.611006431467063
3,kcat_226,0.5359707896573475
4,kcat_226,0.49669369768077626
5,kcat_226,0.43269400729271723
6,kcat_226,0.41946977753785547
7,kcat_226,0.40120474051419747
8,kcat_226,0.3626975749947627
9,kcat_226,0.3534189726998055
10,kcat_226,0.3403008976527905
11,kcat_226,0.3218868839222074
12,kcat_226,0.3063336400753535
13,kcat_226,0.3034315844582294
14,kcat_226,0.27172975626912693
15,kcat_226,0.24745514296174392
16,kcat_226,0.2305477074222902
17,kcat_226,0.21732633438464707
18,kcat_226,0.21213893233574982
19,kcat_226,0.2119313195391162
20,kcat_226,0.19421677360777304
21,kcat_226,0.19279955130433848
22,kcat_226,0.17667319038121276
23,kcat_226,0.16930726425978426
24,kcat_226,0.1661385440066739
25,kcat_226,0.16074558353983984
26,kcat_226,0.14869212847603488
27,kcat_226,0.14725101919029113
28,kcat_226,0.1377461300256216
29,kcat_226,0.1394538932510261
30,kcat_226,0.1290053955174626
31,kcat_226,0.12450947816441918
32,kcat_226,0.11567942042693354
33,kcat_226,0.11226084031103786
34,kcat_226,0.10393347715292278
35,kcat_226,0.09832487396077513
36,kcat_226,0.08272228571925778
37,kcat_226,0.08038594766222398
38,kcat_226,0.0692439488011414
39,kcat_226,0.06780485611188608
40,kcat_226,0.06035187004439363
41,kcat_226,0.05718929069343887
42,kcat_226,0.053126793002905855
43,kcat_226,0.04669476128198669
44,kcat_226,0.04416759086981279
45,kcat_226,0.03770568656729886
46,kcat_226,0.03408781022033667
47,kcat_226,0.0340046444069911
48,kcat_226,0.023060720378053765
49,kcat_226,0.020569692342536076
0,kcat_227,0.6512684276052635
1,kcat_227,0.5788547886345506
2,kcat_227,0.5164257649475196
3,kcat_227,0.4205732007200176
4,kcat_227,0.38218379561661453
5,kcat_227,0.3614362731424472
6,kcat_227,0.3322226074387313
7,kcat_227,0.2848406487684051
8,kcat_227,0.24904404255280516
9,kcat_227,0.24254614746302539
10,kcat_227,0.22693942820990282
11,kcat_227,0.20323069648824527
12,kcat_227,0.19559850691565364
13,kcat_227,0.19506880732988474
14,kcat_227,0.17834919831141968
15,kcat_227,0.15287626922309513
16,kcat_227,0.14675296062110765
17,kcat_227,0.13144953614634372
18,kcat_227,0.1273325126938543
19,kcat_227,0.12062593908111484
20,kcat_227,0.09682716727754241
21,kcat_227,0.09366519120031107
22,kcat_227,0.08742738732959952
23,kcat_227,0.08745462906608802
24,kcat_227,0.08278921544493899
25,kcat_227,0.07663134293880931
26,kcat_227,0.06389609531876272
27,kcat_227,0.059373022211942135
28,kcat_227,0.05025667784305416
29,kcat_227,0.03317435170839813
30,kcat_227,0.028643679655855892
31,kcat_227,0.023193628977798093
32,kcat_227,0.016359521721873833
33,kcat_227,0.011301326859942321
34,kcat_227,0.004645633071806922
35,kcat_227,0.0023673848188885374
36,kcat_227,0.0007573507299931254
37,kcat_227,0.003993038171617081
38,kcat_227,0.007273970825820372
39,kcat_227,0.011439053168337847
40,kcat_227,0.021711880946493393
41,kcat_227,0.021739409303671877
42,kcat_227,0.027283210739467875
43,kcat_227,0.03070097701047712
44,kcat_227,0.03486645098159634
45,kcat_227,0.0376253548313579
46,kcat_227,0.044348364250696735
47,kcat_227,0.0472753315173403
48,kcat_227,0.05088503711221219
49,kcat_227,0.05461592783942768
0,kcat_228,1.1639239189373196
1,kcat_228,1.0232661739867888
2,kcat_228,0.8675367905087569
3,kcat_228,0.7079280899008723
4,kcat_228,0.6482578187901408
5,kcat_228,0.5698778472678183
6,kcat_228,0.5360691894141739
7,kcat_228,0.4856110833403274
8,kcat_228,0.4456139803468197
9,kcat_228,0.4349312281407574
10,kcat_228,0.4162135568402682
11,kcat_228,0.39534220174055845
12,kcat_228,0.3718733539953385
13,kcat_228,0.36202215475814903
14,kcat_228,0.3471676316567405
15,kcat_228,0.3182543419974098
16,kcat_228,0.2913750013639444
17,kcat_228,0.2794624091021702
18,kcat_228,0.2721751686205975
19,kcat_228,0.26887923418218485
20,kcat_228,0.24625510964810068
21,kcat_228,0.23340426148130525
22,kcat_228,0.2110102091953246
23,kcat_228,0.20488497113611598
24,kcat_228,0.20034136447234785
25,kcat_228,0.19791004638302392
26,kcat_228,0.17052210354998504
27,kcat_228,0.16001604254281918
28,kcat_228,0.14507276106410205
29,kcat_228,0.13812898393690135
30,kcat_228,0.1236529568712792
31,kcat_228,0.11721606353268575
32,kcat_228,0.10918505377145944
33,kcat_228,0.10435018966484595
34,kcat_228,0.08595598156946882
35,kcat_228,0.08348574666811208
36,kcat_228,0.07448754281921924
37,kcat_228,0.07240945323911101
38,kcat_228,0.06229504206994903
39,kcat_228,0.06265028688018032
40,kcat_228,0.05122873121185772
41,kcat_228,0.05048890546006439
42,kcat_228,0.04327839731696263
43,kcat_228,0.029528732790693166
44,kcat_228,0.0230455961280523
45,kcat_228,0.019264806496463005
46,kcat_228,0.012978985216672623
47,kcat_228,0.007518862874844449
48,kcat_228,0.0007418553418831341
49,kcat_228,0.00199235234687045
0,kcat_229,0.59245298753509
1,kcat_229,0.5059271548388569
2,kcat_229,0.4435687651664109
3,kcat_229,0.35319051703553744
4,kcat_229,0.3044643063951143
5,kcat_229,0.24362537556577607
6,kcat_229,0.21912634564470515
7,kcat_229,0.2060290212814286
8,kcat_229,0.17360077410567393
9,kcat_229,0.16226644960326533
10,kcat_229,0.1646942116550466
11,kcat_229,0.1506120239720692
12,kcat_229,0.14169864321965095
13,kcat_229,0.14122776986266516
14,kcat_229,0.1296465376519975
15,kcat_229,0.10609520060405017
16,kcat_229,0.0985529567199456
17,kcat_229,0.08632015964320683
18,kcat_229,0.07656464338941289
19,kcat_229,0.0689172708846665
20,kcat_229,0.06304343811722732
21,kcat_229,0.050988703946684824
22,kcat_229,0.04098221625046882
23,kcat_229,0.03376019234500138
24,kcat_229,0.027226231033577748
25,kcat_229,0.022217448174313554
26,kcat_229,0.013891089139381757
27,kcat_229,0.008468206837068502
28,kcat_229,0.007897344099272539
29,kcat_229,0.006020322208005395
30,kcat_229,0.0028260850995019873
31,kcat_229,0.007002403118012827
32,kcat_229,0.013590573960093418
33,kcat_229,0.014801618508133206
34,kcat_229,0.02432119946129869
35,kcat_229,0.03004102222290665
36,kcat_229,0.03468891099437253
37,kcat_229,0.036880973350365144
38,kcat_229,0.04942918834501174
39,kcat_229,0.05318585358767295
40,kcat_229,0.05367328062363206
41,kcat_229,0.05458095909713521
42,kcat_229,0.055348309061990654
43,kcat_229,0.05877035972144111
44,kcat_229,0.061601295732275616
45,kcat_229,0.06837654117829577
46,kcat_229,0.07167827816435968
47,kcat_229,0.07359003783400114
48,kcat_229,0.07877305953095239
49,kcat_229,0.08039702371774843
0,kcat_230,1.0823288278852803
1,kcat_230,0.9387496222795546
2,kcat_230,0.7662121406377606
3,kcat_230,0.652003413098591
4,kcat_230,0.5712102716058443
5,kcat_230,0.4977854445477174
6,kcat_230,0.45813816792727674
7,kcat_230,0.4221079315749403
8,kcat_230,0.34744869944479867
9,kcat_230,0.3440821636033721
10,kcat_230,0.3221749269046669
11,kcat_230,0.2981342835864116
12,kcat_230,0.29150114279589284
13,kcat_230,0.29082424029428383
14,kcat_230,0.2754306894970414
15,kcat_230,0.22714038314749901
16,kcat_230,0.2132323649282424
17,kcat_230,0.196461219020306
18,kcat_230,0.17873707396098318
19,kcat_230,0.1754126860794821
20,kcat_230,0.15796677934658432
21,kcat_230,0.14649129698466065
22,kcat_230,0.12476628606155139
23,kcat_230,0.12080058180258597
24,kcat_230,0.12158713419860535
25,kcat_230,0.11119155643777134
26,kcat_230,0.09860147673652954
27,kcat_230,0.0955817641851833
28,kcat_230,0.08744119553404142
29,kcat_230,0.0705749783291118
30,kcat_230,0.06848640888168378
31,kcat_230,0.06057174562852306
32,kcat_230,0.05641011182724191
33,kcat_230,0.05545394495208763
34,kcat_230,0.047412002392278337
35,kcat_230,0.043147943789433
36,kcat_230,0.04165492125031653
37,kcat_230,0.03972138243873839
38,kcat_230,0.0347142010527998
39,kcat_230,0.030677813670776596
40,kcat_230,0.026834791980299307
41,kcat_230,0.027700844730028446
42,kcat_230,0.022825058905524397
43,kcat_230,0.009201354705213759
44,kcat_230,0.00836023375875935
45,kcat_230,0.0020139426788721233
46,kcat_230,0.005376665550027025
47,kcat_230,0.007638523511771322
48,kcat_230,0.008801588834567683
49,kcat_230,0.011487629209882291
0,kcat_231,0.7681328614615224
1,kcat_231,0.7225520961573574
2,kcat_231,0.5991605149493577
3,kcat_231,0.4745575363479933
4,kcat_231,0.42080535608025915
5,kcat_231,0.3713981988495028
6,kcat_231,0.332997809659059
7,kcat_231,0.31773107494953406
8,kcat_231,0.27761222545298814
9,kcat_231,0.26626843853507387
10,kcat_231,0.26323655666056867
11,kcat_231,0.24482704541079103
12,kcat_231,0.2261898832295909
13,kcat_231,0.21655197756410963
14,kcat_231,0.20324226401089535
15,kcat_231,0.17515430269800025
16,kcat_231,0.16702945483155174
17,kcat_231,0.16349439440193603
18,kcat_231,0.1528766980454954
19,kcat_231,0.1442561617378957
20,kcat_231,0.11873206859950552
21,kcat_231,0.11712043061138169
22,kcat_231,0.10598603291669204
23,kcat_231,0.09921061321708723
24,kcat_231,0.09950881402591166
25,kcat_231,0.09697880686643111
26,kcat_231,0.092365013527027
27,kcat_231,0.09284663099980829
28,kcat_231,0.08948042135676992
29,kcat_231,0.08592446973517426
30,kcat_231,0.0802522972898989
31,kcat_231,0.07536214778718765
32,kcat_231,0.0701604769060381
33,kcat_231,0.06866034322212432
34,kcat_231,0.06416621239967983
35,kcat_231,0.05983451436412901
36,kcat_231,0.05051676401510081
37,kcat_231,0.0510894403341132
38,kcat_231,0.04425871829580874
39,kcat_231,0.04060945044761932
40,kcat_231,0.03290085892398299
41,kcat_231,0.03263658830015379
42,kcat_231,0.028676451847084002
43,kcat_231,0.021110838282708617
44,kcat_231,0.020269881739008115
45,kcat_231,0.013058102962307909
46,kcat_231,0.00835017610151702
47,kcat_231,0.004492520729254309
48,kcat_231,0.0012460736538684822
49,kcat_231,0.0007800755097412092
0,kcat_232,0.6242335024063763
1,kcat_232,0.5739163138155716
2,kcat_232,0.4817036199827448
3,kcat_232,0.40454269500707535
4,kcat_232,0.37624654023642207
5,kcat_232,0.34440632792621767
6,kcat_232,0.29710706100879075
7,kcat_232,0.2776806838091747
8,kcat_232,0.2621645639336328
9,kcat_232,0.25040006438183937
10,kcat_232,0.23736431361762406
11,kcat_232,0.22699537705903436
12,kcat_232,0.2217438603020387
13,kcat_232,0.21413434789957062
14,kcat_232,0.2005204565376116
15,kcat_232,0.18431171759420015
16,kcat_232,0.1742779759580319
17,kcat_232,0.16016231692811134
18,kcat_232,0.15132170539201165
19,kcat_232,0.14563003780612294
20,kcat_232,0.12572414701162146
21,kcat_232,0.11388476359113353
22,kcat_232,0.09958939988704259
23,kcat_232,0.0985183192803245
24,kcat_232,0.09756032307577393
25,kcat_232,0.09180701490454507
26,kcat_232,0.07521116197004245
27,kcat_232,0.06546249235010515
28,kcat_232,0.05520153052914136
29,kcat_232,0.049803372956511875
30,kcat_232,0.04512184569800753
31,kcat_232,0.04173968592891838
32,kcat_232,0.03282306527775945
33,kcat_232,0.03143112666638036
34,kcat_232,0.030891965446300403
35,kcat_232,0.02594779210525377
36,kcat_232,0.02176223962146191
37,kcat_232,0.019421045328612697
38,kcat_232,0.010943242600857382
39,kcat_232,0.004344483227943204
40,kcat_232,0.0017912681017819407
41,kcat_232,0.005906222285444422
42,kcat_232,0.01209905854835216
43,kcat_232,0.016054641748427027
44,kcat_232,0.018212381740686793
45,kcat_232,0.020890201099556752
46,kcat_232,0.02385556318686211
47,kcat_232,0.025086466895811284
48,kcat_232,0.029334970554529823
49,kcat_232,0.0308275159129189
0,kcat_233,0.6202031445740618
1,kcat_233,0.5922725919926816
2,kcat_233,0.49737997551184093
3,kcat_233,0.4261079784042829
4,kcat_233,0.3843728120980267
5,kcat_233,0.3622301568485466
6,kcat_233,0.3398643824084953
7,kcat_233,0.3031904799559507
8,kcat_233,0.25316656357632933
9,kcat_233,0.24748587396982677
10,kcat_233,0.22546416542060047
11,kcat_233,0.20714738377026695
12,kcat_233,0.18910288195958136
13,kcat_233,0.19598631313129922
14,kcat_233,0.18039854347029186
15,kcat_233,0.15184753355850739
16,kcat_233,0.14072939403463416
17,kcat_233,0.13328152681003264
18,kcat_233,0.12268941663781172
19,kcat_233,0.11972315595877674
20,kcat_233,0.11103018885336027
21,kcat_233,0.10278508141215047
22,kcat_233,0.0981516240279854
23,kcat_233,0.09488571617777936
24,kcat_233,0.09103687981586807
25,kcat_233,0.07914475727053703
26,kcat_233,0.06518818231156012
27,kcat_233,0.05945975797854878
28,kcat_233,0.053090092821939106
29,kcat_233,0.046227616929984165
30,kcat_233,0.04085244825209143
31,kcat_233,0.040676537786549435
32,kcat_233,0.024541078086977666
33,kcat_233,0.02523886524801459
34,kcat_233,0.021730937350526433
35,kcat_233,0.018932375419058137
36,kcat_233,0.008549443671214763
37,kcat_233,0.0060739424941879195
38,kcat_233,0.0020671963365634003
39,kcat_233,0.002412697000540537
40,kcat_233,0.006616545082896273
41,kcat_233,0.008574499986680086
42,kcat_233,0.008720681333739225
43,kcat_233,0.010523975139826404
44,kcat_233,0.012225044332916346
45,kcat_233,0.017711254202965897
46,kcat_233,0.018516601830943755
47,kcat_233,0.01859674029487252
48,kcat_233,0.01824238961635966
49,kcat_233,0.021031971306783782
0,kcat_234,0.5393406945475347
1,kcat_234,0.5090334290036898
2,kcat_234,0.44850393396262744
3,kcat_234,0.3878772286060785
4,kcat_234,0.3726180304328799
5,kcat_234,0.3375441605042255
6,kcat_234,0.316280829146403
7,kcat_234,0.2762513815133593
8,kcat_234,0.23626096059742832
9,kcat_234,0.23378617345449668
10,kcat_234,0.2300335701306919
11,kcat_234,0.21832769946998604
12,kcat_234,0.21007060156418506
13,kcat_234,0.2041143554981569
14,kcat_234,0.1760153700724108
15,kcat_234,0.15450840851521433
16,kcat_234,0.1434161693730326
17,kcat_234,0.1365053515688054
18,kcat_234,0.12398660423976826
19,kcat_234,0.1149521928194181
20,kcat_234,0.09038766279601333
21,kcat_234,0.07705360841018413
22,kcat_234,0.06526522894716628
23,kcat_234,0.06517338000442274
24,kcat_234,0.06053007763322386
25,kcat_234,0.048896927863100535
26,kcat_234,0.04152606352465598
27,kcat_234,0.03648832995323581
28,kcat_234,0.026413972483439935
29,kcat_234,0.02440226077519449
30,kcat_234,0.02213132659748855
31,kcat_234,0.02001443371793989
32,kcat_234,0.013845535889848272
33,kcat_234,0.012170179941957068
34,kcat_234,0.0025707058828477332
35,kcat_234,0.003946540404287633
36,kcat_234,0.005118081178006986
37,kcat_234,0.0097751569887266
38,kcat_234,0.01566093522682938
39,kcat_234,0.013927904906164221
40,kcat_234,0.022726768052967583
41,kcat_234,0.022868015048189826
42,kcat_234,0.0311259179111415
43,kcat_234,0.04078618897298134
44,kcat_234,0.04313774463930801
45,kcat_234,0.05110790155994214
46,kcat_234,0.05054879004268513
47,kcat_234,0.05256330979208191
48,kcat_234,0.054400658098976
49,kcat_234,0.05603815687478862
0,kcat_235,0.5526559175273781
1,kcat_235,0.5302757671430656
2,kcat_235,0.4918474520217292
3,kcat_235,0.4602624089631373
4,kcat_235,0.4245001620976055
5,kcat_235,0.38365589790099835
6,kcat_235,0.35567806341919006
7,kcat_235,0.3297414158008873
8,kcat_235,0.29997008876645537
9,kcat_235,0.2792058077416884
10,kcat_235,0.2684959121344126
11,kcat_235,0.24829438330823866
12,kcat_235,0.24437602704102293
13,kcat_235,0.23685359401093142
14,kcat_235,0.21080565107783533
15,kcat_235,0.19359080328435005
16,kcat_235,0.1805257991862265
17,kcat_235,0.1676562789153958
18,kcat_235,0.15898626380590244
19,kcat_235,0.15444350959069075
20,kcat_235,0.13495465958210542
21,kcat_235,0.12937648636143229
22,kcat_235,0.11985929500096427
23,kcat_235,0.11260707840197536
24,kcat_235,0.10531887509796281
25,kcat_235,0.1001852133265881
26,kcat_235,0.0900259938568984
27,kcat_235,0.08889664247829247
28,kcat_235,0.07802147267073406
29,kcat_235,0.06826839024029523
30,kcat_235,0.05455903470687712
31,kcat_235,0.05330080432673538
32,kcat_235,0.04232861968329621
33,kcat_235,0.043277056511268154
34,kcat_235,0.030467318259253386
35,kcat_235,0.029324975371539223
36,kcat_235,0.03288478943081231
37,kcat_235,0.028689881487123575
38,kcat_235,0.026258871488049233
39,kcat_235,0.02504286680596027
40,kcat_235,0.01866753744835507
41,kcat_235,0.017242482921280413
42,kcat_235,0.012884494046659062
43,kcat_235,0.0056678875172618765
44,kcat_235,0.0009593066484651049
45,kcat_235,0.004284159382262176
46,kcat_235,0.010216504933915961
47,kcat_235,0.012649963698115364
48,kcat_235,0.01810628569263605
49,kcat_235,0.019075480810173327
0,kcat_236,0.9596932051230347
1,kcat_236,0.8572932895213892
2,kcat_236,0.6870858936018581
3,kcat_236,0.5592723148399283
4,kcat_236,0.5169455605272072
5,kcat_236,0.45525436911193967
6,kcat_236,0.4133560461491177
7,kcat_236,0.38298495673932964
8,kcat_236,0.3400219050214952
9,kcat_236,0.3135524672221482
10,kcat_236,0.29738618651283827
11,kcat_236,0.26587461231370196
12,kcat_236,0.2599368907453828
13,kcat_236,0.2553710182086216
14,kcat_236,0.23039982926850025
15,kcat_236,0.19246504812449403
16,kcat_236,0.1747627596877896
17,kcat_236,0.1719074451057998
18,kcat_236,0.16576257027189487
19,kcat_236,0.16214798420644666
20,kcat_236,0.14201148256624854
21,kcat_236,0.13323267914673867
22,kcat_236,0.12768757849712606
23,kcat_236,0.12321310843611243
24,kcat_236,0.11784661210937958
25,kcat_236,0.12125034493966681
26,kcat_236,0.1019058857102775
27,kcat_236,0.10006320861619299
28,kcat_236,0.09618867938197043
29,kcat_236,0.08897386548991411
30,kcat_236,0.07685460754489615
31,kcat_236,0.07478150978681734
32,kcat_236,0.07347518594290633
33,kcat_236,0.07209224053429591
34,kcat_236,0.06727030451890136
35,kcat_236,0.062167977579138736
36,kcat_236,0.05330013356323627
37,kcat_236,0.048799401485648194
38,kcat_236,0.04045421211389319
39,kcat_236,0.03528368139810723
40,kcat_236,0.02945305262564935
41,kcat_236,0.029717400869676246
42,kcat_236,0.020362743326723023
43,kcat_236,0.01605977082855544
44,kcat_236,0.013171591149217766
45,kcat_236,0.004790918443912678
46,kcat_236,0.011651857696708772
47,kcat_236,0.014613709309439518
48,kcat_236,0.021086673337318722
49,kcat_236,0.02063068351906391
0,kcat_237,0.2351012117818708
1,kcat_237,0.23467616463928062
2,kcat_237,0.2096644161068069
3,kcat_237,0.1873504848340725
4,kcat_237,0.17723250335544255
5,kcat_237,0.1620620232895479
6,kcat_237,0.1530066044251067
7,kcat_237,0.1419123196225031
8,kcat_237,0.09781924545867923
9,kcat_237,0.08252129573717183
10,kcat_237,0.07348411194451071
11,kcat_237,0.06082212458323685
12,kcat_237,0.06192831091634633
13,kcat_237,0.053980326071205065
14,kcat_237,0.03831719973478967
15,kcat_237,0.022126546893517885
16,kcat_237,0.01635788230723708
17,kcat_237,0.017614936038626152
18,kcat_237,0.00820311714398723
19,kcat_237,0.005152395865528341
20,kcat_237,0.00306771735299656
21,kcat_237,0.002732768917463576
22,kcat_237,0.00875381289975195
23,kcat_237,0.008900304500410789
24,kcat_237,0.017692034912013422
25,kcat_237,0.02126000433851727
26,kcat_237,0.026628252017034514
27,kcat_237,0.024985371006279945
28,kcat_237,0.035482667515319165
29,kcat_237,0.03318421535439313
30,kcat_237,0.04072532350539997
31,kcat_237,0.042730855563713185
32,kcat_237,0.04517403054784011
33,kcat_237,0.04733062438800614
34,kcat_237,0.05730916661747812
35,kcat_237,0.06108207876212723
36,kcat_237,0.06048828380984305
37,kcat_237,0.06596376168614684
38,kcat_237,0.06779998460820441
39,kcat_237,0.06527093308622152
40,kcat_237,0.06704212508808055
41,kcat_237,0.06643263357507091
42,kcat_237,0.06865815618164885
43,kcat_237,0.06976449215551371
44,kcat_237,0.07596513209152626
45,kcat_237,0.08348150140842174
46,kcat_237,0.08437773066393031
47,kcat_237,0.08588367735911681
48,kcat_237,0.09499924062553661
49,kcat_237,0.09680263975334823
0,kcat_238,0.37721733748383723
1,kcat_238,0.3375243293035556
2,kcat_238,0.30362560074025985
3,kcat_238,0.2711561240859913
4,kcat_238,0.2512556706742145
5,kcat_238,0.241054679698659
6,kcat_238,0.2275589902016589
7,kcat_238,0.21977442536795472
8,kcat_238,0.18105130056567934
9,kcat_238,0.17598517400809993
10,kcat_238,0.16298530670586503
11,kcat_238,0.1442610791588251
12,kcat_238,0.13446795406585513
13,kcat_238,0.1275916305124028
14,kcat_238,0.12683552553812913
15,kcat_238,0.11158717870263288
16,kcat_238,0.10857807732130825
17,kcat_238,0.0965944777449983
18,kcat_238,0.0827449036376816
19,kcat_238,0.07594695911322283
20,kcat_238,0.06458299390974256
21,kcat_238,0.05772126025906503
22,kcat_238,0.06104678063823036
23,kcat_238,0.056062858002388714
24,kcat_238,0.05333498033573207
25,kcat_238,0.05043285563912898
26,kcat_238,0.035372183247985765
27,kcat_238,0.03411302251623153
28,kcat_238,0.03250618267198708
29,kcat_238,0.03289585410209077
30,kcat_238,0.022547854715865942
31,kcat_238,0.019162594028378315
32,kcat_238,0.011672029493622086
33,kcat_238,0.00747192588416735
34,kcat_238,0.0053335151882739915
35,kcat_238,0.00036919341585684996
36,kcat_238,0.003519474509363203
37,kcat_238,0.010883562463907082
38,kcat_238,0.021588560292948943
39,kcat_238,0.029968419830267802
40,kcat_238,0.03134305455610711
41,kcat_238,0.03529610837126008
42,kcat_238,0.03940220572654169
43,kcat_238,0.038349353630613724
44,kcat_238,0.03885058498907254
45,kcat_238,0.04170457920524993
46,kcat_238,0.05384175903770227
47,kcat_238,0.05618825160362583
48,kcat_238,0.06051518462903527
49,kcat_238,0.061980614959520584
0,kcat_239,0.3499705711046622
1,kcat_239,0.32511357353767295
2,kcat_239,0.2814953143093238
3,kcat_239,0.2507444834698018
4,kcat_239,0.24874622152191125
5,kcat_239,0.23324919932331617
6,kcat_239,0.2288987366560192
7,kcat_239,0.19825249884255325
8,kcat_239,0.17151813128251203
9,kcat_239,0.1567804811870738
10,kcat_239,0.1488013364291806
11,kcat_239,0.14133305471221985
12,kcat_239,0.13626715561694644
13,kcat_239,0.1268318512223544
14,kcat_239,0.1138564700545178
15,kcat_239,0.09544805721510578
16,kcat_239,0.08334644636518465
17,kcat_239,0.07611879546883442
18,kcat_239,0.06767360169433782
19,kcat_239,0.06506953880247539
20,kcat_239,0.047453611112699204
21,kcat_239,0.041532004599406876
22,kcat_239,0.02421505531812042
23,kcat_239,0.019530227613270865
24,kcat_239,0.01815014820022784
25,kcat_239,0.01357424918575132
26,kcat_239,0.013715309130280207
27,kcat_239,0.008129577812391743
28,kcat_239,0.008055911399547406
29,kcat_239,0.0010434956981168197
30,kcat_239,0.0007203636591742344
31,kcat_239,0.005704282807514573
32,kcat_239,0.0087228756799118
33,kcat_239,0.010735734368251496
34,kcat_239,0.014702477314645943
35,kcat_239,0.01658596966604508
36,kcat_239,0.02064730534286773
37,kcat_239,0.023480011754931956
38,kcat_239,0.026121201447997774
39,kcat_239,0.03522900366491231
40,kcat_239,0.03993341296531506
41,kcat_239,0.04306546104256852
42,kcat_239,0.04700412539547732
43,kcat_239,0.05039261752758197
44,kcat_239,0.05270059103564159
45,kcat_239,0.05900736588327452
46,kcat_239,0.060945802027602566
47,kcat_239,0.06506360802845494
48,kcat_239,0.06815353474930103
49,kcat_239,0.0698695537120022
0,kcat_240,0.6159007734615106
1,kcat_240,0.5836925079622488
2,kcat_240,0.4855609234883364
3,kcat_240,0.42728666002476795
4,kcat_240,0.3918690847855286
5,kcat_240,0.3656937925134837
6,kcat_240,0.3380764868853638
7,kcat_240,0.3229365607360601
8,kcat_240,0.2968657440072857
9,kcat_240,0.2866020727572069
10,kcat_240,0.2636958236103232
11,kcat_240,0.2407469123957498
12,kcat_240,0.2285031415191531
13,kcat_240,0.2124422590909748
14,kcat_240,0.18330036080639842
15,kcat_240,0.1494352085568996
16,kcat_240,0.13154146956521146
17,kcat_240,0.11161920370478873
18,kcat_240,0.10854711981672117
19,kcat_240,0.10589009930425414
20,kcat_240,0.08436664333078896
21,kcat_240,0.0807674712174373
22,kcat_240,0.07334766659993407
23,kcat_240,0.07137723372593255
24,kcat_240,0.06675723496723586
25,kcat_240,0.0589241768590126
26,kcat_240,0.04567961547675334
27,kcat_240,0.04504764680791118
28,kcat_240,0.0390471925701733
29,kcat_240,0.034014351864833973
30,kcat_240,0.017931560258380302
31,kcat_240,0.01444040829177843
32,kcat_240,0.0067262112303790285
33,kcat_240,0.0017022732463405292
34,kcat_240,0.005207945615507743
35,kcat_240,0.008260801579403697
36,kcat_240,0.011727781566338854
37,kcat_240,0.011789521509609595
38,kcat_240,0.017399798616084754
39,kcat_240,0.018285558479747555
40,kcat_240,0.022745023362409994
41,kcat_240,0.024692925645387005
42,kcat_240,0.02974577467689489
43,kcat_240,0.04269446076129543
44,kcat_240,0.04801882168218286
45,kcat_240,0.04705834239980982
46,kcat_240,0.05220168282635838
47,kcat_240,0.05369158026844127
48,kcat_240,0.05758813840756072
49,kcat_240,0.058289231791707204
0,kcat_241,0.32778547541802516
1,kcat_241,0.32101989351762683
2,kcat_241,0.29196163440985934
3,kcat_241,0.2508308601235575
4,kcat_241,0.2394961600904585
5,kcat_241,0.20406525262195702
6,kcat_241,0.1939717281724816
7,kcat_241,0.18317613933391094
8,kcat_241,0.1717575089938919
9,kcat_241,0.15983222715601453
10,kcat_241,0.15777381821262076
11,kcat_241,0.15256742004798138
12,kcat_241,0.1533333052427033
13,kcat_241,0.1419449961687076
14,kcat_241,0.13559672539008447
15,kcat_241,0.12409161619995583
16,kcat_241,0.12148400432565515
17,kcat_241,0.11262826517721782
18,kcat_241,0.1005155978631531
19,kcat_241,0.09187760872999297
20,kcat_241,0.06878956984322661
21,kcat_241,0.06301523265299558
22,kcat_241,0.05450348293138694
23,kcat_241,0.05067895325476334
24,kcat_241,0.049299219850286714
25,kcat_241,0.042786551398373035
26,kcat_241,0.03435960243953715
27,kcat_241,0.03115499350482375
28,kcat_241,0.02769135325379107
29,kcat_241,0.025406527106326675
30,kcat_241,0.02068548147991633
31,kcat_241,0.019420363298473825
32,kcat_241,0.013212529268116254
33,kcat_241,0.014586807864681228
34,kcat_241,0.0007205792219460612
35,kcat_241,0.00011614607084406146
36,kcat_241,0.009345725933331462
37,kcat_241,0.011713060051066598
38,kcat_241,0.014150855701708273
39,kcat_241,0.01718911948017903
40,kcat_241,0.01806704402470817
41,kcat_241,0.018588514312301845
42,kcat_241,0.021597034146742487
43,kcat_241,0.028415713780105687
44,kcat_241,0.035107278534083415
45,kcat_241,0.04125474418167605
46,kcat_241,0.043444868044922515
47,kcat_241,0.046852495078777076
48,kcat_241,0.04798674770791741
49,kcat_241,0.047002305647664507
0,kcat_242,0.7804482240232773
1,kcat_242,0.7253058971823312
2,kcat_242,0.5739731164734186
3,kcat_242,0.5091818119721641
4,kcat_242,0.4647199449286063
5,kcat_242,0.4168649027466335
6,kcat_242,0.3992319985984265
7,kcat_242,0.36871690019798836
8,kcat_242,0.31228072608667173
9,kcat_242,0.3071916713367722
10,kcat_242,0.2973711066125745
11,kcat_242,0.26963151025449006
12,kcat_242,0.255462649579435
13,kcat_242,0.2446558678283628
14,kcat_242,0.21835379700606933
15,kcat_242,0.1934573222254154
16,kcat_242,0.18534251618329572
17,kcat_242,0.178420243711415
18,kcat_242,0.16095041485395278
19,kcat_242,0.15566021370880406
20,kcat_242,0.13577312652149262
21,kcat_242,0.12508807463558916
22,kcat_242,0.12268712383668667
23,kcat_242,0.11335389256908271
24,kcat_242,0.10542051364429796
25,kcat_242,0.10454940661266575
26,kcat_242,0.09395080360202558
27,kcat_242,0.09001982135479206
28,kcat_242,0.08637307277924623
29,kcat_242,0.07857330658744793
30,kcat_242,0.07480370158211665
31,kcat_242,0.07151747618534939
32,kcat_242,0.05977931701993042
33,kcat_242,0.05214079694318251
34,kcat_242,0.03982606516649554
35,kcat_242,0.03547886036847342
36,kcat_242,0.02985381993359128
37,kcat_242,0.021571953360754625
38,kcat_242,0.012286366805235035
39,kcat_242,0.01006651387185978
40,kcat_242,0.012063276730714589
41,kcat_242,0.011101216975995398
42,kcat_242,0.008955181770939864
43,kcat_242,0.0016363443106592328
44,kcat_242,0.0019466330806814397
45,kcat_242,0.004999230269714647
46,kcat_242,0.008249265718966557
47,kcat_242,0.010739401371993426
48,kcat_242,0.014132702630294355
49,kcat_242,0.015505977845349331
0,kcat_243,0.5620179423222789
1,kcat_243,0.5272213108105988
2,kcat_243,0.4477907385411929
3,kcat_243,0.3994915311643428
4,kcat_243,0.36838989509427866
5,kcat_243,0.327930609479949
6,kcat_243,0.31514772276441994
7,kcat_243,0.28432752733142547
8,kcat_243,0.23246035893863695
9,kcat_243,0.22607429143626703
10,kcat_243,0.2134926819987624
11,kcat_243,0.20185082123093856
12,kcat_243,0.19766271192565202
13,kcat_243,0.19195020185142625
14,kcat_243,0.16412933892363737
15,kcat_243,0.15224803857597624
16,kcat_243,0.135867638405303
17,kcat_243,0.13292889533115212
18,kcat_243,0.12458475996248285
19,kcat_243,0.11960238796929716
20,kcat_243,0.10229198850000004
21,kcat_243,0.0968416804264388
22,kcat_243,0.08459589824908129
23,kcat_243,0.0811338028908343
24,kcat_243,0.07123336412496628
25,kcat_243,0.06985271930059074
26,kcat_243,0.06620495792377248
27,kcat_243,0.06845500774539465
28,kcat_243,0.06368588311360232
29,kcat_243,0.05953738269988566
30,kcat_243,0.0521019725247806
31,kcat_243,0.045500626182562925
32,kcat_243,0.03830148851643593
33,kcat_243,0.03607411098271033
34,kcat_243,0.022765405787725148
35,kcat_243,0.015539525023202818
36,kcat_243,0.015132390402084995
37,kcat_243,0.009856505444977775
38,kcat_243,0.004692622938578563
39,kcat_243,0.003654172197124491
40,kcat_243,0.013214957480254922
41,kcat_243,0.01634833892466892
42,kcat_243,0.017909576153009605
43,kcat_243,0.023290181108031938
44,kcat_243,0.026360544694002293
45,kcat_243,0.03380280395353914
46,kcat_243,0.0425701022806522
47,kcat_243,0.04566720950575606
48,kcat_243,0.04975256244148449
49,kcat_243,0.05308201870661753
0,kcat_244,0.37501683714975703
1,kcat_244,0.3516174954112152
2,kcat_244,0.32576415366972783
3,kcat_244,0.28079601339282045
4,kcat_244,0.2647737906974508
5,kcat_244,0.2449917788062617
6,kcat_244,0.23618807599651948
7,kcat_244,0.23203856368285497
8,kcat_244,0.1995098430151825
9,kcat_244,0.18543749432081963
10,kcat_244,0.17728836068618037
11,kcat_244,0.17004836965023318
12,kcat_244,0.15740858933555016
13,kcat_244,0.1569227822322779
14,kcat_244,0.14788402247484422
15,kcat_244,0.1271892074138549
16,kcat_244,0.11884543502404044
17,kcat_244,0.11394779575508589
18,kcat_244,0.10576626370475355
19,kcat_244,0.09592709376742099
20,kcat_244,0.07927677983389987
21,kcat_244,0.07016832484278719
22,kcat_244,0.06506877662292083
23,kcat_244,0.06414203165628587
24,kcat_244,0.06522565445934228
25,kcat_244,0.060866272516695186
26,kcat_244,0.05279220705551314
27,kcat_244,0.05139561267353146
28,kcat_244,0.04349659377722705
29,kcat_244,0.04467382202106161
30,kcat_244,0.04466667696473014
31,kcat_244,0.04260365273515185
32,kcat_244,0.03566230474928541
33,kcat_244,0.032883494690017764
34,kcat_244,0.02913945876782874
35,kcat_244,0.02794032963507882
36,kcat_244,0.027256138774632042
37,kcat_244,0.020946606226186958
38,kcat_244,0.010351427374842839
39,kcat_244,0.01259275058301208
40,kcat_244,0.012355265701012296
41,kcat_244,0.010568993429187228
42,kcat_244,0.007649445418380741
43,kcat_244,0.004568816464855775
44,kcat_244,0.0033577045739329953
45,kcat_244,0.004347471882521713
46,kcat_244,0.021532943074187492
47,kcat_244,0.02251949344390596
48,kcat_244,0.02606172098774684
49,kcat_244,0.0263874860000161
0,kcat_245,0.2352661263516718
1,kcat_245,0.2124376096344059
2,kcat_245,0.1820497514362375
3,kcat_245,0.16833283117098669
4,kcat_245,0.15368044848820564
5,kcat_245,0.13567777819059076
6,kcat_245,0.13278045045965722
7,kcat_245,0.10619993823817693
8,kcat_245,0.09186811375731664
9,kcat_245,0.08250536549609438
10,kcat_245,0.07667501364859503
11,kcat_245,0.058943420860248424
12,kcat_245,0.058717712360862866
13,kcat_245,0.057603201484669304
14,kcat_245,0.04827307581090541
15,kcat_245,0.04019647989430752
16,kcat_245,0.03701745522017747
17,kcat_245,0.03172761909857353
18,kcat_245,0.026340098498075816
19,kcat_245,0.01982479873796374
20,kcat_245,0.004798607168821593
21,kcat_245,0.0005005524156211325
22,kcat_245,0.01091770535119335
23,kcat_245,0.012340219421298182
24,kcat_245,0.015644505466573252
25,kcat_245,0.015114319316854264
26,kcat_245,0.021858799915095924
27,kcat_245,0.02388215881113284
28,kcat_245,0.021373443865099116
29,kcat_245,0.03248645416573511
30,kcat_245,0.03258971079243909
31,kcat_245,0.03257416494110932
32,kcat_245,0.04050331566780683
33,kcat_245,0.04418002470750307
34,kcat_245,0.05033213191279115
35,kcat_245,0.053648285170754394
36,kcat_245,0.060849391802722336
37,kcat_245,0.06170069583426463
38,kcat_245,0.06678237457649873
39,kcat_245,0.07389040161857925
40,kcat_245,0.07823484090895919
41,kcat_245,0.07656400141280945
42,kcat_245,0.0815799129733282
43,kcat_245,0.08219704397843725
44,kcat_245,0.08175595354318296
45,kcat_245,0.08360266398922242
46,kcat_245,0.09043972670681956
47,kcat_245,0.09426461718384707
48,kcat_245,0.10137226357303963
49,kcat_245,0.10277241154416296
0,kcat_246,0.5247667586980059
1,kcat_246,0.48629574687792737
2,kcat_246,0.45094270507748113
3,kcat_246,0.4069739648866909
4,kcat_246,0.3653875274208494
5,kcat_246,0.3105809809888909
6,kcat_246,0.2875296722487221
7,kcat_246,0.25931811964102064
8,kcat_246,0.21869250698089973
9,kcat_246,0.20457295456873636
10,kcat_246,0.19445459990390135
11,kcat_246,0.1847863526994772
12,kcat_246,0.16750199106284205
13,kcat_246,0.1713603743001066
14,kcat_246,0.1564529358215483
15,kcat_246,0.1331264698193034
16,kcat_246,0.12666813884631242
17,kcat_246,0.11822439175407136
18,kcat_246,0.1133045939469576
19,kcat_246,0.11089006064784664
20,kcat_246,0.10105069875311448
21,kcat_246,0.0934616789173276
22,kcat_246,0.07922457608608034
23,kcat_246,0.07672749932546723
24,kcat_246,0.07115126350821228
25,kcat_246,0.06964786768318262
26,kcat_246,0.06290159108686999
27,kcat_246,0.056676574168514966
28,kcat_246,0.05062208567219802
29,kcat_246,0.04572464948457486
30,kcat_246,0.03442527362080081
31,kcat_246,0.02938589686281635
32,kcat_246,0.025034731198726956
33,kcat_246,0.02210438854752589
34,kcat_246,0.014645935448352972
35,kcat_246,0.016686472618850232
36,kcat_246,0.0018415898297493188
37,kcat_246,0.0014877986827700404
38,kcat_246,0.004978737831342409
39,kcat_246,0.01059261463610257
40,kcat_246,0.015383501758513496
41,kcat_246,0.015467406244531214
42,kcat_246,0.018527868050948436
43,kcat_246,0.029479369502697444
44,kcat_246,0.034154035545523674
45,kcat_246,0.03830740547974214
46,kcat_246,0.05108489206283488
47,kcat_246,0.05991719399530878
48,kcat_246,0.05684934035629277
49,kcat_246,0.05583877042989661
0,kcat_247,0.5498345806806809
1,kcat_247,0.5141310987046823
2,kcat_247,0.44463303190445497
3,kcat_247,0.40840589629032326
4,kcat_247,0.3611734487657503
5,kcat_247,0.32061877223694124
6,kcat_247,0.29133727961574735
7,kcat_247,0.2711979438967541
8,kcat_247,0.22170140482780787
9,kcat_247,0.22518557018077626
10,kcat_247,0.20839769086260804
11,kcat_247,0.19823355746298524
12,kcat_247,0.1806132970026972
13,kcat_247,0.16992793234884684
14,kcat_247,0.1514326557489042
15,kcat_247,0.11786398594235949
16,kcat_247,0.1157959396554987
17,kcat_247,0.11442084485493224
18,kcat_247,0.11077544924835399
19,kcat_247,0.1039123547352906
20,kcat_247,0.09135829246149359
21,kcat_247,0.08265676971354538
22,kcat_247,0.07126893064336787
23,kcat_247,0.06931089553182528
24,kcat_247,0.05728678781569808
25,kcat_247,0.055806598522170445
26,kcat_247,0.048354028006298795
27,kcat_247,0.042091251119344836
28,kcat_247,0.037751286957121974
29,kcat_247,0.0341781419885782
30,kcat_247,0.027613306498527695
31,kcat_247,0.020653991334760733
32,kcat_247,0.019770806142660267
33,kcat_247,0.018031195446187868
34,kcat_247,0.01365556878582875
35,kcat_247,0.01183102471430934
36,kcat_247,0.0045064916430880295
37,kcat_247,0.0005113241815633865
38,kcat_247,0.0036997200492274213
39,kcat_247,0.006297621479509768
40,kcat_247,0.01112313043880125
41,kcat_247,0.014956500175907378
42,kcat_247,0.019925629704688096
43,kcat_247,0.02784404950743041
44,kcat_247,0.028879893428611237
45,kcat_247,0.03465696844260317
46,kcat_247,0.03801163332223982
47,kcat_247,0.04376279907895172
48,kcat_247,0.049051312177953534
49,kcat_247,0.05073830004313992
0,kcat_248,0.3391923147437
1,kcat_248,0.31020777939298777
2,kcat_248,0.2706289895828405
3,kcat_248,0.22618424699510012
4,kcat_248,0.21349890246167547
5,kcat_248,0.18994411873572145
6,kcat_248,0.18072560533020327
7,kcat_248,0.1735207945732488
8,kcat_248,0.15061972154145012
9,kcat_248,0.13787893149015318
10,kcat_248,0.12985280052248066
11,kcat_248,0.12459465756583388
12,kcat_248,0.12830481729928894
13,kcat_248,0.11718155038289402
14,kcat_248,0.10116644130680957
15,kcat_248,0.08322658499007315
16,kcat_248,0.07495964319926265
17,kcat_248,0.07192454291293761
18,kcat_248,0.061059656803185126
19,kcat_248,0.05542653484266361
20,kcat_248,0.04670478443304601
21,kcat_248,0.046088593880383236
22,kcat_248,0.03642593418508746
23,kcat_248,0.03292361110983663
24,kcat_248,0.03170249538642496
25,kcat_248,0.02833111042095704
26,kcat_248,0.020772789289681754
27,kcat_248,0.015284687609699013
28,kcat_248,0.009589026006065954
29,kcat_248,0.004624807780359671
30,kcat_248,0.0059457638934254445
31,kcat_248,0.013899132069768368
32,kcat_248,0.01750418288440729
33,kcat_248,0.019159442760258615
34,kcat_248,0.021757200165711362
35,kcat_248,0.02546194347380021
36,kcat_248,0.027189860808594948
37,kcat_248,0.02804085183995736
38,kcat_248,0.03195452623284045
39,kcat_248,0.03291647084995428
40,kcat_248,0.03308640675629298
41,kcat_248,0.033311342210741085
42,kcat_248,0.041086142462273774
43,kcat_248,0.04408917195551425
44,kcat_248,0.044488742134332245
45,kcat_248,0.05502166901590926
46,kcat_248,0.0609787294285035
47,kcat_248,0.06427383419683227
48,kcat_248,0.06720697894840147
49,kcat_248,0.06753897152045056
0,kcat_249,0.6861497047192231
1,kcat_249,0.6533452353967375
2,kcat_249,0.5800937118128359
3,kcat_249,0.5022442648598977
4,kcat_249,0.437027638304878
5,kcat_249,0.3831022304108058
6,kcat_249,0.34561230100803636
7,kcat_249,0.32357414630612497
8,kcat_249,0.27708861795268597
9,kcat_249,0.27834020760317635
10,kcat_249,0.2609330423565888
11,kcat_249,0.2432811025891999
12,kcat_249,0.23051921430676098
13,kcat_249,0.22376415650765907
14,kcat_249,0.22071521535110836
15,kcat_249,0.17587749070431374
16,kcat_249,0.17196165489299864
17,kcat_249,0.16202952730505418
18,kcat_249,0.152914887065385
19,kcat_249,0.14475713470971785
20,kcat_249,0.13564416250757075
21,kcat_249,0.12899905705776588
22,kcat_249,0.12209050594671175
23,kcat_249,0.11964495766116653
24,kcat_249,0.11291504515608408
25,kcat_249,0.10633330328825487
26,kcat_249,0.09411335735165596
27,kcat_249,0.09202153611136976
28,kcat_249,0.0901915807126575
29,kcat_249,0.08692357180272804
30,kcat_249,0.07882719793112627
31,kcat_249,0.07952178764140465
32,kcat_249,0.07079326305398694
33,kcat_249,0.07023256272467249
34,kcat_249,0.05416504335279091
35,kcat_249,0.049504314794030904
36,kcat_249,0.033339258781712684
37,kcat_249,0.027303828840319528
38,kcat_249,0.020446462559021668
39,kcat_249,0.012131800544290194
40,kcat_249,0.00952689882682721
41,kcat_249,0.008576299022927392
42,kcat_249,0.0030504755532004815
43,kcat_249,0.00012895438700856622
44,kcat_249,9.917292173655338e-05
45,kcat_249,0.0005394771952572184
46,kcat_249,0.011559757205349531
47,kcat_249,0.018525553855780173
48,kcat_249,0.02181606828414504
49,kcat_249,0.022229101722114623
0,kcat_250,0.6162948956044064
1,kcat_250,0.5684083873747591
2,kcat_250,0.5202276908900555
3,kcat_250,0.47577342984648474
4,kcat_250,0.41764732698809826
5,kcat_250,0.38825632057410076
6,kcat_250,0.36474463525869
7,kcat_250,0.3338974181397386
8,kcat_250,0.28779120412898246
9,kcat_250,0.28803967993487195
10,kcat_250,0.2662231515758547
11,kcat_250,0.24294716807363992
12,kcat_250,0.23223601716362324
13,kcat_250,0.23562212925889772
14,kcat_250,0.2206032435006538
15,kcat_250,0.18640463808332738
16,kcat_250,0.17514061142105442
17,kcat_250,0.16343026795285553
18,kcat_250,0.15191371051640729
19,kcat_250,0.14171038245628761
20,kcat_250,0.12715993534535874
21,kcat_250,0.10287469134061837
22,kcat_250,0.08332134466580823
23,kcat_250,0.08027959611303873
24,kcat_250,0.07290166206613699
25,kcat_250,0.06113360466066562
26,kcat_250,0.04629679752934496
27,kcat_250,0.04321396072840714
28,kcat_250,0.037750384631548416
29,kcat_250,0.03895603364419763
30,kcat_250,0.029792169824385605
31,kcat_250,0.028759459092279623
32,kcat_250,0.018026932854770035
33,kcat_250,0.015770220223326144
34,kcat_250,0.009888452877332641
35,kcat_250,0.004248622704319473
36,kcat_250,0.004684303442219482
37,kcat_250,0.009522367585067032
38,kcat_250,0.009233742653337514
39,kcat_250,0.01724377757337404
40,kcat_250,0.02264388511152354
41,kcat_250,0.024453615098842012
42,kcat_250,0.03181457774082782
43,kcat_250,0.035418885123151285
44,kcat_250,0.03534484313110286
45,kcat_250,0.046680997306434005
46,kcat_250,0.057678135988105166
47,kcat_250,0.05827678409185038
48,kcat_250,0.06930742603826287
49,kcat_250,0.06893766862719551
0,kcat_251,1.2651637651762075
1,kcat_251,1.13303100064207
2,kcat_251,0.9109620866767559
3,kcat_251,0.7349621094698852
4,kcat_251,0.6894059279678605
5,kcat_251,0.607317973714149
6,kcat_251,0.5353661737996093
7,kcat_251,0.48934341214021
8,kcat_251,0.4231793733318373
9,kcat_251,0.399807013946872
10,kcat_251,0.3663010869936014
11,kcat_251,0.33298619546925956
12,kcat_251,0.3079307950423497
13,kcat_251,0.30402501237847734
14,kcat_251,0.2696888998893882
15,kcat_251,0.23373688331458678
16,kcat_251,0.2208605942688671
17,kcat_251,0.21215995084333478
18,kcat_251,0.19636241813115457
19,kcat_251,0.18766845001732405
20,kcat_251,0.15946157032606362
21,kcat_251,0.15328578540948112
22,kcat_251,0.14231564003596917
23,kcat_251,0.13435604035471327
24,kcat_251,0.1334626881469849
25,kcat_251,0.1288173028700983
26,kcat_251,0.11341687411908868
27,kcat_251,0.1113468265538242
28,kcat_251,0.10617260551191077
29,kcat_251,0.0954168988239615
30,kcat_251,0.08404694579160331
31,kcat_251,0.08308644619046215
32,kcat_251,0.08636296571115863
33,kcat_251,0.08087822509709522
34,kcat_251,0.07697216223378224
35,kcat_251,0.07244048600307668
36,kcat_251,0.06570309462169135
37,kcat_251,0.06292601359888123
38,kcat_251,0.06030759831715641
39,kcat_251,0.05462024656940722
40,kcat_251,0.045972886492318316
41,kcat_251,0.04659177964851549
42,kcat_251,0.044992549047469264
43,kcat_251,0.03363065340006239
44,kcat_251,0.0315114891386558
45,kcat_251,0.02371325369135292
46,kcat_251,0.013496020008390583
47,kcat_251,0.01336299531544998
48,kcat_251,0.008825259779973092
49,kcat_251,0.007194487654161442
