generation,kcat_index,mu_log10_kcat
0,kcat_0,3.828490981377263
1,kcat_0,3.809655083281388
2,kcat_0,3.7958406647302514
3,kcat_0,3.8019380497885327
4,kcat_0,3.7736948604514584
5,kcat_0,3.788741450618705
6,kcat_0,3.7670374568230267
7,kcat_0,3.8149780214495395
8,kcat_0,3.8398568442889762
9,kcat_0,3.8393731544517897
10,kcat_0,3.8396196554016746
11,kcat_0,3.8401838765619525
12,kcat_0,3.842761934889894
13,kcat_0,3.83287164603954
14,kcat_0,3.8373883529503137
15,kcat_0,3.83440529675441
16,kcat_0,3.8415468058939632
17,kcat_0,3.832873992159454
18,kcat_0,3.8350822789291477
19,kcat_0,3.8459765985145653
20,kcat_0,3.8508182066166503
21,kcat_0,3.8640560828291335
22,kcat_0,3.8754934561414647
23,kcat_0,3.8779218969547795
24,kcat_0,3.8802012480000063
25,kcat_0,3.873513507350885
26,kcat_0,3.87721388011524
27,kcat_0,3.8808469382466213
28,kcat_0,3.874342817118132
29,kcat_0,3.8811970943235337
30,kcat_0,3.8846369447887477
31,kcat_0,3.890151732446569
32,kcat_0,3.8783984040630006
33,kcat_0,3.880853789265916
34,kcat_0,3.8763582954061193
35,kcat_0,3.877297762530499
36,kcat_0,3.8815625173834927
37,kcat_0,3.88574359745302
38,kcat_0,3.8871733606175423
39,kcat_0,3.8837301485879023
40,kcat_0,3.875349712720908
41,kcat_0,3.878094616405004
42,kcat_0,3.8771421174171903
43,kcat_0,3.8740954589256353
44,kcat_0,3.8784957847250703
45,kcat_0,3.874963979958898
46,kcat_0,3.8747159598445062
47,kcat_0,3.8683694999094973
48,kcat_0,3.864951282893878
49,kcat_0,3.871509958965001
0,kcat_1,4.6961050470573955
1,kcat_1,4.710846913472555
2,kcat_1,4.748366100535359
3,kcat_1,4.727714328432123
4,kcat_1,4.727635624426611
5,kcat_1,4.74907598487092
6,kcat_1,4.735422829286891
7,kcat_1,4.704894480940343
8,kcat_1,4.696256974938222
9,kcat_1,4.694866230870535
10,kcat_1,4.701700261983257
11,kcat_1,4.702210548808728
12,kcat_1,4.699416610055574
13,kcat_1,4.704440347216211
14,kcat_1,4.705691034250424
15,kcat_1,4.705320178627349
16,kcat_1,4.708188866748512
17,kcat_1,4.6996621550965525
18,kcat_1,4.700262267365952
19,kcat_1,4.700496725752852
20,kcat_1,4.69841561050985
21,kcat_1,4.692950097663167
22,kcat_1,4.698326318296217
23,kcat_1,4.699653472458479
24,kcat_1,4.697370215455779
25,kcat_1,4.695174958105882
26,kcat_1,4.684774496659329
27,kcat_1,4.677911003177968
28,kcat_1,4.677778821430027
29,kcat_1,4.67561423499718
30,kcat_1,4.674744602838803
31,kcat_1,4.679475027744815
32,kcat_1,4.68169366365066
33,kcat_1,4.681498429865536
34,kcat_1,4.677734385194485
35,kcat_1,4.68228516579397
36,kcat_1,4.690016148219879
37,kcat_1,4.690319271798823
38,kcat_1,4.683460143212947
39,kcat_1,4.683024024045349
40,kcat_1,4.678519023785313
41,kcat_1,4.678296142229234
42,kcat_1,4.6809836439327395
43,kcat_1,4.682344362042354
44,kcat_1,4.679932507848723
45,kcat_1,4.678067217929594
46,kcat_1,4.679932430973022
47,kcat_1,4.678174512850888
48,kcat_1,4.674429984040179
49,kcat_1,4.676644579852276
0,kcat_2,3.4346133843699063
1,kcat_2,3.4184342052196173
2,kcat_2,3.4124864352501953
3,kcat_2,3.423928356394235
4,kcat_2,3.429357300311819
5,kcat_2,3.45348714648587
6,kcat_2,3.4454457088630916
7,kcat_2,3.4688089228679533
8,kcat_2,3.472511395179053
9,kcat_2,3.4676921740191675
10,kcat_2,3.4647524417827493
11,kcat_2,3.4683321871483823
12,kcat_2,3.466083865502479
13,kcat_2,3.470720769669319
14,kcat_2,3.489326791303064
15,kcat_2,3.491632499137285
16,kcat_2,3.48317153754599
17,kcat_2,3.489163731631263
18,kcat_2,3.492768756979808
19,kcat_2,3.491944290530204
20,kcat_2,3.4991558964761595
21,kcat_2,3.4945825054753463
22,kcat_2,3.4907669656070266
23,kcat_2,3.488766177839983
24,kcat_2,3.4803414896145966
25,kcat_2,3.4812158338651793
26,kcat_2,3.4813915626479517
27,kcat_2,3.4865218638708937
28,kcat_2,3.4948728018347848
29,kcat_2,3.4916491001597407
30,kcat_2,3.4867938792857753
31,kcat_2,3.4829824108910987
32,kcat_2,3.4857163384048744
33,kcat_2,3.4835094533929634
34,kcat_2,3.4862529052152946
35,kcat_2,3.4866052970915096
36,kcat_2,3.47356998453564
37,kcat_2,3.469579857313741
38,kcat_2,3.477431381692493
39,kcat_2,3.4768688309066844
40,kcat_2,3.4830848173537907
41,kcat_2,3.485821537161877
42,kcat_2,3.492730767196516
43,kcat_2,3.4871263219778075
44,kcat_2,3.4881182437450873
45,kcat_2,3.4890324447444163
46,kcat_2,3.486348930651012
47,kcat_2,3.482761194593814
48,kcat_2,3.4868490493242077
49,kcat_2,3.488703361669525
0,kcat_3,3.7271919242141673
1,kcat_3,3.722937311117788
2,kcat_3,3.7126876250907874
3,kcat_3,3.7207757043785943
4,kcat_3,3.715540205668637
5,kcat_3,3.72814329253881
6,kcat_3,3.7213994138011857
7,kcat_3,3.7337926222031435
8,kcat_3,3.7197534260128955
9,kcat_3,3.72721612591238
10,kcat_3,3.7354859109968395
11,kcat_3,3.72237167957475
12,kcat_3,3.735151604647608
13,kcat_3,3.7384728227859054
14,kcat_3,3.728926717093009
15,kcat_3,3.7320481292085557
16,kcat_3,3.726440245165711
17,kcat_3,3.726860629732009
18,kcat_3,3.71786186921982
19,kcat_3,3.718074537672615
20,kcat_3,3.7166778693563383
21,kcat_3,3.7166196645780625
22,kcat_3,3.719702106175654
23,kcat_3,3.7214465269029287
24,kcat_3,3.7235811812586084
25,kcat_3,3.720254462203603
26,kcat_3,3.733864634360857
27,kcat_3,3.7350812440545513
28,kcat_3,3.735293714369758
29,kcat_3,3.7425697075243676
30,kcat_3,3.7390347765579928
31,kcat_3,3.73602170818798
32,kcat_3,3.7443565975385695
33,kcat_3,3.741779298628348
34,kcat_3,3.7348486982167093
35,kcat_3,3.734425883060538
36,kcat_3,3.745777452495119
37,kcat_3,3.7455683966823385
38,kcat_3,3.746706329752568
39,kcat_3,3.743498747471574
40,kcat_3,3.746735381260974
41,kcat_3,3.7472437767442934
42,kcat_3,3.7463702960877217
43,kcat_3,3.7541864260733444
44,kcat_3,3.7516395828104643
45,kcat_3,3.7470243758729236
46,kcat_3,3.7384456106643005
47,kcat_3,3.744102875119016
48,kcat_3,3.757841935757715
49,kcat_3,3.756680433948588
0,kcat_4,4.76252929025075
1,kcat_4,4.770637814279788
2,kcat_4,4.725169186694779
3,kcat_4,4.711924666017803
4,kcat_4,4.686059157455663
5,kcat_4,4.661698298062117
6,kcat_4,4.663809790496857
7,kcat_4,4.6589624680202855
8,kcat_4,4.664572443087674
9,kcat_4,4.66342823441413
10,kcat_4,4.648917507711679
11,kcat_4,4.662020364408433
12,kcat_4,4.654263471642984
13,kcat_4,4.655167046000154
14,kcat_4,4.647239747797137
15,kcat_4,4.660521444415808
16,kcat_4,4.666249335438104
17,kcat_4,4.647792576545111
18,kcat_4,4.654335292548939
19,kcat_4,4.65221976073977
20,kcat_4,4.647352787914607
21,kcat_4,4.650472788542071
22,kcat_4,4.6516516496526
23,kcat_4,4.650618801587791
24,kcat_4,4.6517409771423335
25,kcat_4,4.651228336683707
26,kcat_4,4.65503662155819
27,kcat_4,4.652922401383878
28,kcat_4,4.650444201525038
29,kcat_4,4.661158851030716
30,kcat_4,4.657617200010991
31,kcat_4,4.662878541962266
32,kcat_4,4.665707094928823
33,kcat_4,4.6678112836369525
34,kcat_4,4.671426713215357
35,kcat_4,4.672077036147433
36,kcat_4,4.672132607268728
37,kcat_4,4.673292652367619
38,kcat_4,4.674179936085439
39,kcat_4,4.6714642912250754
40,kcat_4,4.666586426558948
41,kcat_4,4.673181175533412
42,kcat_4,4.669900335519829
43,kcat_4,4.6729937476716366
44,kcat_4,4.663057355580913
45,kcat_4,4.659524818379343
46,kcat_4,4.652354451244276
47,kcat_4,4.6551346996249645
48,kcat_4,4.6510967616272385
49,kcat_4,4.652329574244081
0,kcat_5,4.718752958268447
1,kcat_5,4.720016848226853
2,kcat_5,4.697161648690928
3,kcat_5,4.695336691536987
4,kcat_5,4.703429018022566
5,kcat_5,4.678432972021576
6,kcat_5,4.669165101231089
7,kcat_5,4.672289497545417
8,kcat_5,4.6688991272235745
9,kcat_5,4.66591126264608
10,kcat_5,4.667523228004674
11,kcat_5,4.671364306460331
12,kcat_5,4.668585571710554
13,kcat_5,4.658712194516569
14,kcat_5,4.671780979574576
15,kcat_5,4.651656925612646
16,kcat_5,4.659634344199169
17,kcat_5,4.665244021111823
18,kcat_5,4.6656518405428224
19,kcat_5,4.670979099719369
20,kcat_5,4.667764859171329
21,kcat_5,4.663591368514544
22,kcat_5,4.675831468039658
23,kcat_5,4.673489043300126
24,kcat_5,4.680248566871025
25,kcat_5,4.670911750885979
26,kcat_5,4.675752146488012
27,kcat_5,4.677968486280212
28,kcat_5,4.674280725842768
29,kcat_5,4.678137442378323
30,kcat_5,4.684693442195567
31,kcat_5,4.6936924812696414
32,kcat_5,4.694603301236953
33,kcat_5,4.691692163666883
34,kcat_5,4.68549545097829
35,kcat_5,4.679609123382679
36,kcat_5,4.684341712024329
37,kcat_5,4.688360561768993
38,kcat_5,4.681325051008728
39,kcat_5,4.67855822328487
40,kcat_5,4.67278213480762
41,kcat_5,4.672415429767116
42,kcat_5,4.670332531809452
43,kcat_5,4.661977354893007
44,kcat_5,4.66669978339686
45,kcat_5,4.665559389520465
46,kcat_5,4.676065619070723
47,kcat_5,4.674288125334931
48,kcat_5,4.67525968067712
49,kcat_5,4.676907342374139
0,kcat_6,4.371707917156724
1,kcat_6,4.382456137941288
2,kcat_6,4.382776308983638
3,kcat_6,4.416722243995494
4,kcat_6,4.398081258488723
5,kcat_6,4.407712573520571
6,kcat_6,4.409462148050768
7,kcat_6,4.400162967783668
8,kcat_6,4.411964096096296
9,kcat_6,4.416637179278975
10,kcat_6,4.418745377063645
11,kcat_6,4.415139119389553
12,kcat_6,4.431578439723065
13,kcat_6,4.4332338833926945
14,kcat_6,4.441568730843461
15,kcat_6,4.4620963686093695
16,kcat_6,4.463725529023066
17,kcat_6,4.467792580950251
18,kcat_6,4.467391735299331
19,kcat_6,4.473351252818181
20,kcat_6,4.469390895961223
21,kcat_6,4.472332805232853
22,kcat_6,4.474892004456454
23,kcat_6,4.477336590808696
24,kcat_6,4.472172123283304
25,kcat_6,4.463708399725277
26,kcat_6,4.462080373831156
27,kcat_6,4.462481698574492
28,kcat_6,4.463690804511723
29,kcat_6,4.475903222369005
30,kcat_6,4.476331277321452
31,kcat_6,4.483463276500266
32,kcat_6,4.475173972413296
33,kcat_6,4.4811373346028365
34,kcat_6,4.483966951131039
35,kcat_6,4.488213024647077
36,kcat_6,4.4768982689258525
37,kcat_6,4.4790317309250165
38,kcat_6,4.485768450540298
39,kcat_6,4.488933766253501
40,kcat_6,4.496713646707931
41,kcat_6,4.492294255626771
42,kcat_6,4.490264255500227
43,kcat_6,4.493284155221873
44,kcat_6,4.494496501175695
45,kcat_6,4.492926705142598
46,kcat_6,4.499979868198888
47,kcat_6,4.498588150939131
48,kcat_6,4.498281028291029
49,kcat_6,4.4980339569207795
0,kcat_7,3.6474038907819315
1,kcat_7,3.6377903480936964
2,kcat_7,3.6316119160126146
3,kcat_7,3.648922250195257
4,kcat_7,3.6595180491599355
5,kcat_7,3.6913461110724084
6,kcat_7,3.703692810878491
7,kcat_7,3.7119555825684674
8,kcat_7,3.7520999289205266
9,kcat_7,3.7638767466501384
10,kcat_7,3.7692208379954137
11,kcat_7,3.7935313513483906
12,kcat_7,3.7921220120317045
13,kcat_7,3.7998443815898817
14,kcat_7,3.8054344277788776
15,kcat_7,3.8242004671745686
16,kcat_7,3.8253760768772347
17,kcat_7,3.8173166941677503
18,kcat_7,3.8164192793111673
19,kcat_7,3.8097209845288944
20,kcat_7,3.819781956665202
21,kcat_7,3.8227497076487564
22,kcat_7,3.8234557004333514
23,kcat_7,3.821396130528423
24,kcat_7,3.8219883873319107
25,kcat_7,3.8204449047875024
26,kcat_7,3.8252078843972224
27,kcat_7,3.8228764386030805
28,kcat_7,3.8237162359733747
29,kcat_7,3.828985528215927
30,kcat_7,3.8193769541782077
31,kcat_7,3.8110705962678564
32,kcat_7,3.81656248847756
33,kcat_7,3.822596323980971
34,kcat_7,3.829834904509363
35,kcat_7,3.828887495341009
36,kcat_7,3.8412289354265217
37,kcat_7,3.8381610747504484
38,kcat_7,3.840299602717877
39,kcat_7,3.844233428121621
40,kcat_7,3.8517613631183103
41,kcat_7,3.8522155834674554
42,kcat_7,3.8556605880918746
43,kcat_7,3.856509815575128
44,kcat_7,3.8556283551464143
45,kcat_7,3.8515694956993634
46,kcat_7,3.8515879910488753
47,kcat_7,3.8537271861363225
48,kcat_7,3.856673800800248
49,kcat_7,3.8531098501257737
0,kcat_8,5.1167868637420595
1,kcat_8,5.105171557194095
2,kcat_8,5.136647068662439
3,kcat_8,5.1547293876596925
4,kcat_8,5.153558746412507
5,kcat_8,5.147672300146278
6,kcat_8,5.13158716031191
7,kcat_8,5.120194716825044
8,kcat_8,5.11005489315839
9,kcat_8,5.1168125291612085
10,kcat_8,5.110652546432005
11,kcat_8,5.1166455226205745
12,kcat_8,5.117461334569272
13,kcat_8,5.1099027975917775
14,kcat_8,5.115305318905806
15,kcat_8,5.096533515509534
16,kcat_8,5.099371940698057
17,kcat_8,5.107645701881865
18,kcat_8,5.09692671547763
19,kcat_8,5.101389742358683
20,kcat_8,5.098445959536114
21,kcat_8,5.105992541195058
22,kcat_8,5.107457736423046
23,kcat_8,5.10665726141399
24,kcat_8,5.106668535329415
25,kcat_8,5.106937684771513
26,kcat_8,5.112065846853022
27,kcat_8,5.113921500784919
28,kcat_8,5.109365533925273
29,kcat_8,5.117347408846666
30,kcat_8,5.120965884904669
31,kcat_8,5.120270040658209
32,kcat_8,5.124927835734896
33,kcat_8,5.120681540280043
34,kcat_8,5.109536955396526
35,kcat_8,5.1099542230823864
36,kcat_8,5.113930099174688
37,kcat_8,5.114255320922238
38,kcat_8,5.119285450622848
39,kcat_8,5.116067624808717
40,kcat_8,5.110539032997015
41,kcat_8,5.108340861583039
42,kcat_8,5.112255932866053
43,kcat_8,5.119080942268518
44,kcat_8,5.126640867526055
45,kcat_8,5.121192309719638
46,kcat_8,5.120775706660712
47,kcat_8,5.113191145296448
48,kcat_8,5.116697086518028
49,kcat_8,5.115327912196205
0,kcat_9,3.936175877090977
1,kcat_9,3.925827243872828
2,kcat_9,3.896559952615582
3,kcat_9,3.8865561128643336
4,kcat_9,3.880037189440951
5,kcat_9,3.8859148238625485
6,kcat_9,3.8936214933624718
7,kcat_9,3.8772714651625293
8,kcat_9,3.874817344866473
9,kcat_9,3.86273003788174
10,kcat_9,3.866446261660794
11,kcat_9,3.857184924682726
12,kcat_9,3.856915171902605
13,kcat_9,3.8624007641031572
14,kcat_9,3.8765595976174927
15,kcat_9,3.8597995970577825
16,kcat_9,3.859256084675274
17,kcat_9,3.857999299906242
18,kcat_9,3.86086052589131
19,kcat_9,3.8629898653807673
20,kcat_9,3.8599022170583615
21,kcat_9,3.8510458724034895
22,kcat_9,3.862081971506988
23,kcat_9,3.863361595468766
24,kcat_9,3.864066078151419
25,kcat_9,3.862889876360248
26,kcat_9,3.85722524136065
27,kcat_9,3.857086847326336
28,kcat_9,3.8650258722021347
29,kcat_9,3.8576903443260506
30,kcat_9,3.8517146398906443
31,kcat_9,3.853138688720442
32,kcat_9,3.8472749688526418
33,kcat_9,3.8478168199124982
34,kcat_9,3.8461880223638523
35,kcat_9,3.8432462570112436
36,kcat_9,3.8433583231562816
37,kcat_9,3.846280287983228
38,kcat_9,3.8490706681776277
39,kcat_9,3.8570500222403252
40,kcat_9,3.8662744107393445
41,kcat_9,3.8706192852405104
42,kcat_9,3.875455057784138
43,kcat_9,3.8786075809560856
44,kcat_9,3.8892415278905283
45,kcat_9,3.888600653054763
46,kcat_9,3.904887889777208
47,kcat_9,3.9032067628948455
48,kcat_9,3.8947162163672275
49,kcat_9,3.8937404406532314
0,kcat_10,5.418813987313741
1,kcat_10,5.427843901599157
2,kcat_10,5.445510046825901
3,kcat_10,5.4037317422418525
4,kcat_10,5.403617363958654
5,kcat_10,5.367322432248959
6,kcat_10,5.354994484134166
7,kcat_10,5.325789030162815
8,kcat_10,5.313488282336829
9,kcat_10,5.298029379690667
10,kcat_10,5.2899081067559965
11,kcat_10,5.285221727552951
12,kcat_10,5.27869835960362
13,kcat_10,5.270491169469741
14,kcat_10,5.271285026559879
15,kcat_10,5.266364202449919
16,kcat_10,5.2691864616137245
17,kcat_10,5.271516357160302
18,kcat_10,5.266918214253728
19,kcat_10,5.26874437508705
20,kcat_10,5.245427263977526
21,kcat_10,5.237662395457296
22,kcat_10,5.235983031462149
23,kcat_10,5.235423842615502
24,kcat_10,5.237847365930295
25,kcat_10,5.2360505577878875
26,kcat_10,5.219870025681198
27,kcat_10,5.21774465990625
28,kcat_10,5.216107373603008
29,kcat_10,5.218072185296871
30,kcat_10,5.212474550800446
31,kcat_10,5.2106901971282715
32,kcat_10,5.209592375825815
33,kcat_10,5.208302110766861
34,kcat_10,5.188508460398642
35,kcat_10,5.177662171591247
36,kcat_10,5.1690792338491995
37,kcat_10,5.168796148334827
38,kcat_10,5.168750127503781
39,kcat_10,5.172894662576172
40,kcat_10,5.173579730655724
41,kcat_10,5.168287980600657
42,kcat_10,5.168759585029381
43,kcat_10,5.169145879549236
44,kcat_10,5.16918599893886
45,kcat_10,5.172754757960463
46,kcat_10,5.167965567929568
47,kcat_10,5.1788740365113615
48,kcat_10,5.176588479729632
49,kcat_10,5.176013360142102
0,kcat_11,5.312542138369151
1,kcat_11,5.320475193746194
2,kcat_11,5.298969362110744
3,kcat_11,5.294098294288944
4,kcat_11,5.315714813050597
5,kcat_11,5.296494586036642
6,kcat_11,5.2754112395921
7,kcat_11,5.2666815817805945
8,kcat_11,5.218269405444131
9,kcat_11,5.218946568241522
10,kcat_11,5.2261073961919635
11,kcat_11,5.230570008195088
12,kcat_11,5.23904632140485
13,kcat_11,5.242544772309932
14,kcat_11,5.238028247559546
15,kcat_11,5.240720159160189
16,kcat_11,5.2370120120693695
17,kcat_11,5.233824619077967
18,kcat_11,5.236198941517344
19,kcat_11,5.2335507251233375
20,kcat_11,5.22354051417502
21,kcat_11,5.212209952705795
22,kcat_11,5.211557568084918
23,kcat_11,5.209431712916571
24,kcat_11,5.2148407391017475
25,kcat_11,5.206466764965696
26,kcat_11,5.196534582084767
27,kcat_11,5.199706665594425
28,kcat_11,5.206113232359801
29,kcat_11,5.209383872858045
30,kcat_11,5.20472752115391
31,kcat_11,5.2038468105899724
32,kcat_11,5.189071398461137
33,kcat_11,5.193094532545737
34,kcat_11,5.19292129177393
35,kcat_11,5.19273956969516
36,kcat_11,5.196114863707107
37,kcat_11,5.188236085704265
38,kcat_11,5.192460415687085
39,kcat_11,5.190753463113261
40,kcat_11,5.188336639013899
41,kcat_11,5.186824831768551
42,kcat_11,5.188572300180696
43,kcat_11,5.204297697286472
44,kcat_11,5.210242581865213
45,kcat_11,5.210438432142112
46,kcat_11,5.207126586114505
47,kcat_11,5.196835669623577
48,kcat_11,5.195207472247402
49,kcat_11,5.19835214892907
0,kcat_12,5.054449631047647
1,kcat_12,5.067769623963324
2,kcat_12,5.094712404779219
3,kcat_12,5.095936055873054
4,kcat_12,5.089200419052078
5,kcat_12,5.0755902164554
6,kcat_12,5.090755912189059
7,kcat_12,5.1020360332979395
8,kcat_12,5.093347330074161
9,kcat_12,5.094851590182899
10,kcat_12,5.086988232696951
11,kcat_12,5.081744326407093
12,kcat_12,5.0799161264202075
13,kcat_12,5.067691123525811
14,kcat_12,5.070382777602364
15,kcat_12,5.047899012464531
16,kcat_12,5.046790514201971
17,kcat_12,5.054187833245779
18,kcat_12,5.049616438438813
19,kcat_12,5.042028261561318
20,kcat_12,5.053086583429934
21,kcat_12,5.045390994773803
22,kcat_12,5.040014249896334
23,kcat_12,5.039082782353369
24,kcat_12,5.038058608624007
25,kcat_12,5.034032044041073
26,kcat_12,5.0487777627627235
27,kcat_12,5.047239694489025
28,kcat_12,5.037841750632456
29,kcat_12,5.029621163555032
30,kcat_12,5.031454466323579
31,kcat_12,5.029208339316232
32,kcat_12,5.032724226469132
33,kcat_12,5.026872568326686
34,kcat_12,5.027166690213024
35,kcat_12,5.0306394360987206
36,kcat_12,5.031909600269508
37,kcat_12,5.0374424672046265
38,kcat_12,5.046889075186123
39,kcat_12,5.0450536483340755
40,kcat_12,5.037215359879033
41,kcat_12,5.033670185396182
42,kcat_12,5.029691241275653
43,kcat_12,5.0388212450768854
44,kcat_12,5.03664134517848
45,kcat_12,5.02796402094347
46,kcat_12,5.0369078146725075
47,kcat_12,5.0430664572862565
48,kcat_12,5.041120737427499
49,kcat_12,5.042225133927775
0,kcat_13,4.167248649211908
1,kcat_13,4.165121309329041
2,kcat_13,4.173855425614587
3,kcat_13,4.220020829596109
4,kcat_13,4.221488427398228
5,kcat_13,4.210901875143054
6,kcat_13,4.223286016696421
7,kcat_13,4.21501939794522
8,kcat_13,4.218699985307379
9,kcat_13,4.21987675922643
10,kcat_13,4.224824981106781
11,kcat_13,4.2255204332604315
12,kcat_13,4.222348101697546
13,kcat_13,4.224004054252608
14,kcat_13,4.229761752575936
15,kcat_13,4.219382258176777
16,kcat_13,4.222502746083338
17,kcat_13,4.218832071360376
18,kcat_13,4.224158687569471
19,kcat_13,4.223839897913964
20,kcat_13,4.2056042903689885
21,kcat_13,4.209464644087828
22,kcat_13,4.216951387572435
23,kcat_13,4.218334698556473
24,kcat_13,4.2267416964715885
25,kcat_13,4.233389527138454
26,kcat_13,4.224211473357705
27,kcat_13,4.22149024394467
28,kcat_13,4.2228444310423825
29,kcat_13,4.223790849892148
30,kcat_13,4.226883311822724
31,kcat_13,4.237216213671728
32,kcat_13,4.24500471271879
33,kcat_13,4.238133194697333
34,kcat_13,4.23942530212276
35,kcat_13,4.2424852020848745
36,kcat_13,4.240560302374568
37,kcat_13,4.238423135180256
38,kcat_13,4.231479877109951
39,kcat_13,4.2308775160018275
40,kcat_13,4.231686672449727
41,kcat_13,4.224624587034493
42,kcat_13,4.221053080217346
43,kcat_13,4.205885207798036
44,kcat_13,4.197849538443233
45,kcat_13,4.202175359805431
46,kcat_13,4.21305726771823
47,kcat_13,4.206461296778813
48,kcat_13,4.20337979377979
49,kcat_13,4.203796617375891
0,kcat_14,4.363002843946696
1,kcat_14,4.357092019617091
2,kcat_14,4.349945104924037
3,kcat_14,4.314166492098464
4,kcat_14,4.322718737848532
5,kcat_14,4.316798199207299
6,kcat_14,4.326771462596093
7,kcat_14,4.314726420288936
8,kcat_14,4.313160740215916
9,kcat_14,4.325348634438922
10,kcat_14,4.325564074596069
11,kcat_14,4.320419020216061
12,kcat_14,4.323103893019646
13,kcat_14,4.327815879993952
14,kcat_14,4.346657934365223
15,kcat_14,4.348109389920377
16,kcat_14,4.3501927481290075
17,kcat_14,4.360975706830425
18,kcat_14,4.35121723952466
19,kcat_14,4.353958085070494
20,kcat_14,4.36167767658694
21,kcat_14,4.346494589463014
22,kcat_14,4.356893529251923
23,kcat_14,4.35696925500742
24,kcat_14,4.361538107125393
25,kcat_14,4.361547940830245
26,kcat_14,4.365504645555326
27,kcat_14,4.368462379578214
28,kcat_14,4.372901775755078
29,kcat_14,4.368257910894894
30,kcat_14,4.366124494278332
31,kcat_14,4.3736481222594366
32,kcat_14,4.367784905783414
33,kcat_14,4.371431028859024
34,kcat_14,4.379191240563835
35,kcat_14,4.388123683832007
36,kcat_14,4.390443022934954
37,kcat_14,4.390755841828667
38,kcat_14,4.3940532563127155
39,kcat_14,4.398338965188014
40,kcat_14,4.3953434830391895
41,kcat_14,4.394663262294815
42,kcat_14,4.3933458280140965
43,kcat_14,4.401726059291722
44,kcat_14,4.393847493798372
45,kcat_14,4.397641187188901
46,kcat_14,4.398529132152782
47,kcat_14,4.400735602986299
48,kcat_14,4.396875163724476
49,kcat_14,4.3961850126226
0,kcat_15,5.136372551906969
1,kcat_15,5.135439142935921
2,kcat_15,5.122243753400476
3,kcat_15,5.139978317830183
4,kcat_15,5.149118098885836
5,kcat_15,5.135221661328104
6,kcat_15,5.127130380117295
7,kcat_15,5.111398477172628
8,kcat_15,5.102749593174727
9,kcat_15,5.102572655342002
10,kcat_15,5.099807335019006
11,kcat_15,5.10839661140559
12,kcat_15,5.105258812657357
13,kcat_15,5.09425991067497
14,kcat_15,5.088617570196781
15,kcat_15,5.090017103335788
16,kcat_15,5.088766693763553
17,kcat_15,5.093015850111353
18,kcat_15,5.085773257592624
19,kcat_15,5.090996027718144
20,kcat_15,5.090616496101052
21,kcat_15,5.10640278266931
22,kcat_15,5.105296568825628
23,kcat_15,5.1090170524548455
24,kcat_15,5.110973200708889
25,kcat_15,5.110751972127806
26,kcat_15,5.111398923983428
27,kcat_15,5.106783596905939
28,kcat_15,5.110689496357411
29,kcat_15,5.105835186278081
30,kcat_15,5.115856568179455
31,kcat_15,5.108618362000355
32,kcat_15,5.110041793292953
33,kcat_15,5.1172582769531045
34,kcat_15,5.1070875933636355
35,kcat_15,5.106214973792288
36,kcat_15,5.110933632172457
37,kcat_15,5.114688147294153
38,kcat_15,5.103487660976615
39,kcat_15,5.10485371681542
40,kcat_15,5.112323657016345
41,kcat_15,5.112991651619927
42,kcat_15,5.114920876811162
43,kcat_15,5.116423461059597
44,kcat_15,5.120375012484131
45,kcat_15,5.112182668850197
46,kcat_15,5.108680942946548
47,kcat_15,5.116318033740955
48,kcat_15,5.11792074301217
49,kcat_15,5.11666871247284
0,kcat_16,4.796941296964652
1,kcat_16,4.820314081795276
2,kcat_16,4.840407158889571
3,kcat_16,4.8427016178279745
4,kcat_16,4.820508632220834
5,kcat_16,4.792214972702602
6,kcat_16,4.781979316792984
7,kcat_16,4.774095775591956
8,kcat_16,4.764055475437681
9,kcat_16,4.752152340376471
10,kcat_16,4.7643064438440295
11,kcat_16,4.77270101969422
12,kcat_16,4.7659960534930805
13,kcat_16,4.758656863423495
14,kcat_16,4.762812145668529
15,kcat_16,4.754917140102461
16,kcat_16,4.745895291592997
17,kcat_16,4.752177456847676
18,kcat_16,4.750945698284871
19,kcat_16,4.757713544772466
20,kcat_16,4.757474993915092
21,kcat_16,4.76570911017532
22,kcat_16,4.765913960151453
23,kcat_16,4.770624741273721
24,kcat_16,4.767710500257031
25,kcat_16,4.757035418150104
26,kcat_16,4.762850499721431
27,kcat_16,4.761537751064241
28,kcat_16,4.766516233929828
29,kcat_16,4.778136259811209
30,kcat_16,4.777968263913281
31,kcat_16,4.778720689729108
32,kcat_16,4.780329688375204
33,kcat_16,4.7836161114544975
34,kcat_16,4.779270558573969
35,kcat_16,4.769386457878744
36,kcat_16,4.779679705544941
37,kcat_16,4.782634849865047
38,kcat_16,4.781137777376688
39,kcat_16,4.782052270585958
40,kcat_16,4.789724216170381
41,kcat_16,4.791490495285626
42,kcat_16,4.786619738641929
43,kcat_16,4.786409967932427
44,kcat_16,4.785448620842451
45,kcat_16,4.787905485222384
46,kcat_16,4.780382453747291
47,kcat_16,4.779263519203635
48,kcat_16,4.779556971174516
49,kcat_16,4.776889733121781
0,kcat_17,4.7118387228932885
1,kcat_17,4.727821814962198
2,kcat_17,4.750689074801953
3,kcat_17,4.751780905213868
4,kcat_17,4.76625681615131
5,kcat_17,4.740351222157595
6,kcat_17,4.7384659495882175
7,kcat_17,4.751220237987395
8,kcat_17,4.754089767686532
9,kcat_17,4.7597199318264085
10,kcat_17,4.761256600338496
11,kcat_17,4.75757453711095
12,kcat_17,4.757099127704243
13,kcat_17,4.7490243455985555
14,kcat_17,4.753934309016065
15,kcat_17,4.761073950926582
16,kcat_17,4.763964976208166
17,kcat_17,4.759671974580401
18,kcat_17,4.757815524781141
19,kcat_17,4.750478036800629
20,kcat_17,4.769685380054567
21,kcat_17,4.7715619946888
22,kcat_17,4.773463265176909
23,kcat_17,4.774264041503097
24,kcat_17,4.772032635359247
25,kcat_17,4.772839213861069
26,kcat_17,4.773635320489812
27,kcat_17,4.7649647241145665
28,kcat_17,4.759170131617492
29,kcat_17,4.765540150420882
30,kcat_17,4.763754632148497
31,kcat_17,4.768342050915914
32,kcat_17,4.77475237306781
33,kcat_17,4.774029945984175
34,kcat_17,4.779430122131266
35,kcat_17,4.783942462237592
36,kcat_17,4.780374050540971
37,kcat_17,4.777381851568382
38,kcat_17,4.786915313030153
39,kcat_17,4.786759967352345
40,kcat_17,4.78919839366213
41,kcat_17,4.788454673218143
42,kcat_17,4.7988869715416556
43,kcat_17,4.796633748224912
44,kcat_17,4.802697943814247
45,kcat_17,4.802427390456193
46,kcat_17,4.795815158966383
47,kcat_17,4.800000596647386
48,kcat_17,4.797609397376591
49,kcat_17,4.79613826755358
0,kcat_18,5.3813764490859555
1,kcat_18,5.399048140897779
2,kcat_18,5.408773842727123
3,kcat_18,5.4095423463811
4,kcat_18,5.406965008061715
5,kcat_18,5.363830280045166
6,kcat_18,5.363155949595963
7,kcat_18,5.318879124093519
8,kcat_18,5.266909775597464
9,kcat_18,5.248831470098922
10,kcat_18,5.24776050184862
11,kcat_18,5.249439309876113
12,kcat_18,5.235572165434816
13,kcat_18,5.228003535136905
14,kcat_18,5.228718935341605
15,kcat_18,5.226936780156959
16,kcat_18,5.228628908062302
17,kcat_18,5.235181954940127
18,kcat_18,5.233352355750364
19,kcat_18,5.234523434158062
20,kcat_18,5.217135929109265
21,kcat_18,5.213337514501765
22,kcat_18,5.2048385685134155
23,kcat_18,5.195991216232573
24,kcat_18,5.195274428937502
25,kcat_18,5.205512774187602
26,kcat_18,5.193564790752787
27,kcat_18,5.198265344878491
28,kcat_18,5.197698363967452
29,kcat_18,5.194906233772006
30,kcat_18,5.187407711795145
31,kcat_18,5.18499821438441
32,kcat_18,5.191191436854175
33,kcat_18,5.192266580547269
34,kcat_18,5.1770455967504105
35,kcat_18,5.176146555828376
36,kcat_18,5.179561638557931
37,kcat_18,5.1777430429699605
38,kcat_18,5.175290602799057
39,kcat_18,5.172446947275703
40,kcat_18,5.169987464344753
41,kcat_18,5.166062278565189
42,kcat_18,5.169178456615502
43,kcat_18,5.165413432847768
44,kcat_18,5.160830107038948
45,kcat_18,5.1617659009005665
46,kcat_18,5.149184791589767
47,kcat_18,5.160359738380007
48,kcat_18,5.160009369979134
49,kcat_18,5.152496051556845
0,kcat_19,4.708982924432011
1,kcat_19,4.7025850625711705
2,kcat_19,4.706322403052282
3,kcat_19,4.703093128400596
4,kcat_19,4.688233052213888
5,kcat_19,4.665952598642785
6,kcat_19,4.672265801412405
7,kcat_19,4.657882933590521
8,kcat_19,4.656278001026177
9,kcat_19,4.649934906390991
10,kcat_19,4.661294071765602
11,kcat_19,4.657279919616367
12,kcat_19,4.647218136970448
13,kcat_19,4.654206199817666
14,kcat_19,4.657519527233162
15,kcat_19,4.664366991415854
16,kcat_19,4.6618038549976655
17,kcat_19,4.6516020768778485
18,kcat_19,4.657390588582492
19,kcat_19,4.656105639227042
20,kcat_19,4.652792547993786
21,kcat_19,4.65925454945601
22,kcat_19,4.655042266947396
23,kcat_19,4.651299634376099
24,kcat_19,4.648457658740192
25,kcat_19,4.646106000440987
26,kcat_19,4.645399776345963
27,kcat_19,4.639217600168029
28,kcat_19,4.633998625341712
29,kcat_19,4.631328929465174
30,kcat_19,4.63923418208324
31,kcat_19,4.638407864813332
32,kcat_19,4.6428846071298615
33,kcat_19,4.641884101427261
34,kcat_19,4.638831728965787
35,kcat_19,4.627072517549568
36,kcat_19,4.630188910198545
37,kcat_19,4.630804374420929
38,kcat_19,4.620976665367542
39,kcat_19,4.625906347751482
40,kcat_19,4.628074650689343
41,kcat_19,4.632514595417065
42,kcat_19,4.62653987737158
43,kcat_19,4.633874179567216
44,kcat_19,4.628102405682852
45,kcat_19,4.631186715233386
46,kcat_19,4.6338243105257755
47,kcat_19,4.636265573479825
48,kcat_19,4.634466489995651
49,kcat_19,4.639110097661247
0,kcat_20,4.430046033708451
1,kcat_20,4.432147919666872
2,kcat_20,4.442676398874585
3,kcat_20,4.441637688012898
4,kcat_20,4.442573851106882
5,kcat_20,4.4329507439880915
6,kcat_20,4.434932107881911
7,kcat_20,4.442174913010705
8,kcat_20,4.4215380278954095
9,kcat_20,4.422441776875526
10,kcat_20,4.419039640052149
11,kcat_20,4.433906300850788
12,kcat_20,4.432180401708855
13,kcat_20,4.430840964447464
14,kcat_20,4.438713026557299
15,kcat_20,4.4417121931959205
16,kcat_20,4.440111493292271
17,kcat_20,4.448143972744967
18,kcat_20,4.447861217280214
19,kcat_20,4.438911883871083
20,kcat_20,4.437815254235351
21,kcat_20,4.44173667609392
22,kcat_20,4.444907312765082
23,kcat_20,4.443049638039116
24,kcat_20,4.4460492521431885
25,kcat_20,4.445122551866829
26,kcat_20,4.463007856118143
27,kcat_20,4.465584905660343
28,kcat_20,4.4727339328383255
29,kcat_20,4.473156880107435
30,kcat_20,4.487321097226417
31,kcat_20,4.48679446614364
32,kcat_20,4.487426381780602
33,kcat_20,4.483587304864839
34,kcat_20,4.481927217631239
35,kcat_20,4.47719198900936
36,kcat_20,4.464901466761316
37,kcat_20,4.468434605439212
38,kcat_20,4.48401112435298
39,kcat_20,4.477202514084036
40,kcat_20,4.463208545989422
41,kcat_20,4.46565770630388
42,kcat_20,4.4630873385046765
43,kcat_20,4.466238067113853
44,kcat_20,4.471443588537856
45,kcat_20,4.478802278207949
46,kcat_20,4.476858002097322
47,kcat_20,4.4759804771175045
48,kcat_20,4.4812198347007
49,kcat_20,4.480395802961265
0,kcat_21,4.433338423810944
1,kcat_21,4.422326698117315
2,kcat_21,4.423475518570441
3,kcat_21,4.435827819228443
4,kcat_21,4.435722840896439
5,kcat_21,4.423989657562023
6,kcat_21,4.436476394490676
7,kcat_21,4.437033949132641
8,kcat_21,4.427545076480976
9,kcat_21,4.431928290212314
10,kcat_21,4.4283261119921296
11,kcat_21,4.428654815971994
12,kcat_21,4.424775520242976
13,kcat_21,4.422118181304434
14,kcat_21,4.418197125522292
15,kcat_21,4.405618826566776
16,kcat_21,4.399213119246447
17,kcat_21,4.404191603719723
18,kcat_21,4.3906404736366085
19,kcat_21,4.391135669920081
20,kcat_21,4.383549875858712
21,kcat_21,4.385451357256081
22,kcat_21,4.373489535188429
23,kcat_21,4.372541563159904
24,kcat_21,4.374724791443677
25,kcat_21,4.373620144040063
26,kcat_21,4.372403063479488
27,kcat_21,4.3790761097998585
28,kcat_21,4.382626639048821
29,kcat_21,4.386245043135939
30,kcat_21,4.385834729434319
31,kcat_21,4.382403722263447
32,kcat_21,4.392180242613909
33,kcat_21,4.388959659204558
34,kcat_21,4.383790924993168
35,kcat_21,4.38043026869946
36,kcat_21,4.379013354405999
37,kcat_21,4.380003666045044
38,kcat_21,4.362298636517191
39,kcat_21,4.368325584143862
40,kcat_21,4.361947791653528
41,kcat_21,4.359541202566493
42,kcat_21,4.364658700102648
43,kcat_21,4.366796514892583
44,kcat_21,4.362252464512009
45,kcat_21,4.355447338945975
46,kcat_21,4.369886649920051
47,kcat_21,4.359776955073764
48,kcat_21,4.370035236026891
49,kcat_21,4.370002627342684
0,kcat_22,4.4143700075175
1,kcat_22,4.407417292869122
2,kcat_22,4.401070538440808
3,kcat_22,4.410437581450295
4,kcat_22,4.399581803027599
5,kcat_22,4.377079150000983
6,kcat_22,4.388785753708026
7,kcat_22,4.387214780474475
8,kcat_22,4.389918503577338
9,kcat_22,4.383367729423563
10,kcat_22,4.376473561279653
11,kcat_22,4.373178634725918
12,kcat_22,4.3719141761396285
13,kcat_22,4.374920808935337
14,kcat_22,4.378518992252904
15,kcat_22,4.3819601955775775
16,kcat_22,4.37056329021679
17,kcat_22,4.379589217972579
18,kcat_22,4.3832023206495565
19,kcat_22,4.38505281291971
20,kcat_22,4.385970924742846
21,kcat_22,4.389042452707609
22,kcat_22,4.386287062278003
23,kcat_22,4.387056830849433
24,kcat_22,4.392716666014067
25,kcat_22,4.388820995774652
26,kcat_22,4.388263322613309
27,kcat_22,4.382720758471974
28,kcat_22,4.391836313376362
29,kcat_22,4.390970820992304
30,kcat_22,4.39455618168616
31,kcat_22,4.387578814567762
32,kcat_22,4.380457426358944
33,kcat_22,4.377195293219095
34,kcat_22,4.374815381803222
35,kcat_22,4.371194601517489
36,kcat_22,4.356229119064355
37,kcat_22,4.356210604918654
38,kcat_22,4.354187662217589
39,kcat_22,4.351929576155052
40,kcat_22,4.347755804896968
41,kcat_22,4.35001868384
42,kcat_22,4.352194521107036
43,kcat_22,4.352032781359878
44,kcat_22,4.355570510780574
45,kcat_22,4.358908241492938
46,kcat_22,4.364007834268548
47,kcat_22,4.370242254173107
48,kcat_22,4.37723244557786
49,kcat_22,4.379294938765684
0,kcat_23,4.73798412118792
1,kcat_23,4.730529525559969
2,kcat_23,4.746748377609485
3,kcat_23,4.750188152444855
4,kcat_23,4.737804219414432
5,kcat_23,4.732968522727131
6,kcat_23,4.732376381674459
7,kcat_23,4.744300288213461
8,kcat_23,4.74782886136901
9,kcat_23,4.7503754195974786
10,kcat_23,4.7479449396488915
11,kcat_23,4.740509734953252
12,kcat_23,4.7362844809475515
13,kcat_23,4.734693874554352
14,kcat_23,4.727198453341287
15,kcat_23,4.748978404299921
16,kcat_23,4.754201088143409
17,kcat_23,4.757030892989479
18,kcat_23,4.751938950693822
19,kcat_23,4.750370220841623
20,kcat_23,4.724925764505583
21,kcat_23,4.726909703634016
22,kcat_23,4.73080843226032
23,kcat_23,4.734127068260555
24,kcat_23,4.736476259875898
25,kcat_23,4.732738241641562
26,kcat_23,4.727096847581684
27,kcat_23,4.720054158623576
28,kcat_23,4.7229436021288365
29,kcat_23,4.715368890897943
30,kcat_23,4.702484267868614
31,kcat_23,4.70692710355614
32,kcat_23,4.711167954721785
33,kcat_23,4.7187191274919025
34,kcat_23,4.713137621294269
35,kcat_23,4.716882615812086
36,kcat_23,4.702364951368372
37,kcat_23,4.702484173686616
38,kcat_23,4.700516622131815
39,kcat_23,4.702647667755434
40,kcat_23,4.68671577291627
41,kcat_23,4.687702698665601
42,kcat_23,4.6924670476950086
43,kcat_23,4.689544431714134
44,kcat_23,4.698189293175091
45,kcat_23,4.706274420967654
46,kcat_23,4.717127421231154
47,kcat_23,4.7124933610959845
48,kcat_23,4.7070345357847465
49,kcat_23,4.7062235472352265
0,kcat_24,5.655234755664399
1,kcat_24,5.64656621088631
2,kcat_24,5.657711348122808
3,kcat_24,5.648656889572577
4,kcat_24,5.656149065178052
5,kcat_24,5.622080148073329
6,kcat_24,5.641694565449442
7,kcat_24,5.632954811439377
8,kcat_24,5.590858250789813
9,kcat_24,5.578345739169
10,kcat_24,5.574740679764038
11,kcat_24,5.550203378441821
12,kcat_24,5.52464783784951
13,kcat_24,5.521444688603597
14,kcat_24,5.521603773016509
15,kcat_24,5.515888318336846
16,kcat_24,5.517491571573473
17,kcat_24,5.533652061149472
18,kcat_24,5.532323577730986
19,kcat_24,5.529821127153194
20,kcat_24,5.538989717017304
21,kcat_24,5.547299865660011
22,kcat_24,5.542437297622189
23,kcat_24,5.546232875002231
24,kcat_24,5.5311471446566545
25,kcat_24,5.5300143978366485
26,kcat_24,5.52054176633896
27,kcat_24,5.522584740098725
28,kcat_24,5.520113076778039
29,kcat_24,5.51552267312032
30,kcat_24,5.502819117683702
31,kcat_24,5.506941406043348
32,kcat_24,5.500426913445441
33,kcat_24,5.49293525354655
34,kcat_24,5.493525473245141
35,kcat_24,5.496637351778857
36,kcat_24,5.501907164297331
37,kcat_24,5.503430625606331
38,kcat_24,5.501226784246702
39,kcat_24,5.49726966449694
40,kcat_24,5.495981311912775
41,kcat_24,5.496217887636212
42,kcat_24,5.492325045927684
43,kcat_24,5.496562268347813
44,kcat_24,5.500622763082609
45,kcat_24,5.506512051279031
46,kcat_24,5.505423004985968
47,kcat_24,5.503547213596127
48,kcat_24,5.508050438216113
49,kcat_24,5.50748187789657
0,kcat_25,5.94902688387419
1,kcat_25,5.957090219498556
2,kcat_25,5.944851526232213
3,kcat_25,5.943149775717489
4,kcat_25,5.968533637820995
5,kcat_25,5.976441493615328
6,kcat_25,5.975033403673449
7,kcat_25,5.962564021990319
8,kcat_25,5.94839539786038
9,kcat_25,5.945751756361049
10,kcat_25,5.943930512710882
11,kcat_25,5.95059555133654
12,kcat_25,5.9405938317020945
13,kcat_25,5.929885562474424
14,kcat_25,5.918079144195865
15,kcat_25,5.9337694815941955
16,kcat_25,5.9371618809643545
17,kcat_25,5.932350315257856
18,kcat_25,5.940594529506592
19,kcat_25,5.93993494404704
20,kcat_25,5.941174191801717
21,kcat_25,5.93704946809448
22,kcat_25,5.939732273617248
23,kcat_25,5.937964010957095
24,kcat_25,5.938227513013012
25,kcat_25,5.936178757159006
26,kcat_25,5.942843509754547
27,kcat_25,5.9423583572764755
28,kcat_25,5.940543883324305
29,kcat_25,5.937402249477636
30,kcat_25,5.939262914496205
31,kcat_25,5.940801330914617
32,kcat_25,5.937676961872019
33,kcat_25,5.937138718863192
34,kcat_25,5.929464721378283
35,kcat_25,5.927747203841852
36,kcat_25,5.927373138147901
37,kcat_25,5.929372831234074
38,kcat_25,5.915715724061833
39,kcat_25,5.911331422548135
40,kcat_25,5.912305898927944
41,kcat_25,5.908931640655109
42,kcat_25,5.91779451627144
43,kcat_25,5.913631252936046
44,kcat_25,5.909788592380066
45,kcat_25,5.908878270888899
46,kcat_25,5.893374360332541
47,kcat_25,5.89562383798119
48,kcat_25,5.888423717706222
49,kcat_25,5.8941434933750365
0,kcat_26,5.004954516794222
1,kcat_26,4.985338934428667
2,kcat_26,5.01420113936732
3,kcat_26,5.031198008373259
4,kcat_26,5.031242494476972
5,kcat_26,5.00351956660469
6,kcat_26,5.024182540248317
7,kcat_26,5.019152005889108
8,kcat_26,4.986459565102841
9,kcat_26,4.990019217423925
10,kcat_26,4.99500497559961
11,kcat_26,4.996363371996403
12,kcat_26,5.006594144372199
13,kcat_26,4.998453317662937
14,kcat_26,4.990196335870908
15,kcat_26,4.973369541669948
16,kcat_26,4.9708324063191185
17,kcat_26,4.9761594228994825
18,kcat_26,4.968873746102033
19,kcat_26,4.9683424942736885
20,kcat_26,4.969493932706329
21,kcat_26,4.968516090106925
22,kcat_26,4.965005742953996
23,kcat_26,4.966592828106935
24,kcat_26,4.967206842306845
25,kcat_26,4.962310332192921
26,kcat_26,4.94739770905454
27,kcat_26,4.952541765994641
28,kcat_26,4.950806362758795
29,kcat_26,4.964000065516785
30,kcat_26,4.967627136584635
31,kcat_26,4.971778962585976
32,kcat_26,4.959919821614322
33,kcat_26,4.962567174695866
34,kcat_26,4.959820765350876
35,kcat_26,4.957277145244857
36,kcat_26,4.960031150943931
37,kcat_26,4.963056053668278
38,kcat_26,4.960055692348623
39,kcat_26,4.956473863314803
40,kcat_26,4.9551578007942565
41,kcat_26,4.951421590762544
42,kcat_26,4.95240789292199
43,kcat_26,4.945923949660779
44,kcat_26,4.946583234479557
45,kcat_26,4.9493437593109855
46,kcat_26,4.960073370538522
47,kcat_26,4.956786501436204
48,kcat_26,4.95781097481302
49,kcat_26,4.952194662582983
0,kcat_27,5.735319008452341
1,kcat_27,5.735228369053202
2,kcat_27,5.778296052491045
3,kcat_27,5.736388709337302
4,kcat_27,5.706646302810958
5,kcat_27,5.6608676763004135
6,kcat_27,5.666609278615711
7,kcat_27,5.617333166636576
8,kcat_27,5.584911059470905
9,kcat_27,5.581702216375413
10,kcat_27,5.561889231465781
11,kcat_27,5.552110284334956
12,kcat_27,5.5465627837380636
13,kcat_27,5.5379332487593445
14,kcat_27,5.53256940753383
15,kcat_27,5.516346673536971
16,kcat_27,5.516185632460771
17,kcat_27,5.519055486966395
18,kcat_27,5.5109319265169825
19,kcat_27,5.511167686014462
20,kcat_27,5.505505548807432
21,kcat_27,5.49171282404017
22,kcat_27,5.492689927514661
23,kcat_27,5.4891469224654585
24,kcat_27,5.497754278406774
25,kcat_27,5.492811163782596
26,kcat_27,5.496770254978096
27,kcat_27,5.500566094351716
28,kcat_27,5.502687673244295
29,kcat_27,5.502810404306933
30,kcat_27,5.500573346611727
31,kcat_27,5.50332630862205
32,kcat_27,5.502580784675522
33,kcat_27,5.495627585366817
34,kcat_27,5.489698808833342
35,kcat_27,5.483130901734162
36,kcat_27,5.477835381147425
37,kcat_27,5.477043149052037
38,kcat_27,5.4739119099437605
39,kcat_27,5.4679206336866075
40,kcat_27,5.4719244492096
41,kcat_27,5.4714534228541
42,kcat_27,5.466864667483174
43,kcat_27,5.464508283032672
44,kcat_27,5.472740597132437
45,kcat_27,5.457740403524128
46,kcat_27,5.458010517889426
47,kcat_27,5.46384469781954
48,kcat_27,5.45911585274277
49,kcat_27,5.458783077095125
0,kcat_28,5.862935960540068
1,kcat_28,5.860773118936208
2,kcat_28,5.8913107081433465
3,kcat_28,5.8401418669894865
4,kcat_28,5.8231301937218625
5,kcat_28,5.804022440162541
6,kcat_28,5.799341085356452
7,kcat_28,5.765164302890952
8,kcat_28,5.723500330635144
9,kcat_28,5.730197816782715
10,kcat_28,5.720242092472488
11,kcat_28,5.7241760819157275
12,kcat_28,5.72736287504776
13,kcat_28,5.740328386004138
14,kcat_28,5.730766524730686
15,kcat_28,5.732343447780115
16,kcat_28,5.740709621162235
17,kcat_28,5.7497038903417295
18,kcat_28,5.745099626653955
19,kcat_28,5.74217286863041
20,kcat_28,5.73807960237594
21,kcat_28,5.734911209766091
22,kcat_28,5.731793813336309
23,kcat_28,5.730938251898851
24,kcat_28,5.727254436108495
25,kcat_28,5.721489476241266
26,kcat_28,5.72523246272164
27,kcat_28,5.712111906307916
28,kcat_28,5.712166350343349
29,kcat_28,5.711032105410292
30,kcat_28,5.709038754450173
31,kcat_28,5.708683194923294
32,kcat_28,5.712337377487536
33,kcat_28,5.706591557935915
34,kcat_28,5.710348561156643
35,kcat_28,5.703520035716104
36,kcat_28,5.695249925062572
37,kcat_28,5.692121690705858
38,kcat_28,5.686564366675326
39,kcat_28,5.673993385574155
40,kcat_28,5.678688337935566
41,kcat_28,5.678099801234977
42,kcat_28,5.665423107214865
43,kcat_28,5.672218667076222
44,kcat_28,5.67608322647171
45,kcat_28,5.6761440241399415
46,kcat_28,5.677024796892775
47,kcat_28,5.679971017544425
48,kcat_28,5.684553668072017
49,kcat_28,5.683277872732404
0,kcat_29,4.724773207774386
1,kcat_29,4.7212670849352545
2,kcat_29,4.719960712508562
3,kcat_29,4.728856609541161
4,kcat_29,4.726731419678215
5,kcat_29,4.7130644649005315
6,kcat_29,4.713467661275204
7,kcat_29,4.693640625889224
8,kcat_29,4.6818986233208335
9,kcat_29,4.6825231491050445
10,kcat_29,4.671290696424848
11,kcat_29,4.6758342732785545
12,kcat_29,4.678375623790086
13,kcat_29,4.684059685086075
14,kcat_29,4.69716608462395
15,kcat_29,4.7088298781340345
16,kcat_29,4.717554291242743
17,kcat_29,4.716153657814163
18,kcat_29,4.721680380126598
19,kcat_29,4.721977039531211
20,kcat_29,4.71330143204145
21,kcat_29,4.711244505929536
22,kcat_29,4.723667519028728
23,kcat_29,4.729017433123259
24,kcat_29,4.739551893044177
25,kcat_29,4.738662597888
26,kcat_29,4.760205873878325
27,kcat_29,4.762968899848353
28,kcat_29,4.766485158580449
29,kcat_29,4.759198495215024
30,kcat_29,4.755028924941734
31,kcat_29,4.758762994159241
32,kcat_29,4.758313318577881
33,kcat_29,4.7585911522646125
34,kcat_29,4.755023400342507
35,kcat_29,4.757188343884481
36,kcat_29,4.751816771303597
37,kcat_29,4.753145062589593
38,kcat_29,4.755935659928993
39,kcat_29,4.755409833448556
40,kcat_29,4.760076155548647
41,kcat_29,4.760882581966016
42,kcat_29,4.763937410865123
43,kcat_29,4.76158445901217
44,kcat_29,4.764130027259525
45,kcat_29,4.762444449938438
46,kcat_29,4.752012018012317
47,kcat_29,4.7458837539708245
48,kcat_29,4.746470078232042
49,kcat_29,4.739919368908822
0,kcat_30,4.261575674801618
1,kcat_30,4.253925478661722
2,kcat_30,4.219727661289575
3,kcat_30,4.181730726038914
4,kcat_30,4.198797137369268
5,kcat_30,4.181696115821886
6,kcat_30,4.1710472188381456
7,kcat_30,4.185154766930415
8,kcat_30,4.182806095471778
9,kcat_30,4.175834829752412
10,kcat_30,4.182299199749577
11,kcat_30,4.176626721043643
12,kcat_30,4.175849456172584
13,kcat_30,4.177344969345394
14,kcat_30,4.1720485622385315
15,kcat_30,4.162841310092902
16,kcat_30,4.167413998513524
17,kcat_30,4.178223557215549
18,kcat_30,4.167828557981767
19,kcat_30,4.16834096275283
20,kcat_30,4.163285669590771
21,kcat_30,4.173073325235501
22,kcat_30,4.168534808919836
23,kcat_30,4.170214017055957
24,kcat_30,4.167736550285062
25,kcat_30,4.178258739207084
26,kcat_30,4.183630488688863
27,kcat_30,4.183614147788109
28,kcat_30,4.184144455706218
29,kcat_30,4.182265534867887
30,kcat_30,4.1925446626227485
31,kcat_30,4.192769375448378
32,kcat_30,4.198215676221649
33,kcat_30,4.198401950816262
34,kcat_30,4.198806899800249
35,kcat_30,4.200114532950695
36,kcat_30,4.194127174855325
37,kcat_30,4.192827709035967
38,kcat_30,4.193955955192652
39,kcat_30,4.192309719284397
40,kcat_30,4.190171560840517
41,kcat_30,4.188429916333077
42,kcat_30,4.179774377655582
43,kcat_30,4.171553064269504
44,kcat_30,4.176076788501882
45,kcat_30,4.18333310733398
46,kcat_30,4.195596064561298
47,kcat_30,4.1978366086141365
48,kcat_30,4.192931842831579
49,kcat_30,4.188628362395757
0,kcat_31,4.382684307401952
1,kcat_31,4.393093926259884
2,kcat_31,4.424134176321863
3,kcat_31,4.419700932812263
4,kcat_31,4.425585071743597
5,kcat_31,4.396284728323821
6,kcat_31,4.381874182684067
7,kcat_31,4.392044649957409
8,kcat_31,4.392596586265816
9,kcat_31,4.395275792643467
10,kcat_31,4.387387621820764
11,kcat_31,4.388561358108919
12,kcat_31,4.374683500836144
13,kcat_31,4.370232735542736
14,kcat_31,4.370463445698587
15,kcat_31,4.377284309799055
16,kcat_31,4.380940723909174
17,kcat_31,4.369482353570377
18,kcat_31,4.373459623340506
19,kcat_31,4.365779247799133
20,kcat_31,4.3524843518847876
21,kcat_31,4.351807202861918
22,kcat_31,4.362262194150702
23,kcat_31,4.361423447849275
24,kcat_31,4.364816349243461
25,kcat_31,4.368955539051868
26,kcat_31,4.362460751179522
27,kcat_31,4.362485188790644
28,kcat_31,4.3660354001402455
29,kcat_31,4.359966431273634
30,kcat_31,4.363077698219802
31,kcat_31,4.362658098531478
32,kcat_31,4.359730905727366
33,kcat_31,4.362163894554239
34,kcat_31,4.356514096583753
35,kcat_31,4.351924040291842
36,kcat_31,4.357520858292453
37,kcat_31,4.359955189886967
38,kcat_31,4.362650863108239
39,kcat_31,4.357459438000523
40,kcat_31,4.367948342959887
41,kcat_31,4.368259704424659
42,kcat_31,4.375348191161567
43,kcat_31,4.385261987517073
44,kcat_31,4.382679504966899
45,kcat_31,4.385520231324356
46,kcat_31,4.393722295426463
47,kcat_31,4.394674394654092
48,kcat_31,4.401267813977962
49,kcat_31,4.396583494474837
0,kcat_32,3.064091482950802
1,kcat_32,3.0646015519089236
2,kcat_32,3.0729891831438105
3,kcat_32,3.0650736422957165
4,kcat_32,3.0575882732382578
5,kcat_32,3.0761527211572357
6,kcat_32,3.070380534750899
7,kcat_32,3.114848049586158
8,kcat_32,3.1647358872659583
9,kcat_32,3.1642604640537018
10,kcat_32,3.1662871925669345
11,kcat_32,3.1649536489176544
12,kcat_32,3.170171482144596
13,kcat_32,3.1879582763281498
14,kcat_32,3.1951645875492867
15,kcat_32,3.2091606569726565
16,kcat_32,3.2070796088909335
17,kcat_32,3.19753204800126
18,kcat_32,3.1977995586416283
19,kcat_32,3.1988724107734114
20,kcat_32,3.195814860409405
21,kcat_32,3.19173466562606
22,kcat_32,3.186734796593944
23,kcat_32,3.183931287771437
24,kcat_32,3.1841449046199126
25,kcat_32,3.182616974537379
26,kcat_32,3.1733142801716645
27,kcat_32,3.1791684262018642
28,kcat_32,3.1792740556757972
29,kcat_32,3.1746973237562006
30,kcat_32,3.170308654796073
31,kcat_32,3.1669508641261
32,kcat_32,3.1678657742699823
33,kcat_32,3.163634075552542
34,kcat_32,3.1648343461740254
35,kcat_32,3.16455469004341
36,kcat_32,3.1625611161553326
37,kcat_32,3.160617733716695
38,kcat_32,3.161225249751342
39,kcat_32,3.1636355870359463
40,kcat_32,3.1595229028472733
41,kcat_32,3.158600653403368
42,kcat_32,3.159725281716857
43,kcat_32,3.1642456540438375
44,kcat_32,3.1630393181826846
45,kcat_32,3.164526531157421
46,kcat_32,3.1691817258815393
47,kcat_32,3.1758554192085953
48,kcat_32,3.1702958280073226
49,kcat_32,3.1706024841450615
0,kcat_33,4.831825527690221
1,kcat_33,4.804287704926277
2,kcat_33,4.805653253667678
3,kcat_33,4.799984970690009
4,kcat_33,4.7943710561577735
5,kcat_33,4.770101817986974
6,kcat_33,4.771295113944675
7,kcat_33,4.7460459996301605
8,kcat_33,4.7379578635334925
9,kcat_33,4.745643653062744
10,kcat_33,4.74777714140777
11,kcat_33,4.751805757262703
12,kcat_33,4.733899464918797
13,kcat_33,4.731815832150373
14,kcat_33,4.729852753974987
15,kcat_33,4.738101479539968
16,kcat_33,4.733982896104376
17,kcat_33,4.738829914318096
18,kcat_33,4.736969294571103
19,kcat_33,4.731501917621994
20,kcat_33,4.737140330906377
21,kcat_33,4.738548073532789
22,kcat_33,4.747944822166128
23,kcat_33,4.748739798893546
24,kcat_33,4.755291821457971
25,kcat_33,4.756069075365493
26,kcat_33,4.7576452469314
27,kcat_33,4.748713940050226
28,kcat_33,4.751615470528284
29,kcat_33,4.75175579691853
30,kcat_33,4.7510215495932435
31,kcat_33,4.756410198711802
32,kcat_33,4.752124051731961
33,kcat_33,4.752499271681543
34,kcat_33,4.7478768099052875
35,kcat_33,4.744188070732386
36,kcat_33,4.747694395059203
37,kcat_33,4.747515580236815
38,kcat_33,4.747271755749589
39,kcat_33,4.744153307819861
40,kcat_33,4.743457118658714
41,kcat_33,4.742346724947606
42,kcat_33,4.744007375933375
43,kcat_33,4.746234901384959
44,kcat_33,4.751881095832838
45,kcat_33,4.747607271802043
46,kcat_33,4.747773333150128
47,kcat_33,4.7483911285963085
48,kcat_33,4.7567873326803385
49,kcat_33,4.758320417710185
0,kcat_34,4.793896587587141
1,kcat_34,4.801682109685996
2,kcat_34,4.7995303067889745
3,kcat_34,4.8254635881929495
4,kcat_34,4.826403927366228
5,kcat_34,4.8212405642132685
6,kcat_34,4.833992527903769
7,kcat_34,4.822606684815476
8,kcat_34,4.819159574467824
9,kcat_34,4.816055541264072
10,kcat_34,4.823673090685457
11,kcat_34,4.819107125214169
12,kcat_34,4.82256463677693
13,kcat_34,4.817156729000794
14,kcat_34,4.811898456945368
15,kcat_34,4.811502594680407
16,kcat_34,4.81187764799606
17,kcat_34,4.812129433460557
18,kcat_34,4.8022332618296035
19,kcat_34,4.798137782105219
20,kcat_34,4.792940516432304
21,kcat_34,4.792572752214384
22,kcat_34,4.795880850439256
23,kcat_34,4.801915459603422
24,kcat_34,4.804420140876913
25,kcat_34,4.803541179625504
26,kcat_34,4.800942105376583
27,kcat_34,4.805258175345865
28,kcat_34,4.802886285151776
29,kcat_34,4.78825071415722
30,kcat_34,4.789027776471048
31,kcat_34,4.786307246155877
32,kcat_34,4.783525121764945
33,kcat_34,4.780430166777519
34,kcat_34,4.778315293123566
35,kcat_34,4.769641172246516
36,kcat_34,4.774300299019887
37,kcat_34,4.77905710777929
38,kcat_34,4.7822909832203955
39,kcat_34,4.7867320433516225
40,kcat_34,4.785418621832253
41,kcat_34,4.778436728446561
42,kcat_34,4.778205876749702
43,kcat_34,4.7785493709516444
44,kcat_34,4.771409034456472
45,kcat_34,4.772881582533453
46,kcat_34,4.774366204956848
47,kcat_34,4.77590227589651
48,kcat_34,4.774820287928732
49,kcat_34,4.772835013777543
0,kcat_35,4.767471181695421
1,kcat_35,4.767796810663079
2,kcat_35,4.757621562470725
3,kcat_35,4.74623236616828
4,kcat_35,4.744260965567494
5,kcat_35,4.728155596754241
6,kcat_35,4.72291959676108
7,kcat_35,4.7321286800575395
8,kcat_35,4.730781016505077
9,kcat_35,4.72836461683504
10,kcat_35,4.724133220969426
11,kcat_35,4.717847716629316
12,kcat_35,4.714068691351862
13,kcat_35,4.713242596291956
14,kcat_35,4.693816023547229
15,kcat_35,4.6703387207881715
16,kcat_35,4.673218265125481
17,kcat_35,4.674658602684922
18,kcat_35,4.665305223800333
19,kcat_35,4.658305827164092
20,kcat_35,4.663926607405817
21,kcat_35,4.664593546580093
22,kcat_35,4.660522737362843
23,kcat_35,4.656677833878478
24,kcat_35,4.651712107290122
25,kcat_35,4.652863143263978
26,kcat_35,4.6593303299996265
27,kcat_35,4.657440376726253
28,kcat_35,4.658701369939364
29,kcat_35,4.654741041842717
30,kcat_35,4.666147428133644
31,kcat_35,4.6668976814563825
32,kcat_35,4.67006956028412
33,kcat_35,4.670452739918059
34,kcat_35,4.676991014934648
35,kcat_35,4.679506872628049
36,kcat_35,4.672017884775213
37,kcat_35,4.664415951052467
38,kcat_35,4.671796145165442
39,kcat_35,4.668484440213632
40,kcat_35,4.6745035482763875
41,kcat_35,4.678717800414671
42,kcat_35,4.6707009715077
43,kcat_35,4.676381849498578
44,kcat_35,4.677088601119474
45,kcat_35,4.677778333895844
46,kcat_35,4.676890526134145
47,kcat_35,4.680082949250321
48,kcat_35,4.680820690737383
49,kcat_35,4.677399660356219
0,kcat_36,4.457462946452355
1,kcat_36,4.465945281385914
2,kcat_36,4.4618579195394386
3,kcat_36,4.462294210565205
4,kcat_36,4.443352553939738
5,kcat_36,4.445937450428144
6,kcat_36,4.453693526395243
7,kcat_36,4.448132026713237
8,kcat_36,4.429807082487947
9,kcat_36,4.429403398621609
10,kcat_36,4.418258883199349
11,kcat_36,4.411937881427376
12,kcat_36,4.412506334233436
13,kcat_36,4.402101761641464
14,kcat_36,4.4070852948429735
15,kcat_36,4.3962693332959395
16,kcat_36,4.401711024404055
17,kcat_36,4.394936364017642
18,kcat_36,4.388482531482764
19,kcat_36,4.385944970926152
20,kcat_36,4.385073515896644
21,kcat_36,4.378541969592591
22,kcat_36,4.381405398505408
23,kcat_36,4.377803914264977
24,kcat_36,4.377934560495284
25,kcat_36,4.383864143979907
26,kcat_36,4.38526028303618
27,kcat_36,4.379801211352506
28,kcat_36,4.376131262829056
29,kcat_36,4.374703175086606
30,kcat_36,4.3812653832608035
31,kcat_36,4.377854900004265
32,kcat_36,4.379303495612232
33,kcat_36,4.379638497373351
34,kcat_36,4.375358454757171
35,kcat_36,4.379313655919028
36,kcat_36,4.3788448095965355
37,kcat_36,4.377712340855097
38,kcat_36,4.3783969683362525
39,kcat_36,4.381537489905941
40,kcat_36,4.388342626345341
41,kcat_36,4.385966259429541
42,kcat_36,4.384584297954041
43,kcat_36,4.379631218853091
44,kcat_36,4.375833352007436
45,kcat_36,4.384241314963205
46,kcat_36,4.379613023782707
47,kcat_36,4.383445487500136
48,kcat_36,4.385618837717632
49,kcat_36,4.388345466840514
0,kcat_37,4.642142800142614
1,kcat_37,4.644900719345413
2,kcat_37,4.649587273691041
3,kcat_37,4.656488153130831
4,kcat_37,4.651722362100301
5,kcat_37,4.642069000730482
6,kcat_37,4.657652858143577
7,kcat_37,4.667216250600645
8,kcat_37,4.6670898443452895
9,kcat_37,4.660342107386334
10,kcat_37,4.664126456594973
11,kcat_37,4.6645492333584055
12,kcat_37,4.6607664031262575
13,kcat_37,4.658416543201092
14,kcat_37,4.662212751728541
15,kcat_37,4.659775491677902
16,kcat_37,4.65810089461064
17,kcat_37,4.664307052901662
18,kcat_37,4.65900830483324
19,kcat_37,4.659195950349612
20,kcat_37,4.658701449703906
21,kcat_37,4.656761215954061
22,kcat_37,4.667346116873005
23,kcat_37,4.668080155325167
24,kcat_37,4.6665993357275815
25,kcat_37,4.672409891185129
26,kcat_37,4.6651244531539975
27,kcat_37,4.660804799604989
28,kcat_37,4.66158195373034
29,kcat_37,4.655162432013974
30,kcat_37,4.644906835676122
31,kcat_37,4.6488595797685495
32,kcat_37,4.651173493353704
33,kcat_37,4.650794085949791
34,kcat_37,4.6618854538713865
35,kcat_37,4.664041470577496
36,kcat_37,4.655123039478236
37,kcat_37,4.6556234304095785
38,kcat_37,4.651017400242924
39,kcat_37,4.653563513585837
40,kcat_37,4.647619319292516
41,kcat_37,4.647064390592371
42,kcat_37,4.651350678105766
43,kcat_37,4.659150430464672
44,kcat_37,4.653819130033637
45,kcat_37,4.653125207764463
46,kcat_37,4.656248107950582
47,kcat_37,4.65629147544257
48,kcat_37,4.654980792524958
49,kcat_37,4.654832090238251
0,kcat_38,4.585720380007265
1,kcat_38,4.579158963480593
2,kcat_38,4.575403311500031
3,kcat_38,4.565697874841684
4,kcat_38,4.572091811482595
5,kcat_38,4.586510604007314
6,kcat_38,4.575785526547094
7,kcat_38,4.571059872506115
8,kcat_38,4.550854004676123
9,kcat_38,4.548382009969262
10,kcat_38,4.540147452707749
11,kcat_38,4.544611664269967
12,kcat_38,4.544199523577803
13,kcat_38,4.548142333026071
14,kcat_38,4.553954819628147
15,kcat_38,4.555440285142574
16,kcat_38,4.544513318064405
17,kcat_38,4.537565222142838
18,kcat_38,4.538585183545111
19,kcat_38,4.533443493085933
20,kcat_38,4.537320795739483
21,kcat_38,4.536444121634827
22,kcat_38,4.538552690109789
23,kcat_38,4.538756127252317
24,kcat_38,4.536323051356609
25,kcat_38,4.543722743656552
26,kcat_38,4.566909479787992
27,kcat_38,4.571561064895606
28,kcat_38,4.576167133914786
29,kcat_38,4.576181427319011
30,kcat_38,4.585961533970094
31,kcat_38,4.580513784057774
32,kcat_38,4.581250533237067
33,kcat_38,4.575983808273494
34,kcat_38,4.573562427252716
35,kcat_38,4.562056197510629
36,kcat_38,4.564340152087297
37,kcat_38,4.571267235823664
38,kcat_38,4.570563938963374
39,kcat_38,4.580729044664065
40,kcat_38,4.583170930602708
41,kcat_38,4.581103324180488
42,kcat_38,4.583978793331981
43,kcat_38,4.590348498493776
44,kcat_38,4.590746327009588
45,kcat_38,4.585629538564942
46,kcat_38,4.574890359560119
47,kcat_38,4.567183133507273
48,kcat_38,4.571281900280427
49,kcat_38,4.573565128636668
0,kcat_39,4.2351408564697435
1,kcat_39,4.2277027578927875
2,kcat_39,4.232286424248488
3,kcat_39,4.2244267251663645
4,kcat_39,4.19906251569955
5,kcat_39,4.20938295302779
6,kcat_39,4.195740684515372
7,kcat_39,4.210492635074628
8,kcat_39,4.2209711855410985
9,kcat_39,4.210389870791452
10,kcat_39,4.18866856921857
11,kcat_39,4.17789600758629
12,kcat_39,4.17482470255764
13,kcat_39,4.188252847877663
14,kcat_39,4.1913926953512295
15,kcat_39,4.215024110305745
16,kcat_39,4.210730908278913
17,kcat_39,4.213709338901136
18,kcat_39,4.207252227400304
19,kcat_39,4.21065006020099
20,kcat_39,4.219659023542307
21,kcat_39,4.2246928135048725
22,kcat_39,4.218462839454837
23,kcat_39,4.215091728527792
24,kcat_39,4.205996774745501
25,kcat_39,4.20193701407482
26,kcat_39,4.203354814365663
27,kcat_39,4.2001172933828395
28,kcat_39,4.207122030075287
29,kcat_39,4.225647665288302
30,kcat_39,4.218377792396241
31,kcat_39,4.222790512150263
32,kcat_39,4.224045008316053
33,kcat_39,4.225789388094514
34,kcat_39,4.2282208026681305
35,kcat_39,4.219975113568198
36,kcat_39,4.229333900198819
37,kcat_39,4.230162905088482
38,kcat_39,4.2314934953799765
39,kcat_39,4.2308017765493195
40,kcat_39,4.238052037795357
41,kcat_39,4.235000012027898
42,kcat_39,4.2326443204964335
43,kcat_39,4.230024204949745
44,kcat_39,4.233198238955166
45,kcat_39,4.233179987420956
46,kcat_39,4.225729712331064
47,kcat_39,4.225342011172537
48,kcat_39,4.228195664123085
49,kcat_39,4.229171698951548
0,kcat_40,3.7918166013049097
1,kcat_40,3.7834125770200213
2,kcat_40,3.774261334726625
3,kcat_40,3.805722185639243
4,kcat_40,3.789589509322456
5,kcat_40,3.807144959335355
6,kcat_40,3.8186448648492184
7,kcat_40,3.820482158490452
8,kcat_40,3.859173080403464
9,kcat_40,3.868207650341009
10,kcat_40,3.8677066354686565
11,kcat_40,3.8761304619413752
12,kcat_40,3.879570044885664
13,kcat_40,3.8855813653409443
14,kcat_40,3.889704559239827
15,kcat_40,3.903599838549252
16,kcat_40,3.913449241283406
17,kcat_40,3.910426962526159
18,kcat_40,3.9076121450453365
19,kcat_40,3.916644461016616
20,kcat_40,3.9192783523365398
21,kcat_40,3.9353622814576124
22,kcat_40,3.924962067060621
23,kcat_40,3.9267611799489646
24,kcat_40,3.931578175083956
25,kcat_40,3.932434904266935
26,kcat_40,3.938758440643247
27,kcat_40,3.9367809270636682
28,kcat_40,3.9377850829898113
29,kcat_40,3.934078434414639
30,kcat_40,3.931618252074285
31,kcat_40,3.9315009413032085
32,kcat_40,3.9535993741882165
33,kcat_40,3.952416274068719
34,kcat_40,3.9403243536372847
35,kcat_40,3.9348749654143234
36,kcat_40,3.9320010256685456
37,kcat_40,3.930230828453609
38,kcat_40,3.931956288505996
39,kcat_40,3.9227198437255897
40,kcat_40,3.921255998327974
41,kcat_40,3.918245847108939
42,kcat_40,3.9191456322058458
43,kcat_40,3.9231249078612387
44,kcat_40,3.925045782517102
45,kcat_40,3.934233747138469
46,kcat_40,3.933014196021736
47,kcat_40,3.930884849142155
48,kcat_40,3.9397193513868767
49,kcat_40,3.9418244479413627
0,kcat_41,3.792797962925203
1,kcat_41,3.793648475887517
2,kcat_41,3.788837098426838
3,kcat_41,3.8117975353909004
4,kcat_41,3.8032445664575363
5,kcat_41,3.793295939996587
6,kcat_41,3.784606287972379
7,kcat_41,3.79332823918605
8,kcat_41,3.8386822116789614
9,kcat_41,3.8391697645755327
10,kcat_41,3.838749910748226
11,kcat_41,3.8287931364021923
12,kcat_41,3.816783471900504
13,kcat_41,3.816822445743686
14,kcat_41,3.805804802810864
15,kcat_41,3.8159738420761657
16,kcat_41,3.8075595305647996
17,kcat_41,3.801193117260402
18,kcat_41,3.7940053535671323
19,kcat_41,3.7927762311441717
20,kcat_41,3.8051459067788733
21,kcat_41,3.803283995003538
22,kcat_41,3.803210067473651
23,kcat_41,3.8019762711502154
24,kcat_41,3.8060086725707407
25,kcat_41,3.807954915416739
26,kcat_41,3.80978026607553
27,kcat_41,3.812931701442108
28,kcat_41,3.80827117907589
29,kcat_41,3.801371045548062
30,kcat_41,3.7988056858757937
31,kcat_41,3.799870128589642
32,kcat_41,3.7939444950167664
33,kcat_41,3.797233387722849
34,kcat_41,3.799628779007285
35,kcat_41,3.799962631982545
36,kcat_41,3.8130566289255703
37,kcat_41,3.809609181317308
38,kcat_41,3.8174223152779017
39,kcat_41,3.814307540041222
40,kcat_41,3.8306498149261987
41,kcat_41,3.828551945459718
42,kcat_41,3.8393867804763167
43,kcat_41,3.83605589724426
44,kcat_41,3.840377507206587
45,kcat_41,3.8428340037454713
46,kcat_41,3.85126996889104
47,kcat_41,3.8474580196737795
48,kcat_41,3.852901451013567
49,kcat_41,3.8511545137835865
0,kcat_42,4.310379630113898
1,kcat_42,4.300508724448551
2,kcat_42,4.306644129635346
3,kcat_42,4.295216227644198
4,kcat_42,4.305879529061088
5,kcat_42,4.321112490247624
6,kcat_42,4.317381969002923
7,kcat_42,4.30425564678424
8,kcat_42,4.302906743383912
9,kcat_42,4.3011780571847815
10,kcat_42,4.287839600208786
11,kcat_42,4.290447209345439
12,kcat_42,4.284027415627234
13,kcat_42,4.291959225828791
14,kcat_42,4.2903288530866295
15,kcat_42,4.3155735629727
16,kcat_42,4.311277219780291
17,kcat_42,4.3123640482951675
18,kcat_42,4.312513666960568
19,kcat_42,4.302351254162713
20,kcat_42,4.310569324943083
21,kcat_42,4.312357067013524
22,kcat_42,4.328789599790032
23,kcat_42,4.328277755520465
24,kcat_42,4.324172361398897
25,kcat_42,4.317255209628479
26,kcat_42,4.319262815619812
27,kcat_42,4.326943490705505
28,kcat_42,4.328712709627484
29,kcat_42,4.318942944350631
30,kcat_42,4.325122935387292
31,kcat_42,4.316804292162874
32,kcat_42,4.307706357125335
33,kcat_42,4.309365952563324
34,kcat_42,4.306547401732821
35,kcat_42,4.301044335893421
36,kcat_42,4.301376266274346
37,kcat_42,4.2981497751071895
38,kcat_42,4.305462137513301
39,kcat_42,4.302345457565589
40,kcat_42,4.300845601167676
41,kcat_42,4.299584226981452
42,kcat_42,4.302770930459934
43,kcat_42,4.297888206374189
44,kcat_42,4.30437756894537
45,kcat_42,4.306329058310607
46,kcat_42,4.306212957737457
47,kcat_42,4.299675921530777
48,kcat_42,4.290816079166835
49,kcat_42,4.291451460953133
0,kcat_43,4.920561820395208
1,kcat_43,4.940883938645614
2,kcat_43,4.91984360423814
3,kcat_43,4.952982302375162
4,kcat_43,4.960248331483685
5,kcat_43,4.944559149928985
6,kcat_43,4.9576310661528575
7,kcat_43,4.940172607119271
8,kcat_43,4.9409849978111975
9,kcat_43,4.924653880095855
10,kcat_43,4.929572600515923
11,kcat_43,4.933796041723886
12,kcat_43,4.94009524833127
13,kcat_43,4.934902904625134
14,kcat_43,4.948344876362967
15,kcat_43,4.947334008754142
16,kcat_43,4.952298861631764
17,kcat_43,4.956578847926512
18,kcat_43,4.9629853643901045
19,kcat_43,4.951779079711171
20,kcat_43,4.948056300845017
21,kcat_43,4.953407642753298
22,kcat_43,4.951671412182847
23,kcat_43,4.9558454215898005
24,kcat_43,4.948418693444279
25,kcat_43,4.952387444389609
26,kcat_43,4.955737613017815
27,kcat_43,4.960336544113189
28,kcat_43,4.961162126273657
29,kcat_43,4.9637368107904924
30,kcat_43,4.958382569737142
31,kcat_43,4.959079047989415
32,kcat_43,4.956520193702814
33,kcat_43,4.9584394135305745
34,kcat_43,4.969214578381167
35,kcat_43,4.975311425817946
36,kcat_43,4.970260531168868
37,kcat_43,4.975320587226294
38,kcat_43,4.97826308861748
39,kcat_43,4.9829837834614095
40,kcat_43,4.98140693777195
41,kcat_43,4.980486305198559
42,kcat_43,4.984071370003262
43,kcat_43,4.978764901691105
44,kcat_43,4.973682240392097
45,kcat_43,4.972331205262251
46,kcat_43,4.978086684928235
47,kcat_43,4.978685811180817
48,kcat_43,4.978812447641706
49,kcat_43,4.981425968387789
0,kcat_44,4.767005693395023
1,kcat_44,4.786818794015945
2,kcat_44,4.77880875122821
3,kcat_44,4.743932025348612
4,kcat_44,4.748950842796548
5,kcat_44,4.738397817275934
6,kcat_44,4.734971119649206
7,kcat_44,4.724748597702074
8,kcat_44,4.732847123729412
9,kcat_44,4.742775081400668
10,kcat_44,4.735880775925052
11,kcat_44,4.733663126301304
12,kcat_44,4.741802821098011
13,kcat_44,4.7481181745792895
14,kcat_44,4.758952536561805
15,kcat_44,4.727995935496921
16,kcat_44,4.732212733817302
17,kcat_44,4.736897500004989
18,kcat_44,4.728884625165143
19,kcat_44,4.731110342340805
20,kcat_44,4.7182511523743
21,kcat_44,4.718143876431986
22,kcat_44,4.7080462719152285
23,kcat_44,4.705068223301928
24,kcat_44,4.702406056618707
25,kcat_44,4.697199159216835
26,kcat_44,4.6966856047147765
27,kcat_44,4.694447817595375
28,kcat_44,4.700369660891
29,kcat_44,4.699224933741498
30,kcat_44,4.685926563160039
31,kcat_44,4.685616823913585
32,kcat_44,4.687305306690364
33,kcat_44,4.69371550903866
34,kcat_44,4.69172728537094
35,kcat_44,4.685239274976175
36,kcat_44,4.68218474656966
37,kcat_44,4.683861399565412
38,kcat_44,4.679686270850825
39,kcat_44,4.676697417918183
40,kcat_44,4.672680039608257
41,kcat_44,4.672948438647536
42,kcat_44,4.668470059519428
43,kcat_44,4.6634014855575545
44,kcat_44,4.664433412835035
45,kcat_44,4.669039962724381
46,kcat_44,4.674387440690694
47,kcat_44,4.673479433015711
48,kcat_44,4.671469708773273
49,kcat_44,4.66699910344367
0,kcat_45,4.71094097393307
1,kcat_45,4.707579893118546
2,kcat_45,4.730194793087533
3,kcat_45,4.742191394398765
4,kcat_45,4.707285611282492
5,kcat_45,4.697810434769298
6,kcat_45,4.6964316130392065
7,kcat_45,4.700666537979285
8,kcat_45,4.694864117850815
9,kcat_45,4.693481249471943
10,kcat_45,4.6970837752552175
11,kcat_45,4.70432743312091
12,kcat_45,4.704493935223317
13,kcat_45,4.698180570435611
14,kcat_45,4.70295655428259
15,kcat_45,4.72372265385473
16,kcat_45,4.724572685178531
17,kcat_45,4.731286998925109
18,kcat_45,4.737288868802216
19,kcat_45,4.743502450396598
20,kcat_45,4.746058788643903
21,kcat_45,4.748669296246631
22,kcat_45,4.742564065126521
23,kcat_45,4.7384040515841175
24,kcat_45,4.742325777095343
25,kcat_45,4.74480074820238
26,kcat_45,4.7406493166766825
27,kcat_45,4.743034825807406
28,kcat_45,4.738626788887318
29,kcat_45,4.746159435800609
30,kcat_45,4.745709762188097
31,kcat_45,4.747140919068035
32,kcat_45,4.75654044956455
33,kcat_45,4.751190751217291
34,kcat_45,4.750632595160492
35,kcat_45,4.74925220505919
36,kcat_45,4.75627674885857
37,kcat_45,4.758827293544499
38,kcat_45,4.765531207460731
39,kcat_45,4.762805548967874
40,kcat_45,4.768198164798694
41,kcat_45,4.76891630338807
42,kcat_45,4.768496548536759
43,kcat_45,4.775100355884041
44,kcat_45,4.781246918952328
45,kcat_45,4.781908748530506
46,kcat_45,4.780551238429729
47,kcat_45,4.786659478812363
48,kcat_45,4.794526526302189
49,kcat_45,4.787928524441455
0,kcat_46,4.38297424969847
1,kcat_46,4.381004890296779
2,kcat_46,4.4197929539066685
3,kcat_46,4.391002741674208
4,kcat_46,4.406539639307624
5,kcat_46,4.385916715745434
6,kcat_46,4.38787246675979
7,kcat_46,4.398984879500871
8,kcat_46,4.3853338302090785
9,kcat_46,4.382514569223283
10,kcat_46,4.378371908368211
11,kcat_46,4.373882772537777
12,kcat_46,4.380906537033699
13,kcat_46,4.386765923439343
14,kcat_46,4.385724129357619
15,kcat_46,4.382607758248667
16,kcat_46,4.392125425046175
17,kcat_46,4.390917517734525
18,kcat_46,4.396560862178692
19,kcat_46,4.397122647508186
20,kcat_46,4.379684767957514
21,kcat_46,4.385569284117434
22,kcat_46,4.380542596959532
23,kcat_46,4.377088309841397
24,kcat_46,4.382915242317711
25,kcat_46,4.382278470178824
26,kcat_46,4.359452298026201
27,kcat_46,4.363276194612879
28,kcat_46,4.365455564733961
29,kcat_46,4.359211585300283
30,kcat_46,4.372025735027444
31,kcat_46,4.385085811685403
32,kcat_46,4.379862965523541
33,kcat_46,4.376683350444242
34,kcat_46,4.3740555501963785
35,kcat_46,4.3696371697178975
36,kcat_46,4.35699108018781
37,kcat_46,4.358976244856734
38,kcat_46,4.35780115089266
39,kcat_46,4.36876425973111
40,kcat_46,4.3594375940617685
41,kcat_46,4.357809405262704
42,kcat_46,4.352567123002497
43,kcat_46,4.353417448707605
44,kcat_46,4.356406024088969
45,kcat_46,4.35754445306355
46,kcat_46,4.360671909042201
47,kcat_46,4.361655815980639
48,kcat_46,4.361699261029821
49,kcat_46,4.354745653987334
0,kcat_47,4.5116798918218635
1,kcat_47,4.515191020090005
2,kcat_47,4.496856392366593
3,kcat_47,4.517301145136587
4,kcat_47,4.50530830187484
5,kcat_47,4.51034860009102
6,kcat_47,4.501486410864806
7,kcat_47,4.486051332347454
8,kcat_47,4.495344724334424
9,kcat_47,4.491458887365472
10,kcat_47,4.490538198626946
11,kcat_47,4.4798982303403205
12,kcat_47,4.473472831539759
13,kcat_47,4.454000313818372
14,kcat_47,4.460280573222524
15,kcat_47,4.458398051161697
16,kcat_47,4.4581764336301895
17,kcat_47,4.446780647678409
18,kcat_47,4.435961083992351
19,kcat_47,4.436233689475158
20,kcat_47,4.4330347660086336
21,kcat_47,4.441588808415329
22,kcat_47,4.441387920532662
23,kcat_47,4.442513925823302
24,kcat_47,4.441756647572776
25,kcat_47,4.445174526502737
26,kcat_47,4.439625009682901
27,kcat_47,4.440653712485115
28,kcat_47,4.444142145249496
29,kcat_47,4.442289280190643
30,kcat_47,4.427805748533
31,kcat_47,4.421538316881107
32,kcat_47,4.4269694572482825
33,kcat_47,4.436172780651314
34,kcat_47,4.4367406831612355
35,kcat_47,4.436229366082937
36,kcat_47,4.434335921793082
37,kcat_47,4.430209801920357
38,kcat_47,4.424546063594054
39,kcat_47,4.423244926547577
40,kcat_47,4.432355029439773
41,kcat_47,4.434842539715617
42,kcat_47,4.4283309145352
43,kcat_47,4.434194470508614
44,kcat_47,4.431048292138567
45,kcat_47,4.424628731425784
46,kcat_47,4.440153079863575
47,kcat_47,4.441332675841716
48,kcat_47,4.442691457567395
49,kcat_47,4.445560610808264
0,kcat_48,3.620041232638686
1,kcat_48,3.63145300440169
2,kcat_48,3.6002165093453846
3,kcat_48,3.5627816199852997
4,kcat_48,3.567055967705136
5,kcat_48,3.589254983998232
6,kcat_48,3.5818884319023376
7,kcat_48,3.594115773800209
8,kcat_48,3.6165120768705865
9,kcat_48,3.625737087560613
10,kcat_48,3.626577864820351
11,kcat_48,3.6371255954824875
12,kcat_48,3.635452187990907
13,kcat_48,3.6345041348844087
14,kcat_48,3.6335200619600125
15,kcat_48,3.6218571348552207
16,kcat_48,3.6211036526635088
17,kcat_48,3.6211395988893464
18,kcat_48,3.633550884358939
19,kcat_48,3.633584806538045
20,kcat_48,3.652961838581788
21,kcat_48,3.6524357664278764
22,kcat_48,3.6492300618774305
23,kcat_48,3.650471467001564
24,kcat_48,3.6521065299922535
25,kcat_48,3.654012785105854
26,kcat_48,3.6598031121709025
27,kcat_48,3.665047365324059
28,kcat_48,3.6704000978152607
29,kcat_48,3.6664380174747313
30,kcat_48,3.6652937991747394
31,kcat_48,3.6711873313372743
32,kcat_48,3.674239411043787
33,kcat_48,3.685996951900921
34,kcat_48,3.687094058617581
35,kcat_48,3.683717237454624
36,kcat_48,3.677419496880833
37,kcat_48,3.672927608343023
38,kcat_48,3.6787589704047288
39,kcat_48,3.6742615803828063
40,kcat_48,3.676625875554332
41,kcat_48,3.683384196159813
42,kcat_48,3.681642529209334
43,kcat_48,3.6860833253774428
44,kcat_48,3.681637992063408
45,kcat_48,3.672424309328943
46,kcat_48,3.6730517096138118
47,kcat_48,3.673432696374246
48,kcat_48,3.6703954425211793
49,kcat_48,3.6674551754178584
0,kcat_49,4.6543304117258275
1,kcat_49,4.649987332566925
2,kcat_49,4.637951858807808
3,kcat_49,4.586241550358211
4,kcat_49,4.580325535306633
5,kcat_49,4.570990467811833
6,kcat_49,4.57063697422855
7,kcat_49,4.555081192293492
8,kcat_49,4.5509016130529085
9,kcat_49,4.550697964399021
10,kcat_49,4.551799782964942
11,kcat_49,4.531126441119528
12,kcat_49,4.525631762779379
13,kcat_49,4.522484354996452
14,kcat_49,4.511234660073481
15,kcat_49,4.490087231263812
16,kcat_49,4.486023070675748
17,kcat_49,4.481147362218153
18,kcat_49,4.490913380841357
19,kcat_49,4.494047383896232
20,kcat_49,4.493281461552449
21,kcat_49,4.489619262337042
22,kcat_49,4.48675331898938
23,kcat_49,4.488950928295527
24,kcat_49,4.494486983104361
25,kcat_49,4.486610642574363
26,kcat_49,4.50406012831833
27,kcat_49,4.506226387312399
28,kcat_49,4.497546282684178
29,kcat_49,4.512615097613502
30,kcat_49,4.513963333518653
31,kcat_49,4.511427660203761
32,kcat_49,4.509934992163036
33,kcat_49,4.510460179773705
34,kcat_49,4.506523340856426
35,kcat_49,4.511547220059568
36,kcat_49,4.5050104647005
37,kcat_49,4.50141055363067
38,kcat_49,4.496365198896244
39,kcat_49,4.495881593462729
40,kcat_49,4.491721619886037
41,kcat_49,4.490682058864799
42,kcat_49,4.491336958745224
43,kcat_49,4.481076110969626
44,kcat_49,4.488723095595774
45,kcat_49,4.4947140862168595
46,kcat_49,4.497250352912224
47,kcat_49,4.495380079881706
48,kcat_49,4.501990447356081
49,kcat_49,4.499780562370561
0,kcat_50,4.520340858344286
1,kcat_50,4.534502187231516
2,kcat_50,4.555310325953194
3,kcat_50,4.531024109230405
4,kcat_50,4.537203931944606
5,kcat_50,4.510974177288553
6,kcat_50,4.504365829699841
7,kcat_50,4.508707700538831
8,kcat_50,4.477059121907785
9,kcat_50,4.486174800472662
10,kcat_50,4.486813859299363
11,kcat_50,4.478643650163834
12,kcat_50,4.4705662097898955
13,kcat_50,4.473747774169421
14,kcat_50,4.4832667040938325
15,kcat_50,4.4874074807688
16,kcat_50,4.493225773925285
17,kcat_50,4.495136055670988
18,kcat_50,4.499639501067215
19,kcat_50,4.496365370576041
20,kcat_50,4.468164824285389
21,kcat_50,4.464640843989085
22,kcat_50,4.46754156960256
23,kcat_50,4.464983186230714
24,kcat_50,4.466794629052442
25,kcat_50,4.461046234535371
26,kcat_50,4.46722680031738
27,kcat_50,4.4686018063800415
28,kcat_50,4.4687852214436194
29,kcat_50,4.4619608157609125
30,kcat_50,4.4530586007373065
31,kcat_50,4.4557878160657385
32,kcat_50,4.463948237521626
33,kcat_50,4.46210886486983
34,kcat_50,4.462308874270806
35,kcat_50,4.460568480977047
36,kcat_50,4.458560149057838
37,kcat_50,4.460670355919866
38,kcat_50,4.457648618724009
39,kcat_50,4.455244844338805
40,kcat_50,4.454372740070296
41,kcat_50,4.456719298017578
42,kcat_50,4.457881318783587
43,kcat_50,4.460633449465953
44,kcat_50,4.458709161039492
45,kcat_50,4.44700106838207
46,kcat_50,4.4409294204119085
47,kcat_50,4.441011952210514
48,kcat_50,4.438202816910678
49,kcat_50,4.437529447979092
0,kcat_51,4.854732286065966
1,kcat_51,4.858616015622581
2,kcat_51,4.875417334476779
3,kcat_51,4.873141781999389
4,kcat_51,4.851899329198535
5,kcat_51,4.828827222844466
6,kcat_51,4.842422211413759
7,kcat_51,4.851392423165858
8,kcat_51,4.829960461543506
9,kcat_51,4.830374315318591
10,kcat_51,4.854123149661747
11,kcat_51,4.844286728449513
12,kcat_51,4.841657730043111
13,kcat_51,4.837125005459532
14,kcat_51,4.834294412740508
15,kcat_51,4.818456852722839
16,kcat_51,4.821207694995504
17,kcat_51,4.82117675207576
18,kcat_51,4.829997218178955
19,kcat_51,4.832359991994539
20,kcat_51,4.833704112479778
21,kcat_51,4.846023775907885
22,kcat_51,4.850840144891665
23,kcat_51,4.851574043500047
24,kcat_51,4.858130502394123
25,kcat_51,4.8600407597293405
26,kcat_51,4.864451976633693
27,kcat_51,4.8575310015022515
28,kcat_51,4.856530451685185
29,kcat_51,4.862814717251563
30,kcat_51,4.861871870941581
31,kcat_51,4.862442088879844
32,kcat_51,4.8551677727403675
33,kcat_51,4.851154388087891
34,kcat_51,4.851105297008082
35,kcat_51,4.846562712015126
36,kcat_51,4.847326756807828
37,kcat_51,4.847051390835074
38,kcat_51,4.856093053424522
39,kcat_51,4.859473210140084
40,kcat_51,4.86151835720684
41,kcat_51,4.855401614635919
42,kcat_51,4.860342369927089
43,kcat_51,4.8515130230127115
44,kcat_51,4.852689943870425
45,kcat_51,4.848748377517332
46,kcat_51,4.8221735453818795
47,kcat_51,4.829051734784489
48,kcat_51,4.831950572353884
49,kcat_51,4.8360050077138
0,kcat_52,4.651292030287933
1,kcat_52,4.658556348849289
2,kcat_52,4.67057286422204
3,kcat_52,4.711966845667534
4,kcat_52,4.74266133612612
5,kcat_52,4.739928561502949
6,kcat_52,4.731779931843166
7,kcat_52,4.718577550115127
8,kcat_52,4.678084539832729
9,kcat_52,4.679316029328036
10,kcat_52,4.681667323077513
11,kcat_52,4.685288609154429
12,kcat_52,4.684734069512005
13,kcat_52,4.678533001663205
14,kcat_52,4.665144119768707
15,kcat_52,4.646108362222355
16,kcat_52,4.631311656307262
17,kcat_52,4.629722097812728
18,kcat_52,4.636666726042206
19,kcat_52,4.636079990208686
20,kcat_52,4.627065390667774
21,kcat_52,4.621674807594718
22,kcat_52,4.623227906981355
23,kcat_52,4.626187548591687
24,kcat_52,4.623835947115422
25,kcat_52,4.621487564183561
26,kcat_52,4.6252466730579975
27,kcat_52,4.61675147939048
28,kcat_52,4.6232359670122225
29,kcat_52,4.619724712693574
30,kcat_52,4.612855063743638
31,kcat_52,4.615835303372728
32,kcat_52,4.60513046135043
33,kcat_52,4.604639717259606
34,kcat_52,4.605143559077036
35,kcat_52,4.609195617559138
36,kcat_52,4.610161858915665
37,kcat_52,4.614937955088629
38,kcat_52,4.6148366402617285
39,kcat_52,4.615608383877553
40,kcat_52,4.610980794102542
41,kcat_52,4.603256804385783
42,kcat_52,4.597691989304432
43,kcat_52,4.6065417082350235
44,kcat_52,4.607007174290147
45,kcat_52,4.611440253822279
46,kcat_52,4.611356669151555
47,kcat_52,4.605655447395411
48,kcat_52,4.600830400941667
49,kcat_52,4.597727539912876
0,kcat_53,4.463407195151343
1,kcat_53,4.454732868810765
2,kcat_53,4.451739287213033
3,kcat_53,4.474900795650734
4,kcat_53,4.465324396204649
5,kcat_53,4.457183919988048
6,kcat_53,4.451594448153789
7,kcat_53,4.446470516324576
8,kcat_53,4.444180903334973
9,kcat_53,4.439450330874979
10,kcat_53,4.441691803919971
11,kcat_53,4.434156715815799
12,kcat_53,4.433294154350103
13,kcat_53,4.439251449408058
14,kcat_53,4.428936851828195
15,kcat_53,4.425017944694915
16,kcat_53,4.422790069873273
17,kcat_53,4.426908522000954
18,kcat_53,4.4270040979659555
19,kcat_53,4.430574124030388
20,kcat_53,4.421186489216894
21,kcat_53,4.418723613658518
22,kcat_53,4.429876064640885
23,kcat_53,4.425952480535665
24,kcat_53,4.419285414342675
25,kcat_53,4.422660092834365
26,kcat_53,4.416987964026481
27,kcat_53,4.424108205313814
28,kcat_53,4.418810268510222
29,kcat_53,4.414560147037225
30,kcat_53,4.425123918326796
31,kcat_53,4.424032158081438
32,kcat_53,4.430983154414737
33,kcat_53,4.433509726954181
34,kcat_53,4.431198573348772
35,kcat_53,4.435962246491512
36,kcat_53,4.443423711408601
37,kcat_53,4.442647893314759
38,kcat_53,4.44252877433574
39,kcat_53,4.439598149822813
40,kcat_53,4.437590378558268
41,kcat_53,4.437891089429196
42,kcat_53,4.442323834924273
43,kcat_53,4.45078760331298
44,kcat_53,4.45118522242946
45,kcat_53,4.445113168099699
46,kcat_53,4.440727112714194
47,kcat_53,4.444720139412686
48,kcat_53,4.447459827141797
49,kcat_53,4.447858359027685
0,kcat_54,4.618487748609628
1,kcat_54,4.6188663213585315
2,kcat_54,4.591455178311493
3,kcat_54,4.587576807763673
4,kcat_54,4.580873898359337
5,kcat_54,4.584589272991417
6,kcat_54,4.586552664241612
7,kcat_54,4.579057625697478
8,kcat_54,4.5930924435928135
9,kcat_54,4.591519596980881
10,kcat_54,4.598294002393466
11,kcat_54,4.582794732565647
12,kcat_54,4.579834233751452
13,kcat_54,4.575925949905991
14,kcat_54,4.58415645477481
15,kcat_54,4.5758116304592376
16,kcat_54,4.5752424038739985
17,kcat_54,4.574437755083012
18,kcat_54,4.584051987405073
19,kcat_54,4.581806611241999
20,kcat_54,4.586971240860874
21,kcat_54,4.578196873161637
22,kcat_54,4.583964101457151
23,kcat_54,4.5850095025180915
24,kcat_54,4.588892433144638
25,kcat_54,4.579797839088777
26,kcat_54,4.575972032147863
27,kcat_54,4.5687572811997
28,kcat_54,4.56905333260311
29,kcat_54,4.55852518529068
30,kcat_54,4.556554929693584
31,kcat_54,4.553372390498092
32,kcat_54,4.558745107637337
33,kcat_54,4.55626313369659
34,kcat_54,4.560821922208876
35,kcat_54,4.561636877069095
36,kcat_54,4.5618940312564975
37,kcat_54,4.562060126625129
38,kcat_54,4.554905489285863
39,kcat_54,4.556682430122613
40,kcat_54,4.554829470325386
41,kcat_54,4.552502772835284
42,kcat_54,4.554938698704264
43,kcat_54,4.556248727885028
44,kcat_54,4.551188532327913
45,kcat_54,4.54880201192453
46,kcat_54,4.548858295322832
47,kcat_54,4.548180048985728
48,kcat_54,4.548429468149842
49,kcat_54,4.543418735673898
0,kcat_55,4.5768053254082535
1,kcat_55,4.57017737199223
2,kcat_55,4.535739884509183
3,kcat_55,4.55698839896837
4,kcat_55,4.55475624043274
5,kcat_55,4.548193662115348
6,kcat_55,4.544387772555145
7,kcat_55,4.545676128765726
8,kcat_55,4.585111490756254
9,kcat_55,4.577560134276536
10,kcat_55,4.590686528989742
11,kcat_55,4.595987294547015
12,kcat_55,4.599885690445761
13,kcat_55,4.599961364834918
14,kcat_55,4.594548357068097
15,kcat_55,4.591903820064991
16,kcat_55,4.594433173313722
17,kcat_55,4.595867949720771
18,kcat_55,4.599893776262837
19,kcat_55,4.6017687393460145
20,kcat_55,4.605582562374465
21,kcat_55,4.603011014629801
22,kcat_55,4.601617730425113
23,kcat_55,4.602181292388457
24,kcat_55,4.598395686736921
25,kcat_55,4.6047868589493435
26,kcat_55,4.612812360009972
27,kcat_55,4.613395621544831
28,kcat_55,4.61771160026167
29,kcat_55,4.61658525731612
30,kcat_55,4.625625896781093
31,kcat_55,4.62050801320473
32,kcat_55,4.617392778825339
33,kcat_55,4.619769413790321
34,kcat_55,4.623618370946961
35,kcat_55,4.622964901931369
36,kcat_55,4.6147377014753985
37,kcat_55,4.608897793752427
38,kcat_55,4.619716745062979
39,kcat_55,4.614813966314062
40,kcat_55,4.620074762913674
41,kcat_55,4.615789713981684
42,kcat_55,4.608788784131573
43,kcat_55,4.602776426440224
44,kcat_55,4.605403243740198
45,kcat_55,4.603473605129336
46,kcat_55,4.596227570511596
47,kcat_55,4.5961850589959905
48,kcat_55,4.588971926261431
49,kcat_55,4.587474785421253
0,kcat_56,3.8311123357365977
1,kcat_56,3.8407138476983236
2,kcat_56,3.8702788699627773
3,kcat_56,3.8896712819400125
4,kcat_56,3.888291169215906
5,kcat_56,3.9108071621127904
6,kcat_56,3.909213559261248
7,kcat_56,3.938490393095832
8,kcat_56,3.945949501479171
9,kcat_56,3.9489580852702026
10,kcat_56,3.957155027963158
11,kcat_56,3.9699504484047146
12,kcat_56,3.985635411602022
13,kcat_56,3.981259917574814
14,kcat_56,3.977263287822689
15,kcat_56,3.9962959302314247
16,kcat_56,3.993524661508497
17,kcat_56,3.982695227275841
18,kcat_56,3.983429554258032
19,kcat_56,3.9868388126578664
20,kcat_56,3.96517350096784
21,kcat_56,3.9752771905729305
22,kcat_56,3.9830927280520383
23,kcat_56,3.9813142641359347
24,kcat_56,3.984660603610474
25,kcat_56,3.984136531541586
26,kcat_56,3.983088005051981
27,kcat_56,3.9816833576077086
28,kcat_56,3.987781083657242
29,kcat_56,3.980037024774235
30,kcat_56,3.9902104788096238
31,kcat_56,3.992189068357318
32,kcat_56,3.9862327260502695
33,kcat_56,3.9823464309306806
34,kcat_56,3.987818758348903
35,kcat_56,3.9855734610524265
36,kcat_56,3.9927503442067547
37,kcat_56,3.9952105330039562
38,kcat_56,4.0052766477191515
39,kcat_56,4.009858810391985
40,kcat_56,4.0054159546134285
41,kcat_56,4.007310813331301
42,kcat_56,4.00123000689023
43,kcat_56,4.005355811419654
44,kcat_56,4.009371789485194
45,kcat_56,4.018577305584165
46,kcat_56,4.009193046883431
47,kcat_56,4.010096617294883
48,kcat_56,4.00624798759022
49,kcat_56,4.003944231942128
0,kcat_57,5.472554033949446
1,kcat_57,5.487966945712901
2,kcat_57,5.511894920528825
3,kcat_57,5.509900857297199
4,kcat_57,5.5005587021975995
5,kcat_57,5.46282984486984
6,kcat_57,5.470132514798489
7,kcat_57,5.45373708685385
8,kcat_57,5.397526306562015
9,kcat_57,5.394701751004844
10,kcat_57,5.383873290325836
11,kcat_57,5.3795021486365115
12,kcat_57,5.368715897411446
13,kcat_57,5.367552010816046
14,kcat_57,5.357845947911101
15,kcat_57,5.348695430765735
16,kcat_57,5.348185513555796
17,kcat_57,5.347226373856566
18,kcat_57,5.344415629771934
19,kcat_57,5.3440338298034895
20,kcat_57,5.33439986419642
21,kcat_57,5.332862472795686
22,kcat_57,5.327020700228579
23,kcat_57,5.326875272001355
24,kcat_57,5.330833521640729
25,kcat_57,5.330009312031084
26,kcat_57,5.334468414218591
27,kcat_57,5.333644985893014
28,kcat_57,5.331292143007084
29,kcat_57,5.329609173890775
30,kcat_57,5.326181906521087
31,kcat_57,5.325114747015676
32,kcat_57,5.332589938503687
33,kcat_57,5.324315551740117
34,kcat_57,5.326917757336243
35,kcat_57,5.329657032828658
36,kcat_57,5.326654380928085
37,kcat_57,5.325750649603335
38,kcat_57,5.317943974493525
39,kcat_57,5.315881899187159
40,kcat_57,5.324383428444401
41,kcat_57,5.321634874174182
42,kcat_57,5.332174530138729
43,kcat_57,5.32529363582101
44,kcat_57,5.332023534389956
45,kcat_57,5.32747350092818
46,kcat_57,5.310974896397588
47,kcat_57,5.315563750850199
48,kcat_57,5.310568662232777
49,kcat_57,5.308939663113283
0,kcat_58,4.95399915205415
1,kcat_58,4.960360129408249
2,kcat_58,4.943323351166293
3,kcat_58,4.942308292016229
4,kcat_58,4.9471806966043905
5,kcat_58,4.9330229080934345
6,kcat_58,4.938295128790728
7,kcat_58,4.923680565964141
8,kcat_58,4.8723115112282205
9,kcat_58,4.8575189435833765
10,kcat_58,4.8571531533210495
11,kcat_58,4.842829299653922
12,kcat_58,4.849201504786636
13,kcat_58,4.851653868789162
14,kcat_58,4.855809255733756
15,kcat_58,4.846941165135682
16,kcat_58,4.85409802395995
17,kcat_58,4.868955432368136
18,kcat_58,4.863884311417553
19,kcat_58,4.869578825501568
20,kcat_58,4.881023762416008
21,kcat_58,4.870112739487532
22,kcat_58,4.872760739696097
23,kcat_58,4.8708970068571045
24,kcat_58,4.868882756615761
25,kcat_58,4.869292480333966
26,kcat_58,4.872761659052466
27,kcat_58,4.868677368266205
28,kcat_58,4.8693102911841395
29,kcat_58,4.872745779794387
30,kcat_58,4.876105091386512
31,kcat_58,4.8813439986629765
32,kcat_58,4.889275668231368
33,kcat_58,4.885975192711443
34,kcat_58,4.8956577220965976
35,kcat_58,4.89362954714694
36,kcat_58,4.884254927739959
37,kcat_58,4.872759822379179
38,kcat_58,4.869400853882268
39,kcat_58,4.869054778588744
40,kcat_58,4.878867942166671
41,kcat_58,4.875486283546257
42,kcat_58,4.867362444379841
43,kcat_58,4.865814288912803
44,kcat_58,4.863202587460249
45,kcat_58,4.864136408583206
46,kcat_58,4.86468544774773
47,kcat_58,4.868334056377159
48,kcat_58,4.864128424234227
49,kcat_58,4.8602817505102704
0,kcat_59,4.964751563931387
1,kcat_59,4.976041550840471
2,kcat_59,4.946488922116243
3,kcat_59,4.969979890485361
4,kcat_59,4.972253271027099
5,kcat_59,4.941483872658824
6,kcat_59,4.944898085665987
7,kcat_59,4.946508543656302
8,kcat_59,4.946593517378779
9,kcat_59,4.936586275134354
10,kcat_59,4.940171345501268
11,kcat_59,4.940545167284951
12,kcat_59,4.937165825666806
13,kcat_59,4.936360996496573
14,kcat_59,4.924984429886499
15,kcat_59,4.908212797746407
16,kcat_59,4.909362649262043
17,kcat_59,4.9083540335674085
18,kcat_59,4.897654279586543
19,kcat_59,4.899962423949205
20,kcat_59,4.909422507800557
21,kcat_59,4.9064777960614965
22,kcat_59,4.909440607651762
23,kcat_59,4.9077490009327445
24,kcat_59,4.905182402883363
25,kcat_59,4.898723391298654
26,kcat_59,4.901488998644278
27,kcat_59,4.8956807161035
28,kcat_59,4.8993656181336585
29,kcat_59,4.890288926933984
30,kcat_59,4.886609710453631
31,kcat_59,4.881477460494951
32,kcat_59,4.8776966581984
33,kcat_59,4.875726145128768
34,kcat_59,4.872185430933508
35,kcat_59,4.882500561042765
36,kcat_59,4.887571037314892
37,kcat_59,4.8878894103625266
38,kcat_59,4.900696890929773
39,kcat_59,4.8957787025216115
40,kcat_59,4.902027789296479
41,kcat_59,4.898937397733706
42,kcat_59,4.907433356082107
43,kcat_59,4.907635928475878
44,kcat_59,4.903413097001482
45,kcat_59,4.903252221185214
46,kcat_59,4.904280272059769
47,kcat_59,4.908982012100008
48,kcat_59,4.905630901331095
49,kcat_59,4.903619870489668
0,kcat_60,4.971780988519919
1,kcat_60,4.981441801133706
2,kcat_60,4.988569519754545
3,kcat_60,4.955377004901703
4,kcat_60,4.969178151872875
5,kcat_60,4.947990803879278
6,kcat_60,4.939870669596902
7,kcat_60,4.91290607417504
8,kcat_60,4.879435192964685
9,kcat_60,4.892921727349694
10,kcat_60,4.891314205780249
11,kcat_60,4.8938515947745636
12,kcat_60,4.893221488700793
13,kcat_60,4.8912813559814055
14,kcat_60,4.882357716260403
15,kcat_60,4.889655803609346
16,kcat_60,4.892437960156906
17,kcat_60,4.894947162462768
18,kcat_60,4.8897448312493035
19,kcat_60,4.887753043118694
20,kcat_60,4.8923469197498495
21,kcat_60,4.901435849838907
22,kcat_60,4.913490254283055
23,kcat_60,4.9167995424859825
24,kcat_60,4.913901652389288
25,kcat_60,4.913387483266823
26,kcat_60,4.898685823877239
27,kcat_60,4.9009737038800925
28,kcat_60,4.894382569415108
29,kcat_60,4.890455122194384
30,kcat_60,4.894155962042882
31,kcat_60,4.883840291731977
32,kcat_60,4.889002132483209
33,kcat_60,4.884903392994934
34,kcat_60,4.883732082364502
35,kcat_60,4.888412285615418
36,kcat_60,4.885900759545218
37,kcat_60,4.887997976590936
38,kcat_60,4.894944687504776
39,kcat_60,4.887481796548743
40,kcat_60,4.878647054442493
41,kcat_60,4.879147026348165
42,kcat_60,4.881438191846402
43,kcat_60,4.888915180289505
44,kcat_60,4.883728574701566
45,kcat_60,4.879852669520521
46,kcat_60,4.888622462629279
47,kcat_60,4.890464496675892
48,kcat_60,4.894505448652217
49,kcat_60,4.900311999557567
0,kcat_61,4.965180249112829
1,kcat_61,4.9653071118452115
2,kcat_61,5.017679010193019
3,kcat_61,5.049100158248561
4,kcat_61,5.051823154810664
5,kcat_61,5.034222612769805
6,kcat_61,5.031087064996314
7,kcat_61,5.012693887946762
8,kcat_61,4.98744911587005
9,kcat_61,4.976193057203257
10,kcat_61,4.9706271282136845
11,kcat_61,4.964228707377998
12,kcat_61,4.956898209116677
13,kcat_61,4.963300654104494
14,kcat_61,4.966111157915395
15,kcat_61,4.987420010121744
16,kcat_61,4.9991724152860115
17,kcat_61,5.003016043664294
18,kcat_61,4.999455457906055
19,kcat_61,5.000121238761873
20,kcat_61,4.990537461891586
21,kcat_61,4.993474992503838
22,kcat_61,4.992608630298626
23,kcat_61,4.993080236295406
24,kcat_61,4.997536949019129
25,kcat_61,4.999094991351849
26,kcat_61,4.992166925047295
27,kcat_61,4.9822804783192485
28,kcat_61,4.979961344146473
29,kcat_61,4.979189326052822
30,kcat_61,4.986188393685531
31,kcat_61,4.989140624102889
32,kcat_61,4.99545735280112
33,kcat_61,4.999343073601018
34,kcat_61,4.999313804018777
35,kcat_61,5.004977003047937
36,kcat_61,5.00551821757115
37,kcat_61,5.010653839723099
38,kcat_61,5.009681792927759
39,kcat_61,5.016305472999157
40,kcat_61,5.017222755261665
41,kcat_61,5.017944942366932
42,kcat_61,5.015905270963512
43,kcat_61,5.0156402261249555
44,kcat_61,5.01791352911135
45,kcat_61,5.021907642000737
46,kcat_61,5.0254530932884895
47,kcat_61,5.020462384193862
48,kcat_61,5.025438825566944
49,kcat_61,5.02190545619027
0,kcat_62,4.9795778036085325
1,kcat_62,4.993635860588972
2,kcat_62,4.995947674786198
3,kcat_62,5.009026184280844
4,kcat_62,4.999056024962301
5,kcat_62,5.000700303869765
6,kcat_62,5.008884458154149
7,kcat_62,5.003606998191714
8,kcat_62,4.997011656199684
9,kcat_62,4.997089032830475
10,kcat_62,4.994046775803896
11,kcat_62,4.988299107755024
12,kcat_62,4.986885603469513
13,kcat_62,4.990676316367097
14,kcat_62,4.972635845883184
15,kcat_62,4.952563067878361
16,kcat_62,4.947507283842065
17,kcat_62,4.953227714302172
18,kcat_62,4.95905958225713
19,kcat_62,4.957313779921676
20,kcat_62,4.9635815342956535
21,kcat_62,4.957666135567022
22,kcat_62,4.94574332334342
23,kcat_62,4.945906409507097
24,kcat_62,4.955471264439027
25,kcat_62,4.946493778435977
26,kcat_62,4.93910991506617
27,kcat_62,4.935670250833734
28,kcat_62,4.9450046583001415
29,kcat_62,4.9388761485680455
30,kcat_62,4.935616029889031
31,kcat_62,4.936222292807046
32,kcat_62,4.949503501611118
33,kcat_62,4.95336599825365
34,kcat_62,4.9525520380832395
35,kcat_62,4.9502280937286045
36,kcat_62,4.941655645167001
37,kcat_62,4.944491537726538
38,kcat_62,4.937129945743751
39,kcat_62,4.9348186236062475
40,kcat_62,4.9404672300877195
41,kcat_62,4.940109053652641
42,kcat_62,4.935676146069799
43,kcat_62,4.938762760575711
44,kcat_62,4.938971079441556
45,kcat_62,4.936758561092503
46,kcat_62,4.929317046130874
47,kcat_62,4.927341835298343
48,kcat_62,4.930262621886241
49,kcat_62,4.928160860722183
0,kcat_63,4.830599397241091
1,kcat_63,4.813722442534201
2,kcat_63,4.803646492396938
3,kcat_63,4.817776121200031
4,kcat_63,4.80301216725449
5,kcat_63,4.782252739716516
6,kcat_63,4.774931523211107
7,kcat_63,4.7708171063253495
8,kcat_63,4.754525820973975
9,kcat_63,4.740293769206729
10,kcat_63,4.73839990703528
11,kcat_63,4.745182526526516
12,kcat_63,4.745923656896445
13,kcat_63,4.740800178645119
14,kcat_63,4.732708360229075
15,kcat_63,4.717332018166721
16,kcat_63,4.714993537615921
17,kcat_63,4.715280889239276
18,kcat_63,4.713614814294189
19,kcat_63,4.71206596428816
20,kcat_63,4.714146746890768
21,kcat_63,4.716865055458315
22,kcat_63,4.719402830053752
23,kcat_63,4.717447066019543
24,kcat_63,4.71873096090645
25,kcat_63,4.714544157406582
26,kcat_63,4.713242057494673
27,kcat_63,4.7101411166868
28,kcat_63,4.7132760399636355
29,kcat_63,4.716446253489394
30,kcat_63,4.718784716884699
31,kcat_63,4.713015045488085
32,kcat_63,4.7129141490453925
33,kcat_63,4.713493296399433
34,kcat_63,4.717058704467143
35,kcat_63,4.72127056232659
36,kcat_63,4.7239277256545895
37,kcat_63,4.728427649331946
38,kcat_63,4.725502953285447
39,kcat_63,4.728359960630056
40,kcat_63,4.726691573896004
41,kcat_63,4.724165683189328
42,kcat_63,4.728341885068314
43,kcat_63,4.726842102923327
44,kcat_63,4.729823963164457
45,kcat_63,4.726937811024045
46,kcat_63,4.723498577590246
47,kcat_63,4.726875262868463
48,kcat_63,4.7374620709388715
49,kcat_63,4.73708155332922
0,kcat_64,4.793855967244158
1,kcat_64,4.799948111832645
2,kcat_64,4.820537572614527
3,kcat_64,4.826164490208061
4,kcat_64,4.860008742637507
5,kcat_64,4.865070893905494
6,kcat_64,4.876806806354358
7,kcat_64,4.8761229085941284
8,kcat_64,4.849303452572859
9,kcat_64,4.866065711176788
10,kcat_64,4.857742582981484
11,kcat_64,4.872914096335249
12,kcat_64,4.875727976717975
13,kcat_64,4.87258294192231
14,kcat_64,4.871685120343069
15,kcat_64,4.878765328223869
16,kcat_64,4.881938238500246
17,kcat_64,4.872372676218385
18,kcat_64,4.869954144006842
19,kcat_64,4.870110448039098
20,kcat_64,4.862116987319851
21,kcat_64,4.871905083206245
22,kcat_64,4.863200825650677
23,kcat_64,4.859095251742639
24,kcat_64,4.850179902996059
25,kcat_64,4.85476417632219
26,kcat_64,4.844406387137467
27,kcat_64,4.837968697253005
28,kcat_64,4.840702654339622
29,kcat_64,4.846538247741555
30,kcat_64,4.853279505034749
31,kcat_64,4.8568758318323315
32,kcat_64,4.855095869675224
33,kcat_64,4.849404965932436
34,kcat_64,4.83736479266747
35,kcat_64,4.84098191964195
36,kcat_64,4.842919175283541
37,kcat_64,4.836874500374106
38,kcat_64,4.840626594034299
39,kcat_64,4.837921896813959
40,kcat_64,4.8352065655857475
41,kcat_64,4.836975719508963
42,kcat_64,4.8377802892722634
43,kcat_64,4.823450757914624
44,kcat_64,4.827179678410243
45,kcat_64,4.834579950377902
46,kcat_64,4.817496341193095
47,kcat_64,4.820343297410997
48,kcat_64,4.823246208534231
49,kcat_64,4.8262260374458945
0,kcat_65,4.8080784758324695
1,kcat_65,4.807914220831996
2,kcat_65,4.797855159101601
3,kcat_65,4.792797977323169
4,kcat_65,4.7644323270219076
5,kcat_65,4.769234492203198
6,kcat_65,4.769600429718841
7,kcat_65,4.788696092289581
8,kcat_65,4.7669257578838975
9,kcat_65,4.756905876928862
10,kcat_65,4.750081198028305
11,kcat_65,4.736883628474312
12,kcat_65,4.732363342315966
13,kcat_65,4.7425208722243
14,kcat_65,4.7302254280873415
15,kcat_65,4.731615136030837
16,kcat_65,4.732952779695408
17,kcat_65,4.733809951255886
18,kcat_65,4.727822845568807
19,kcat_65,4.718758412527662
20,kcat_65,4.719732466691304
21,kcat_65,4.7262132751156525
22,kcat_65,4.72346916704623
23,kcat_65,4.728057204304862
24,kcat_65,4.733260490836846
25,kcat_65,4.736710089200111
26,kcat_65,4.730767190690913
27,kcat_65,4.7332020023268235
28,kcat_65,4.729012341122406
29,kcat_65,4.733000380747489
30,kcat_65,4.73211924257226
31,kcat_65,4.740574262569084
32,kcat_65,4.738937145674409
33,kcat_65,4.735850009985006
34,kcat_65,4.72566930814612
35,kcat_65,4.729339030260507
36,kcat_65,4.719563907632214
37,kcat_65,4.720911358636361
38,kcat_65,4.726603134955366
39,kcat_65,4.73082015816014
40,kcat_65,4.727156604334515
41,kcat_65,4.725983603012588
42,kcat_65,4.7251191773543715
43,kcat_65,4.712675654059297
44,kcat_65,4.719123884849451
45,kcat_65,4.721533085127676
46,kcat_65,4.7287459204272535
47,kcat_65,4.7312599680759435
48,kcat_65,4.729915500070001
49,kcat_65,4.733395552161701
0,kcat_66,4.818066284680965
1,kcat_66,4.8230996601414295
2,kcat_66,4.817990301797552
3,kcat_66,4.825940901077304
4,kcat_66,4.801410857929792
5,kcat_66,4.804229000753515
6,kcat_66,4.79713441954285
7,kcat_66,4.800361483258448
8,kcat_66,4.814342731767193
9,kcat_66,4.820186473150504
10,kcat_66,4.814862097342674
11,kcat_66,4.812543594892571
12,kcat_66,4.808899198643735
13,kcat_66,4.805518337884678
14,kcat_66,4.808825729177391
15,kcat_66,4.8112867034042495
16,kcat_66,4.811099898993044
17,kcat_66,4.809216319972993
18,kcat_66,4.807651145018038
19,kcat_66,4.805634141883198
20,kcat_66,4.833671376434427
21,kcat_66,4.837828554960304
22,kcat_66,4.835069438801258
23,kcat_66,4.832861263248554
24,kcat_66,4.832903917782449
25,kcat_66,4.833587532709153
26,kcat_66,4.8349725879923
27,kcat_66,4.828004586171386
28,kcat_66,4.825410828597157
29,kcat_66,4.817271072631002
30,kcat_66,4.815538253503783
31,kcat_66,4.818417060393494
32,kcat_66,4.821407550193488
33,kcat_66,4.816835889429523
34,kcat_66,4.82528744559656
35,kcat_66,4.824525951867246
36,kcat_66,4.824394342498411
37,kcat_66,4.828391053639407
38,kcat_66,4.821187638054285
39,kcat_66,4.825099118133165
40,kcat_66,4.818682786756551
41,kcat_66,4.815553380308424
42,kcat_66,4.811965661799778
43,kcat_66,4.809600084664807
44,kcat_66,4.81157784219654
45,kcat_66,4.8012548008709945
46,kcat_66,4.793361590955838
47,kcat_66,4.802002095584989
48,kcat_66,4.789356900777084
49,kcat_66,4.787032342420584
0,kcat_67,4.812099165327587
1,kcat_67,4.8348593145709975
2,kcat_67,4.859389210290973
3,kcat_67,4.874120395680025
4,kcat_67,4.887405687525947
5,kcat_67,4.87017942491621
6,kcat_67,4.860450403434159
7,kcat_67,4.867227875889352
8,kcat_67,4.868303130334682
9,kcat_67,4.8622709509575115
10,kcat_67,4.853549446237144
11,kcat_67,4.852944909094931
12,kcat_67,4.8521372883870235
13,kcat_67,4.847576068685917
14,kcat_67,4.85200553401823
15,kcat_67,4.851637390861345
16,kcat_67,4.843872594761271
17,kcat_67,4.8420088864051385
18,kcat_67,4.831912654210802
19,kcat_67,4.839420552043826
20,kcat_67,4.838946118645195
21,kcat_67,4.84119582723491
22,kcat_67,4.834703567968049
23,kcat_67,4.8385753667892235
24,kcat_67,4.833837851231821
25,kcat_67,4.835423929132918
26,kcat_67,4.831117508157204
27,kcat_67,4.8350914091905
28,kcat_67,4.832935869599448
29,kcat_67,4.835662382016727
30,kcat_67,4.844474857604625
31,kcat_67,4.843719916163279
32,kcat_67,4.84638262756599
33,kcat_67,4.853939399738349
34,kcat_67,4.845959193656765
35,kcat_67,4.842297326580977
36,kcat_67,4.8319497860077565
37,kcat_67,4.836023896049187
38,kcat_67,4.8391751930434665
39,kcat_67,4.8419141192929205
40,kcat_67,4.848819507073848
41,kcat_67,4.848541245753064
42,kcat_67,4.851621303034401
43,kcat_67,4.8455187023521376
44,kcat_67,4.842673784444784
45,kcat_67,4.836177842961226
46,kcat_67,4.8300299329742105
47,kcat_67,4.830213786513121
48,kcat_67,4.824638604070971
49,kcat_67,4.819818713639948
0,kcat_68,4.745724131574129
1,kcat_68,4.751716046638821
2,kcat_68,4.774247758844038
3,kcat_68,4.8078695474701005
4,kcat_68,4.80720461926932
5,kcat_68,4.804100155577795
6,kcat_68,4.806552456847781
7,kcat_68,4.808189941008176
8,kcat_68,4.8051217699202375
9,kcat_68,4.79065907785459
10,kcat_68,4.790625413534409
11,kcat_68,4.786830623692164
12,kcat_68,4.781628298855009
13,kcat_68,4.7789290505169015
14,kcat_68,4.768351914639853
15,kcat_68,4.770954133047029
16,kcat_68,4.776100495062328
17,kcat_68,4.769212855247193
18,kcat_68,4.761027739049575
19,kcat_68,4.764115193368205
20,kcat_68,4.764016186119652
21,kcat_68,4.766540481012625
22,kcat_68,4.764384866064997
23,kcat_68,4.7626751749094085
24,kcat_68,4.76814020808456
25,kcat_68,4.768599348255927
26,kcat_68,4.767130056584347
27,kcat_68,4.777931913298422
28,kcat_68,4.775667503917614
29,kcat_68,4.776966673700275
30,kcat_68,4.77833903120275
31,kcat_68,4.779692733417267
32,kcat_68,4.781642158903378
33,kcat_68,4.780488856884651
34,kcat_68,4.777334652361763
35,kcat_68,4.780521729393605
36,kcat_68,4.783376480628821
37,kcat_68,4.779858043763828
38,kcat_68,4.785726148194104
39,kcat_68,4.783747095479141
40,kcat_68,4.787751593292787
41,kcat_68,4.789963298292667
42,kcat_68,4.792878901365986
43,kcat_68,4.779619521844624
44,kcat_68,4.785546586671306
45,kcat_68,4.789021690887928
46,kcat_68,4.80860365986393
47,kcat_68,4.811417405835612
48,kcat_68,4.8089023350730855
49,kcat_68,4.812843897127604
0,kcat_69,4.759444270943754
1,kcat_69,4.775895993675838
2,kcat_69,4.809074076410294
3,kcat_69,4.796476455381327
4,kcat_69,4.814957989195032
5,kcat_69,4.8056450393274
6,kcat_69,4.8113068720925884
7,kcat_69,4.791098768056537
8,kcat_69,4.779385267264336
9,kcat_69,4.7818121932790145
10,kcat_69,4.778918216077744
11,kcat_69,4.767444237148623
12,kcat_69,4.785432770849485
13,kcat_69,4.788881819181635
14,kcat_69,4.773919884687563
15,kcat_69,4.770874207217064
16,kcat_69,4.776509097192611
17,kcat_69,4.779789701193519
18,kcat_69,4.781024980465579
19,kcat_69,4.778065260192499
20,kcat_69,4.770935386128909
21,kcat_69,4.770102783628604
22,kcat_69,4.769333612513953
23,kcat_69,4.761482522287836
24,kcat_69,4.756763984031376
25,kcat_69,4.755080939847392
26,kcat_69,4.766453643028328
27,kcat_69,4.763616783625903
28,kcat_69,4.7548490526107745
29,kcat_69,4.75198550067069
30,kcat_69,4.751515311396148
31,kcat_69,4.750649099310193
32,kcat_69,4.742266674215075
33,kcat_69,4.7410915405258
34,kcat_69,4.738410406320323
35,kcat_69,4.739655561137835
36,kcat_69,4.725212100216351
37,kcat_69,4.72685004928148
38,kcat_69,4.726525363937802
39,kcat_69,4.729158131178977
40,kcat_69,4.733213482662694
41,kcat_69,4.736052259516048
42,kcat_69,4.734820357982364
43,kcat_69,4.744817545408185
44,kcat_69,4.7419562931696895
45,kcat_69,4.746021208021227
46,kcat_69,4.748012350222491
47,kcat_69,4.740763688977023
48,kcat_69,4.7449024017630075
49,kcat_69,4.753192242227712
0,kcat_70,4.778425893954023
1,kcat_70,4.79390938132817
2,kcat_70,4.766390595549121
3,kcat_70,4.7781002688882825
4,kcat_70,4.790269974706314
5,kcat_70,4.793631658912976
6,kcat_70,4.800110909733323
7,kcat_70,4.801950093995097
8,kcat_70,4.78133398861163
9,kcat_70,4.784355465477342
10,kcat_70,4.7798809825047
11,kcat_70,4.767378168913077
12,kcat_70,4.775040542547342
13,kcat_70,4.773423399386959
14,kcat_70,4.7741081236019705
15,kcat_70,4.763331000385477
16,kcat_70,4.773044495895597
17,kcat_70,4.755336391689277
18,kcat_70,4.749820616186807
19,kcat_70,4.745603417791669
20,kcat_70,4.74582222066054
21,kcat_70,4.748576391325819
22,kcat_70,4.743234924502356
23,kcat_70,4.742059774613369
24,kcat_70,4.736576151120452
25,kcat_70,4.745529121951664
26,kcat_70,4.742438782162008
27,kcat_70,4.742050425336865
28,kcat_70,4.744777102334976
29,kcat_70,4.740102834726604
30,kcat_70,4.733405842362617
31,kcat_70,4.735461430769028
32,kcat_70,4.732109137127873
33,kcat_70,4.727032619687465
34,kcat_70,4.733696498748198
35,kcat_70,4.730914438710635
36,kcat_70,4.72105010675446
37,kcat_70,4.723904385131345
38,kcat_70,4.714953105530531
39,kcat_70,4.7146115464570855
40,kcat_70,4.7167568472417445
41,kcat_70,4.722163052818452
42,kcat_70,4.719978471649568
43,kcat_70,4.718653014911705
44,kcat_70,4.718789022376147
45,kcat_70,4.722288430096222
46,kcat_70,4.735119116426315
47,kcat_70,4.736153800699832
48,kcat_70,4.744765379724919
49,kcat_70,4.740002049635358
0,kcat_71,4.790951734566968
1,kcat_71,4.790095827050691
2,kcat_71,4.788839868479723
3,kcat_71,4.7803910669923635
4,kcat_71,4.766442940228928
5,kcat_71,4.769623843125281
6,kcat_71,4.765949962179394
7,kcat_71,4.75407037259556
8,kcat_71,4.74952450784048
9,kcat_71,4.758708126854048
10,kcat_71,4.7460631155162485
11,kcat_71,4.757916013360467
12,kcat_71,4.758421177556455
13,kcat_71,4.7497807817398385
14,kcat_71,4.739725819573026
15,kcat_71,4.730603480827644
16,kcat_71,4.732117572267843
17,kcat_71,4.724431643437375
18,kcat_71,4.706070843582679
19,kcat_71,4.703654070025941
20,kcat_71,4.700371116309113
21,kcat_71,4.708316963383276
22,kcat_71,4.719099851497405
23,kcat_71,4.719715397511844
24,kcat_71,4.720248158509187
25,kcat_71,4.7158758449119285
26,kcat_71,4.708876135983888
27,kcat_71,4.705933879176164
28,kcat_71,4.7060173561878464
29,kcat_71,4.697917243901798
30,kcat_71,4.705780033746353
31,kcat_71,4.703831736373466
32,kcat_71,4.701957633656387
33,kcat_71,4.700639952422139
34,kcat_71,4.699333684710081
35,kcat_71,4.696224785347396
36,kcat_71,4.6822020379677625
37,kcat_71,4.683602516370497
38,kcat_71,4.680606410713129
39,kcat_71,4.681825265784625
40,kcat_71,4.673884706231121
41,kcat_71,4.674387858725698
42,kcat_71,4.672741359779956
43,kcat_71,4.668587959551146
44,kcat_71,4.667945332628432
45,kcat_71,4.655030948244329
46,kcat_71,4.662879184427647
47,kcat_71,4.662153680689406
48,kcat_71,4.665645007122963
49,kcat_71,4.660700300210487
0,kcat_72,4.785824599482742
1,kcat_72,4.791261481086217
2,kcat_72,4.789483884236151
3,kcat_72,4.779456220906846
4,kcat_72,4.7982043672989825
5,kcat_72,4.776285217753804
6,kcat_72,4.772116969128912
7,kcat_72,4.7505646997413145
8,kcat_72,4.72711432388987
9,kcat_72,4.727651357088135
10,kcat_72,4.703854676786151
11,kcat_72,4.713509006608854
12,kcat_72,4.710888211894952
13,kcat_72,4.7051524547256465
14,kcat_72,4.697937096118713
15,kcat_72,4.697184407443637
16,kcat_72,4.70456101293424
17,kcat_72,4.7085165245404665
18,kcat_72,4.695312297408487
19,kcat_72,4.700944354114494
20,kcat_72,4.7014472091617145
21,kcat_72,4.687978209023268
22,kcat_72,4.703469657293298
23,kcat_72,4.700364572840436
24,kcat_72,4.697700578505061
25,kcat_72,4.697616325257939
26,kcat_72,4.6986011971938515
27,kcat_72,4.701843507362596
28,kcat_72,4.7048280452621745
29,kcat_72,4.696605796140744
30,kcat_72,4.7070534149955074
31,kcat_72,4.70660489041794
32,kcat_72,4.709123490344781
33,kcat_72,4.701703853456577
34,kcat_72,4.695920865120694
35,kcat_72,4.693238117051343
36,kcat_72,4.6796858264564865
37,kcat_72,4.672124604946625
38,kcat_72,4.668618684161675
39,kcat_72,4.66744924315968
40,kcat_72,4.667643052911255
41,kcat_72,4.6723014872373945
42,kcat_72,4.667918038793845
43,kcat_72,4.664749269397385
44,kcat_72,4.669991704557357
45,kcat_72,4.672486138311433
46,kcat_72,4.66929217160529
47,kcat_72,4.663708920679685
48,kcat_72,4.673501988962482
49,kcat_72,4.674137660771009
0,kcat_73,4.79467119168649
1,kcat_73,4.793614248010968
2,kcat_73,4.796293078405801
3,kcat_73,4.786614948621048
4,kcat_73,4.778758928783481
5,kcat_73,4.770874821371321
6,kcat_73,4.767673506188815
7,kcat_73,4.769991366239445
8,kcat_73,4.737651813637138
9,kcat_73,4.738150940207557
10,kcat_73,4.753357383779418
11,kcat_73,4.765146392769978
12,kcat_73,4.7667117876673295
13,kcat_73,4.765100402642695
14,kcat_73,4.7776176864943745
15,kcat_73,4.785632186012735
16,kcat_73,4.7943301895645725
17,kcat_73,4.7954331341700325
18,kcat_73,4.786371691401829
19,kcat_73,4.789832469290701
20,kcat_73,4.795637713354881
21,kcat_73,4.8012355717978465
22,kcat_73,4.802875844605068
23,kcat_73,4.801220571145277
24,kcat_73,4.802626310840514
25,kcat_73,4.807398942917728
26,kcat_73,4.79864980046477
27,kcat_73,4.79871261225397
28,kcat_73,4.801108112884347
29,kcat_73,4.80239630873783
30,kcat_73,4.7920074773989345
31,kcat_73,4.788544874967685
32,kcat_73,4.787411815717382
33,kcat_73,4.79524269768592
34,kcat_73,4.794218021259614
35,kcat_73,4.796152610346261
36,kcat_73,4.797796159034585
37,kcat_73,4.800338967548746
38,kcat_73,4.7994299809482515
39,kcat_73,4.794219888859219
40,kcat_73,4.801360338228973
41,kcat_73,4.802733532993629
42,kcat_73,4.802319010670396
43,kcat_73,4.792929715211675
44,kcat_73,4.795051799708927
45,kcat_73,4.793882298783836
46,kcat_73,4.7931353458190475
47,kcat_73,4.789141085976532
48,kcat_73,4.7915800718132315
49,kcat_73,4.787781200111839
0,kcat_74,4.811405518977262
1,kcat_74,4.805000644745556
2,kcat_74,4.788823456545279
3,kcat_74,4.772539591273976
4,kcat_74,4.752529197449566
5,kcat_74,4.751931407188218
6,kcat_74,4.752459967434852
7,kcat_74,4.736938471163512
8,kcat_74,4.740775061814382
9,kcat_74,4.736047713421613
10,kcat_74,4.72541912987599
11,kcat_74,4.723520713537574
12,kcat_74,4.721638244795293
13,kcat_74,4.717763663847834
14,kcat_74,4.711462413458494
15,kcat_74,4.708299504779356
16,kcat_74,4.716491349864446
17,kcat_74,4.718807539994143
18,kcat_74,4.722606617647201
19,kcat_74,4.725591941746494
20,kcat_74,4.713808601254534
21,kcat_74,4.70972232589635
22,kcat_74,4.692107506815487
23,kcat_74,4.694653014057174
24,kcat_74,4.692642241603826
25,kcat_74,4.6965729681854125
26,kcat_74,4.686743833446333
27,kcat_74,4.6855713501061365
28,kcat_74,4.6830532292562195
29,kcat_74,4.688805085549422
30,kcat_74,4.686286470231706
31,kcat_74,4.682214125841336
32,kcat_74,4.670107906095272
33,kcat_74,4.671977742511794
34,kcat_74,4.67071515117705
35,kcat_74,4.667328030594576
36,kcat_74,4.662350841799438
37,kcat_74,4.660099754652135
38,kcat_74,4.647601318638231
39,kcat_74,4.648193768086602
40,kcat_74,4.652999792963226
41,kcat_74,4.660530149401415
42,kcat_74,4.664991077570242
43,kcat_74,4.664117797672938
44,kcat_74,4.665054999404819
45,kcat_74,4.668564249391989
46,kcat_74,4.662333074793692
47,kcat_74,4.658357089317718
48,kcat_74,4.657374732886975
49,kcat_74,4.656860218896687
0,kcat_75,4.810204371703083
1,kcat_75,4.807086318580986
2,kcat_75,4.8029746197518834
3,kcat_75,4.781737760979016
4,kcat_75,4.758485743013315
5,kcat_75,4.730104725472585
6,kcat_75,4.727696470687732
7,kcat_75,4.720706235585767
8,kcat_75,4.726723140963397
9,kcat_75,4.713787694501887
10,kcat_75,4.700096144428746
11,kcat_75,4.707696180608468
12,kcat_75,4.706032390374611
13,kcat_75,4.695969520310111
14,kcat_75,4.696021831216296
15,kcat_75,4.679328901152766
16,kcat_75,4.679703207456552
17,kcat_75,4.682781371737466
18,kcat_75,4.684415787297071
19,kcat_75,4.68879442281422
20,kcat_75,4.690978698615499
21,kcat_75,4.691646584021527
22,kcat_75,4.695546780936242
23,kcat_75,4.692780889284217
24,kcat_75,4.697859947006766
25,kcat_75,4.703228019428745
26,kcat_75,4.717775691584027
27,kcat_75,4.721744634783972
28,kcat_75,4.719699184058218
29,kcat_75,4.728296920528984
30,kcat_75,4.734554647666683
31,kcat_75,4.734032209550098
32,kcat_75,4.740764629579798
33,kcat_75,4.741459932087834
34,kcat_75,4.741150354317649
35,kcat_75,4.745072889898447
36,kcat_75,4.758168246017147
37,kcat_75,4.75218124759646
38,kcat_75,4.75092431418846
39,kcat_75,4.751738686464807
40,kcat_75,4.763918418502561
41,kcat_75,4.760532284936568
42,kcat_75,4.762978724357215
43,kcat_75,4.7662077158286875
44,kcat_75,4.764482359828243
45,kcat_75,4.775055041529549
46,kcat_75,4.786577696102604
47,kcat_75,4.785795336209431
48,kcat_75,4.793570848768164
49,kcat_75,4.797518963249566
0,kcat_76,4.840898516333232
1,kcat_76,4.866259788061922
2,kcat_76,4.920839508443386
3,kcat_76,4.924571672070001
4,kcat_76,4.941865170772784
5,kcat_76,4.899057528786271
6,kcat_76,4.899795661032402
7,kcat_76,4.900651157895651
8,kcat_76,4.862368332755496
9,kcat_76,4.861798243008176
10,kcat_76,4.866212630589548
11,kcat_76,4.852957450475847
12,kcat_76,4.844267903670383
13,kcat_76,4.833744494090559
14,kcat_76,4.8227840899132355
15,kcat_76,4.8294812374684195
16,kcat_76,4.833170391709957
17,kcat_76,4.840062348116066
18,kcat_76,4.840796353696284
19,kcat_76,4.835036191199064
20,kcat_76,4.8242583160067865
21,kcat_76,4.83342038904465
22,kcat_76,4.834187641602408
23,kcat_76,4.832630258199604
24,kcat_76,4.839437041312689
25,kcat_76,4.841712134441773
26,kcat_76,4.843336900725304
27,kcat_76,4.845115440672131
28,kcat_76,4.841151611855041
29,kcat_76,4.834895753269561
30,kcat_76,4.840705328297374
31,kcat_76,4.843251643195651
32,kcat_76,4.840850588507289
33,kcat_76,4.840222640860778
34,kcat_76,4.825755852964068
35,kcat_76,4.817868239466628
36,kcat_76,4.81133509858124
37,kcat_76,4.816083454269185
38,kcat_76,4.806729737667669
39,kcat_76,4.808449311365493
40,kcat_76,4.806244790007681
41,kcat_76,4.809456901621016
42,kcat_76,4.805534337098316
43,kcat_76,4.809630260310869
44,kcat_76,4.806747560486118
45,kcat_76,4.810089780408042
46,kcat_76,4.804152441272093
47,kcat_76,4.79978955709342
48,kcat_76,4.801955449222605
49,kcat_76,4.806102757606622
0,kcat_77,4.849997909780992
1,kcat_77,4.849938422081207
2,kcat_77,4.853363224562989
3,kcat_77,4.829438381862709
4,kcat_77,4.833725458003824
5,kcat_77,4.822826331130607
6,kcat_77,4.822077385105569
7,kcat_77,4.836768304618727
8,kcat_77,4.849033177598813
9,kcat_77,4.866628933090438
10,kcat_77,4.865858480915969
11,kcat_77,4.872992012804634
12,kcat_77,4.867829040575803
13,kcat_77,4.867213417152588
14,kcat_77,4.852677868297106
15,kcat_77,4.868806572687753
16,kcat_77,4.869718164566207
17,kcat_77,4.869996544646897
18,kcat_77,4.873977401138414
19,kcat_77,4.870768603634881
20,kcat_77,4.862668041490544
21,kcat_77,4.859710098918052
22,kcat_77,4.87488931813367
23,kcat_77,4.877190958664336
24,kcat_77,4.879240307907229
25,kcat_77,4.88300123821968
26,kcat_77,4.88588963368161
27,kcat_77,4.882940078862282
28,kcat_77,4.880102859739917
29,kcat_77,4.882172527022939
30,kcat_77,4.874176756581614
31,kcat_77,4.868036434898913
32,kcat_77,4.8620363437357
33,kcat_77,4.856728803489038
34,kcat_77,4.850679317870045
35,kcat_77,4.841983247471451
36,kcat_77,4.8419673406855495
37,kcat_77,4.847726408767759
38,kcat_77,4.856209810492328
39,kcat_77,4.864152604992506
40,kcat_77,4.869065178435801
41,kcat_77,4.869382773614628
42,kcat_77,4.864084801612535
43,kcat_77,4.860199780931412
44,kcat_77,4.856284791241326
45,kcat_77,4.8503614881857
46,kcat_77,4.854028660243098
47,kcat_77,4.854316401830563
48,kcat_77,4.861373282932556
49,kcat_77,4.862347015771432
0,kcat_78,4.824765672900297
1,kcat_78,4.828430423996714
2,kcat_78,4.873298142587124
3,kcat_78,4.877920791173105
4,kcat_78,4.883558077679523
5,kcat_78,4.858945316520727
6,kcat_78,4.85721779899413
7,kcat_78,4.848920181181793
8,kcat_78,4.834796219896422
9,kcat_78,4.829697223429898
10,kcat_78,4.818280441802947
11,kcat_78,4.81781584515257
12,kcat_78,4.815061141159078
13,kcat_78,4.806378418634137
14,kcat_78,4.801044198639605
15,kcat_78,4.796218326027737
16,kcat_78,4.786700617799943
17,kcat_78,4.7840842199292375
18,kcat_78,4.7815774279875844
19,kcat_78,4.7832668892023715
20,kcat_78,4.788588304466571
21,kcat_78,4.790507341672954
22,kcat_78,4.788100034668539
23,kcat_78,4.788883470757402
24,kcat_78,4.793634111383449
25,kcat_78,4.801036821987554
26,kcat_78,4.813059553685645
27,kcat_78,4.812033266525467
28,kcat_78,4.811611222569615
29,kcat_78,4.80977471539312
30,kcat_78,4.798867255378703
31,kcat_78,4.8050458363172375
32,kcat_78,4.804136766622972
33,kcat_78,4.7955914108901965
34,kcat_78,4.808698954274058
35,kcat_78,4.80510077830511
36,kcat_78,4.810787546495675
37,kcat_78,4.812450806914996
38,kcat_78,4.814199485469242
39,kcat_78,4.810363620861586
40,kcat_78,4.810362992369942
41,kcat_78,4.80765640235143
42,kcat_78,4.812059529932697
43,kcat_78,4.8199995514978635
44,kcat_78,4.821249562935061
45,kcat_78,4.830482336367887
46,kcat_78,4.823166105801394
47,kcat_78,4.82242115015046
48,kcat_78,4.822439904928139
49,kcat_78,4.81807790255837
0,kcat_79,4.8370146187312315
1,kcat_79,4.831845602706784
2,kcat_79,4.813215827269405
3,kcat_79,4.824451343331368
4,kcat_79,4.830969820362603
5,kcat_79,4.810618964017541
6,kcat_79,4.807338510505901
7,kcat_79,4.801015173583579
8,kcat_79,4.806633300197637
9,kcat_79,4.797353803287037
10,kcat_79,4.790048136793843
11,kcat_79,4.7958318337146775
12,kcat_79,4.797771028949356
13,kcat_79,4.786622071982212
14,kcat_79,4.782446663670984
15,kcat_79,4.780584046735777
16,kcat_79,4.784822949867802
17,kcat_79,4.783169372792373
18,kcat_79,4.779123870779052
19,kcat_79,4.7878055812255464
20,kcat_79,4.781066514760538
21,kcat_79,4.784766335556557
22,kcat_79,4.793469826997977
23,kcat_79,4.796531152222565
24,kcat_79,4.800133614787836
25,kcat_79,4.7919071818652474
26,kcat_79,4.784526843821834
27,kcat_79,4.788806674581019
28,kcat_79,4.784238948331636
29,kcat_79,4.782503174393875
30,kcat_79,4.787071113231693
31,kcat_79,4.792360806339775
32,kcat_79,4.792743398042738
33,kcat_79,4.787942321349623
34,kcat_79,4.780805963717264
35,kcat_79,4.783681975495279
36,kcat_79,4.793180567412128
37,kcat_79,4.797576604562151
38,kcat_79,4.801130044129852
39,kcat_79,4.8018087167467405
40,kcat_79,4.807717391054377
41,kcat_79,4.8054999977898305
42,kcat_79,4.81069615078277
43,kcat_79,4.815453277065796
44,kcat_79,4.814865832138705
45,kcat_79,4.819373974706906
46,kcat_79,4.817619991007372
47,kcat_79,4.816102205639972
48,kcat_79,4.809976706831473
49,kcat_79,4.8085487806628775
0,kcat_80,4.738305170464179
1,kcat_80,4.7499584777497645
2,kcat_80,4.779682858684325
3,kcat_80,4.768215933131591
4,kcat_80,4.767688756287133
5,kcat_80,4.752906511288903
6,kcat_80,4.751506317572066
7,kcat_80,4.726766352152599
8,kcat_80,4.7312706577201356
9,kcat_80,4.721549467527688
10,kcat_80,4.717228584340544
11,kcat_80,4.716491355831439
12,kcat_80,4.7194575025416885
13,kcat_80,4.712224114714765
14,kcat_80,4.7126014608809665
15,kcat_80,4.712767429382848
16,kcat_80,4.70309597479605
17,kcat_80,4.714798841875664
18,kcat_80,4.703430472507032
19,kcat_80,4.706236350982802
20,kcat_80,4.706250668420108
21,kcat_80,4.711361200968301
22,kcat_80,4.712011163252924
23,kcat_80,4.715639233507714
24,kcat_80,4.721443993687083
25,kcat_80,4.72451464342317
26,kcat_80,4.7376552954788425
27,kcat_80,4.734900005333363
28,kcat_80,4.734656931330754
29,kcat_80,4.732849254100038
30,kcat_80,4.740206445445018
31,kcat_80,4.747580274275038
32,kcat_80,4.74851488132217
33,kcat_80,4.743558575457012
34,kcat_80,4.729444694268749
35,kcat_80,4.734075184287602
36,kcat_80,4.7291877634043455
37,kcat_80,4.729822465388096
38,kcat_80,4.725278561427672
39,kcat_80,4.719572513836019
40,kcat_80,4.717314384279454
41,kcat_80,4.714956638278559
42,kcat_80,4.72602486556834
43,kcat_80,4.717469237732955
44,kcat_80,4.720623303533624
45,kcat_80,4.718061962117394
46,kcat_80,4.715976999014316
47,kcat_80,4.716126222292516
48,kcat_80,4.7167958266003085
49,kcat_80,4.712441182687636
0,kcat_81,4.745400848868734
1,kcat_81,4.751295912874888
2,kcat_81,4.737793241663461
3,kcat_81,4.713481633773763
4,kcat_81,4.695798773379687
5,kcat_81,4.6693786581552095
6,kcat_81,4.672110359036886
7,kcat_81,4.667515199021072
8,kcat_81,4.670277487104758
9,kcat_81,4.6729783903377005
10,kcat_81,4.672656457511921
11,kcat_81,4.666862070686603
12,kcat_81,4.654560847243277
13,kcat_81,4.656981058615152
14,kcat_81,4.670137035671735
15,kcat_81,4.662915428780207
16,kcat_81,4.662963279555339
17,kcat_81,4.673946637516599
18,kcat_81,4.65777683682454
19,kcat_81,4.664661160401743
20,kcat_81,4.66991194832332
21,kcat_81,4.675468697782007
22,kcat_81,4.667263926336474
23,kcat_81,4.667481482195008
24,kcat_81,4.664162511865853
25,kcat_81,4.665432710026242
26,kcat_81,4.657893236166847
27,kcat_81,4.646285097723654
28,kcat_81,4.637368983346651
29,kcat_81,4.638562510125097
30,kcat_81,4.636792227828099
31,kcat_81,4.640329486541557
32,kcat_81,4.639991005462505
33,kcat_81,4.640192594949335
34,kcat_81,4.634391217350386
35,kcat_81,4.628758174527666
36,kcat_81,4.636614568132292
37,kcat_81,4.631709150798639
38,kcat_81,4.631331901177461
39,kcat_81,4.63208765544699
40,kcat_81,4.629579627875657
41,kcat_81,4.6251475277055025
42,kcat_81,4.621309718252994
43,kcat_81,4.623558595757752
44,kcat_81,4.6223555618694805
45,kcat_81,4.621588339493492
46,kcat_81,4.6033216944419495
47,kcat_81,4.6055813293786505
48,kcat_81,4.599527911683458
49,kcat_81,4.600374005896937
0,kcat_82,4.726098156682901
1,kcat_82,4.727735981971949
2,kcat_82,4.768043714171991
3,kcat_82,4.748799998401383
4,kcat_82,4.748969569974505
5,kcat_82,4.737920077559515
6,kcat_82,4.746476120513135
7,kcat_82,4.773250269387135
8,kcat_82,4.738772903179373
9,kcat_82,4.746254879824966
10,kcat_82,4.742469309888826
11,kcat_82,4.745947999773532
12,kcat_82,4.752709305183035
13,kcat_82,4.739194663233789
14,kcat_82,4.736254736935072
15,kcat_82,4.726937690736827
16,kcat_82,4.724105161250543
17,kcat_82,4.717194282059864
18,kcat_82,4.707718818106935
19,kcat_82,4.7050317066460545
20,kcat_82,4.714124934773021
21,kcat_82,4.716388693293567
22,kcat_82,4.706401103056589
23,kcat_82,4.703896329273236
24,kcat_82,4.6985382990909175
25,kcat_82,4.694636398299331
26,kcat_82,4.68658022763669
27,kcat_82,4.683089230207639
28,kcat_82,4.677991951746801
29,kcat_82,4.682913869864199
30,kcat_82,4.691229023730734
31,kcat_82,4.697436533008408
32,kcat_82,4.701142140151099
33,kcat_82,4.7003214854753255
34,kcat_82,4.694360624154765
35,kcat_82,4.685058257060969
36,kcat_82,4.67695260425524
37,kcat_82,4.678334773721381
38,kcat_82,4.672004676416723
39,kcat_82,4.668381385889548
40,kcat_82,4.6669994492994125
41,kcat_82,4.672452181424401
42,kcat_82,4.6762899255401935
43,kcat_82,4.683193331954924
44,kcat_82,4.680334070170674
45,kcat_82,4.6880331424236665
46,kcat_82,4.708284978304842
47,kcat_82,4.707422490297508
48,kcat_82,4.70986712367475
49,kcat_82,4.711646904237155
0,kcat_83,4.786560466978651
1,kcat_83,4.794261750595802
2,kcat_83,4.787681285679488
3,kcat_83,4.799092998431005
4,kcat_83,4.793043665525059
5,kcat_83,4.795867593156322
6,kcat_83,4.79802759520944
7,kcat_83,4.801828142278279
8,kcat_83,4.7674950541125
9,kcat_83,4.771389820938452
10,kcat_83,4.754394795859297
11,kcat_83,4.756550510669958
12,kcat_83,4.761632548239272
13,kcat_83,4.76442277264994
14,kcat_83,4.783048899958459
15,kcat_83,4.787305539968096
16,kcat_83,4.796143661187634
17,kcat_83,4.787515326729115
18,kcat_83,4.776509202206227
19,kcat_83,4.780266737031964
20,kcat_83,4.791851844610255
21,kcat_83,4.7919038620464685
22,kcat_83,4.805912747774291
23,kcat_83,4.8059877458196825
24,kcat_83,4.802351521078439
25,kcat_83,4.793306131036734
26,kcat_83,4.786217079667554
27,kcat_83,4.784728296959016
28,kcat_83,4.772242310710643
29,kcat_83,4.764463338955122
30,kcat_83,4.758364858166858
31,kcat_83,4.7593170483370635
32,kcat_83,4.765295074540951
33,kcat_83,4.766615189921643
34,kcat_83,4.762705630838967
35,kcat_83,4.76726756207159
36,kcat_83,4.763642758375626
37,kcat_83,4.765476756144785
38,kcat_83,4.7626506147775975
39,kcat_83,4.761664858279301
40,kcat_83,4.762153729989091
41,kcat_83,4.764940633196281
42,kcat_83,4.764418149374844
43,kcat_83,4.7605151792679
44,kcat_83,4.772925333169094
45,kcat_83,4.766411722309889
46,kcat_83,4.771485301254958
47,kcat_83,4.768545669337439
48,kcat_83,4.762621954201208
49,kcat_83,4.763853500618134
0,kcat_84,4.789910191895351
1,kcat_84,4.792924671419448
2,kcat_84,4.775526123505509
3,kcat_84,4.7556830018304215
4,kcat_84,4.735420983925203
5,kcat_84,4.737047571999001
6,kcat_84,4.736787721035926
7,kcat_84,4.732620092795257
8,kcat_84,4.723764089507479
9,kcat_84,4.7266005804463465
10,kcat_84,4.7173746675805335
11,kcat_84,4.720350526494277
12,kcat_84,4.714316644007042
13,kcat_84,4.731695405611852
14,kcat_84,4.736081554759989
15,kcat_84,4.728671648901149
16,kcat_84,4.724631118859194
17,kcat_84,4.722249382397128
18,kcat_84,4.715318927435717
19,kcat_84,4.7180931481209365
20,kcat_84,4.714417296875559
21,kcat_84,4.719137955987395
22,kcat_84,4.71838557177393
23,kcat_84,4.724098421494449
24,kcat_84,4.721117432236085
25,kcat_84,4.7226067232595
26,kcat_84,4.725180748379173
27,kcat_84,4.726867026795202
28,kcat_84,4.731250022151622
29,kcat_84,4.732747857168321
30,kcat_84,4.722657996707873
31,kcat_84,4.72079913909966
32,kcat_84,4.711449529229353
33,kcat_84,4.715494109479497
34,kcat_84,4.709561798192491
35,kcat_84,4.710935360809269
36,kcat_84,4.723872854010023
37,kcat_84,4.719477803429743
38,kcat_84,4.720086420664799
39,kcat_84,4.715084768117368
40,kcat_84,4.711210946723159
41,kcat_84,4.713957006408553
42,kcat_84,4.713568166529254
43,kcat_84,4.708227687071833
44,kcat_84,4.707610794736785
45,kcat_84,4.701317922169439
46,kcat_84,4.703428334953178
47,kcat_84,4.712673425388442
48,kcat_84,4.713612357511651
49,kcat_84,4.714402509535471
0,kcat_85,5.106939322554348
1,kcat_85,5.112817487263524
2,kcat_85,5.144259093585549
3,kcat_85,5.14544706890144
4,kcat_85,5.159278000061119
5,kcat_85,5.116560570056197
6,kcat_85,5.112287250044878
7,kcat_85,5.092364457273018
8,kcat_85,5.073610364178067
9,kcat_85,5.059508684576373
10,kcat_85,5.066512598393023
11,kcat_85,5.077126276822515
12,kcat_85,5.078854989037521
13,kcat_85,5.074862744029463
14,kcat_85,5.068233168779952
15,kcat_85,5.072634580530832
16,kcat_85,5.066489108578438
17,kcat_85,5.057592648599337
18,kcat_85,5.053441669133472
19,kcat_85,5.0561258716402655
20,kcat_85,5.051180176366634
21,kcat_85,5.04354390286977
22,kcat_85,5.0410670479081965
23,kcat_85,5.04278880876308
24,kcat_85,5.045695273222067
25,kcat_85,5.042507329381826
26,kcat_85,5.0444637320097305
27,kcat_85,5.047460494437775
28,kcat_85,5.04113975324226
29,kcat_85,5.0319528533621485
30,kcat_85,5.0348074880790215
31,kcat_85,5.038154037962857
32,kcat_85,5.0391770843117785
33,kcat_85,5.0325277860907915
34,kcat_85,5.02670846733852
35,kcat_85,5.028112558191114
36,kcat_85,5.030818867882
37,kcat_85,5.034758853993113
38,kcat_85,5.037205587646793
39,kcat_85,5.035480583939077
40,kcat_85,5.039774609112985
41,kcat_85,5.03540557742781
42,kcat_85,5.035226917127136
43,kcat_85,5.030993944560111
44,kcat_85,5.030166153937912
45,kcat_85,5.029689269866296
46,kcat_85,5.029158590417641
47,kcat_85,5.022533060177725
48,kcat_85,5.029852858339674
49,kcat_85,5.029767066585615
0,kcat_86,5.1237995186194185
1,kcat_86,5.113680916127382
2,kcat_86,5.093160419730317
3,kcat_86,5.099248067262622
4,kcat_86,5.1102022419412965
5,kcat_86,5.102662187437908
6,kcat_86,5.105020979082306
7,kcat_86,5.076723443420426
8,kcat_86,5.071052681200444
9,kcat_86,5.054967704433322
10,kcat_86,5.060086547243144
11,kcat_86,5.071847667921202
12,kcat_86,5.0871572189299075
13,kcat_86,5.076956937353267
14,kcat_86,5.074599220017867
15,kcat_86,5.05697722114201
16,kcat_86,5.063110887167443
17,kcat_86,5.054842247816188
18,kcat_86,5.04881546195652
19,kcat_86,5.0426489383634525
20,kcat_86,5.044635503935261
21,kcat_86,5.052963820631349
22,kcat_86,5.049034174785162
23,kcat_86,5.046407284422141
24,kcat_86,5.055146913977026
25,kcat_86,5.049449984342793
26,kcat_86,5.047572382360446
27,kcat_86,5.0398889775342015
28,kcat_86,5.040589762137664
29,kcat_86,5.037554031202833
30,kcat_86,5.034793942019117
31,kcat_86,5.036640874481522
32,kcat_86,5.040688371236055
33,kcat_86,5.040274280376029
34,kcat_86,5.048485586642687
35,kcat_86,5.0415588189511995
36,kcat_86,5.038448070291599
37,kcat_86,5.044417393476667
38,kcat_86,5.046636789994085
39,kcat_86,5.0456955057060116
40,kcat_86,5.0463414417917765
41,kcat_86,5.044340618891255
42,kcat_86,5.04466925096594
43,kcat_86,5.043468650921337
44,kcat_86,5.045396297209411
45,kcat_86,5.044480210049825
46,kcat_86,5.045524280592713
47,kcat_86,5.050919733960121
48,kcat_86,5.0536363073384365
49,kcat_86,5.054389407822746
0,kcat_87,5.148477402016745
1,kcat_87,5.132894952335484
2,kcat_87,5.130511608318929
3,kcat_87,5.12494520979963
4,kcat_87,5.134058094599864
5,kcat_87,5.1197269016099
6,kcat_87,5.135793620623051
7,kcat_87,5.124241821368608
8,kcat_87,5.086781472523984
9,kcat_87,5.093966599576879
10,kcat_87,5.08538501930188
11,kcat_87,5.091483213007988
12,kcat_87,5.108980014119369
13,kcat_87,5.11650211901127
14,kcat_87,5.105059777084329
15,kcat_87,5.10555171949655
16,kcat_87,5.110588946887145
17,kcat_87,5.11349728605036
18,kcat_87,5.115332040947629
19,kcat_87,5.111290071303876
20,kcat_87,5.109334524219944
21,kcat_87,5.1165938119792225
22,kcat_87,5.119405715813371
23,kcat_87,5.11882713164258
24,kcat_87,5.12332515626076
25,kcat_87,5.123560133490252
26,kcat_87,5.1246283264119015
27,kcat_87,5.122883386528179
28,kcat_87,5.1275387404995945
29,kcat_87,5.13245882421933
30,kcat_87,5.135679608994241
31,kcat_87,5.134235991256591
32,kcat_87,5.149277718906767
33,kcat_87,5.147596699717505
34,kcat_87,5.149190276141317
35,kcat_87,5.148167754518769
36,kcat_87,5.148707432326047
37,kcat_87,5.145941394002785
38,kcat_87,5.139720913473846
39,kcat_87,5.139191019505929
40,kcat_87,5.1422115684397935
41,kcat_87,5.141553762921086
42,kcat_87,5.142055421251985
43,kcat_87,5.133816034041022
44,kcat_87,5.133464689957473
45,kcat_87,5.127378884238223
46,kcat_87,5.135634036759395
47,kcat_87,5.137010536197473
48,kcat_87,5.137952204643746
49,kcat_87,5.13359679549283
0,kcat_88,4.249589697704021
1,kcat_88,4.251871348444969
2,kcat_88,4.240608519375881
3,kcat_88,4.23540666183409
4,kcat_88,4.229821285727517
5,kcat_88,4.2144263199050895
6,kcat_88,4.219276326000275
7,kcat_88,4.213606854984769
8,kcat_88,4.214661948994446
9,kcat_88,4.221984239490599
10,kcat_88,4.215889993740696
11,kcat_88,4.220688036330187
12,kcat_88,4.223879700146595
13,kcat_88,4.234868869417156
14,kcat_88,4.246955908160961
15,kcat_88,4.2516298186871815
16,kcat_88,4.258152233323118
17,kcat_88,4.260134227131689
18,kcat_88,4.256620112443617
19,kcat_88,4.253625605322279
20,kcat_88,4.261738375309308
21,kcat_88,4.266803050034063
22,kcat_88,4.270829273081923
23,kcat_88,4.268128872088301
24,kcat_88,4.270740160926607
25,kcat_88,4.274502515145084
26,kcat_88,4.277193439399232
27,kcat_88,4.265825453115502
28,kcat_88,4.264355518486152
29,kcat_88,4.261750541658863
30,kcat_88,4.261789929642192
31,kcat_88,4.260580917830555
32,kcat_88,4.262380206216419
33,kcat_88,4.2560127413004105
34,kcat_88,4.25595889141903
35,kcat_88,4.257176621138423
36,kcat_88,4.251514025859106
37,kcat_88,4.248616774130657
38,kcat_88,4.253218991772868
39,kcat_88,4.257453288804867
40,kcat_88,4.262994781925223
41,kcat_88,4.2629857637425035
42,kcat_88,4.260517586093188
43,kcat_88,4.2576309856488415
44,kcat_88,4.258289146004792
45,kcat_88,4.25757336937383
46,kcat_88,4.25260988146394
47,kcat_88,4.244533401036557
48,kcat_88,4.248716539117211
49,kcat_88,4.249083979051566
0,kcat_89,4.2314771525538415
1,kcat_89,4.2257219226863425
2,kcat_89,4.222183115707557
3,kcat_89,4.218659237020883
4,kcat_89,4.218566167050168
5,kcat_89,4.232069934608343
6,kcat_89,4.212396288550503
7,kcat_89,4.219518219712674
8,kcat_89,4.206251315354784
9,kcat_89,4.216790215658759
10,kcat_89,4.222407183198876
11,kcat_89,4.220055179369447
12,kcat_89,4.213132094580611
13,kcat_89,4.214840275258061
14,kcat_89,4.22870010036245
15,kcat_89,4.22085869067892
16,kcat_89,4.225952445141507
17,kcat_89,4.22396946832185
18,kcat_89,4.22920897043663
19,kcat_89,4.238364249095526
20,kcat_89,4.234310605993562
21,kcat_89,4.23836395789631
22,kcat_89,4.242957396162926
23,kcat_89,4.237593694256271
24,kcat_89,4.23758454601576
25,kcat_89,4.240843280063182
26,kcat_89,4.250225073886423
27,kcat_89,4.252889076129852
28,kcat_89,4.250295327712021
29,kcat_89,4.239358581091326
30,kcat_89,4.2377100596453685
31,kcat_89,4.239096901332024
32,kcat_89,4.2471894285305165
33,kcat_89,4.253307764023326
34,kcat_89,4.254644073839559
35,kcat_89,4.256408438067107
36,kcat_89,4.254166372529429
37,kcat_89,4.254023623758755
38,kcat_89,4.261560712332927
39,kcat_89,4.254331849828228
40,kcat_89,4.254809513105067
41,kcat_89,4.261980562512787
42,kcat_89,4.265465913346855
43,kcat_89,4.259589413452337
44,kcat_89,4.255276018717651
45,kcat_89,4.254717876943307
46,kcat_89,4.247900888033329
47,kcat_89,4.252156443260638
48,kcat_89,4.249846309519053
49,kcat_89,4.250119809109583
0,kcat_90,4.09570919069869
1,kcat_90,4.089549440383252
2,kcat_90,4.0738428670425275
3,kcat_90,4.083788910970676
4,kcat_90,4.104266380137338
5,kcat_90,4.100589371118905
6,kcat_90,4.099377212531994
7,kcat_90,4.0957682821646415
8,kcat_90,4.102545818166932
9,kcat_90,4.0977323883946895
10,kcat_90,4.109853630103312
11,kcat_90,4.108207867953633
12,kcat_90,4.112453299836385
13,kcat_90,4.111226578319107
14,kcat_90,4.117101558371696
15,kcat_90,4.101475178066552
16,kcat_90,4.100895275659526
17,kcat_90,4.098326473273663
18,kcat_90,4.095425235796554
19,kcat_90,4.098815485818249
20,kcat_90,4.085744275666643
21,kcat_90,4.087859718921086
22,kcat_90,4.103097334555252
23,kcat_90,4.103072322724316
24,kcat_90,4.110896066886575
25,kcat_90,4.114560964960499
26,kcat_90,4.114134192371586
27,kcat_90,4.107472091500096
28,kcat_90,4.114864285931066
29,kcat_90,4.105426879495125
30,kcat_90,4.1082301652392825
31,kcat_90,4.1133772388453735
32,kcat_90,4.108634756656036
33,kcat_90,4.1070855162116375
34,kcat_90,4.1011805975091775
35,kcat_90,4.101386302898468
36,kcat_90,4.111204886220004
37,kcat_90,4.111305075576272
38,kcat_90,4.120942438061033
39,kcat_90,4.123468035076215
40,kcat_90,4.115319283604682
41,kcat_90,4.111519379225415
42,kcat_90,4.108677316313193
43,kcat_90,4.099962207737299
44,kcat_90,4.090768759816433
45,kcat_90,4.0820791547651805
46,kcat_90,4.09248351612783
47,kcat_90,4.093943825225195
48,kcat_90,4.103217995627329
49,kcat_90,4.101158653084785
0,kcat_91,5.234753102560168
1,kcat_91,5.237381458610023
2,kcat_91,5.226102383028085
3,kcat_91,5.265840113882876
4,kcat_91,5.270558190293972
5,kcat_91,5.242954322115623
6,kcat_91,5.25291383382826
7,kcat_91,5.253393284098208
8,kcat_91,5.230553713832614
9,kcat_91,5.211778808599545
10,kcat_91,5.202804614945012
11,kcat_91,5.199875446431299
12,kcat_91,5.187355255753443
13,kcat_91,5.185066809549933
14,kcat_91,5.187126442985379
15,kcat_91,5.1933051183130745
16,kcat_91,5.1912413139135545
17,kcat_91,5.190191760665188
18,kcat_91,5.17923931204413
19,kcat_91,5.18216582206828
20,kcat_91,5.181033758334528
21,kcat_91,5.186999072124262
22,kcat_91,5.199746544233907
23,kcat_91,5.198270456210853
24,kcat_91,5.199182526489268
25,kcat_91,5.200588773441686
26,kcat_91,5.184347441151884
27,kcat_91,5.180431166944333
28,kcat_91,5.1739010580027465
29,kcat_91,5.173873626647791
30,kcat_91,5.174455176518223
31,kcat_91,5.166008534376591
32,kcat_91,5.163836061022567
33,kcat_91,5.1658296679205105
34,kcat_91,5.167175592197162
35,kcat_91,5.164147605266837
36,kcat_91,5.164100035776305
37,kcat_91,5.162060701170147
38,kcat_91,5.165396558624021
39,kcat_91,5.1664147765752295
40,kcat_91,5.158717352061925
41,kcat_91,5.1567680060234835
42,kcat_91,5.1572836765613905
43,kcat_91,5.148599399246116
44,kcat_91,5.1533016521055375
45,kcat_91,5.164058181363888
46,kcat_91,5.1722935443545826
47,kcat_91,5.1715137780449
48,kcat_91,5.1788087800854
49,kcat_91,5.175863674544827
0,kcat_92,5.460672061937954
1,kcat_92,5.461413657334691
2,kcat_92,5.500880068367282
3,kcat_92,5.516258376314754
4,kcat_92,5.519100419294113
5,kcat_92,5.473914576362323
6,kcat_92,5.481684740868144
7,kcat_92,5.451118390814363
8,kcat_92,5.436680471004553
9,kcat_92,5.444584682413183
10,kcat_92,5.435487705541648
11,kcat_92,5.433712664537808
12,kcat_92,5.437612152506395
13,kcat_92,5.439473877265365
14,kcat_92,5.431835776887495
15,kcat_92,5.422760220970807
16,kcat_92,5.432679073640399
17,kcat_92,5.441701668162979
18,kcat_92,5.437789210109411
19,kcat_92,5.431694501243544
20,kcat_92,5.41479072537935
21,kcat_92,5.40249998281388
22,kcat_92,5.393652725602174
23,kcat_92,5.395097945816039
24,kcat_92,5.3964931426137195
25,kcat_92,5.395404328253326
26,kcat_92,5.3945129581239435
27,kcat_92,5.39644197700535
28,kcat_92,5.397023642123051
29,kcat_92,5.400445994320823
30,kcat_92,5.400750819143231
31,kcat_92,5.4016172313043835
32,kcat_92,5.395045815161818
33,kcat_92,5.398131934656758
34,kcat_92,5.397846526934271
35,kcat_92,5.399626852545381
36,kcat_92,5.398409647607553
37,kcat_92,5.394740635825771
38,kcat_92,5.38622578384503
39,kcat_92,5.383824702861163
40,kcat_92,5.382310034295583
41,kcat_92,5.38122908144285
42,kcat_92,5.385564107886367
43,kcat_92,5.391479251747755
44,kcat_92,5.391302524491168
45,kcat_92,5.397530072760955
46,kcat_92,5.385339843903252
47,kcat_92,5.38992824604776
48,kcat_92,5.395788123846889
49,kcat_92,5.394212541572124
0,kcat_93,5.710684064660957
1,kcat_93,5.71528826488788
2,kcat_93,5.735451990655695
3,kcat_93,5.728745421959875
4,kcat_93,5.741675545714245
5,kcat_93,5.699483403337048
6,kcat_93,5.6994515398621015
7,kcat_93,5.677483887304453
8,kcat_93,5.645049999313858
9,kcat_93,5.6453730322344615
10,kcat_93,5.635223836853794
11,kcat_93,5.625885117762119
12,kcat_93,5.628764929964523
13,kcat_93,5.616775135402349
14,kcat_93,5.600847322267034
15,kcat_93,5.580313095264303
16,kcat_93,5.5930749677933935
17,kcat_93,5.589624871711399
18,kcat_93,5.59391828676345
19,kcat_93,5.594444630937764
20,kcat_93,5.608959538887263
21,kcat_93,5.615936001387582
22,kcat_93,5.620234980727053
23,kcat_93,5.620768821816145
24,kcat_93,5.622520804010327
25,kcat_93,5.627839458133749
26,kcat_93,5.625853771691937
27,kcat_93,5.620197502626881
28,kcat_93,5.619237430771676
29,kcat_93,5.615838438243903
30,kcat_93,5.60385921828591
31,kcat_93,5.603375524708708
32,kcat_93,5.618957498645005
33,kcat_93,5.607247901107168
34,kcat_93,5.599892706366325
35,kcat_93,5.58853742245499
36,kcat_93,5.584605503955874
37,kcat_93,5.582624849251621
38,kcat_93,5.5750864980252945
39,kcat_93,5.571654056665443
40,kcat_93,5.565596232528069
41,kcat_93,5.565325476942701
42,kcat_93,5.552603206901338
43,kcat_93,5.5399216050512265
44,kcat_93,5.539851108099783
45,kcat_93,5.538243616798399
46,kcat_93,5.540019397562448
47,kcat_93,5.5483996038489645
48,kcat_93,5.5400330267911135
49,kcat_93,5.535743526443527
0,kcat_94,5.245606809738765
1,kcat_94,5.249441491797592
2,kcat_94,5.2569162592375305
3,kcat_94,5.242246086918661
4,kcat_94,5.23257316557673
5,kcat_94,5.206317540729786
6,kcat_94,5.207687965992488
7,kcat_94,5.196222230615064
8,kcat_94,5.175196775936879
9,kcat_94,5.180120528531866
10,kcat_94,5.1800529863819245
11,kcat_94,5.183273602505435
12,kcat_94,5.179452773278517
13,kcat_94,5.186698868878691
14,kcat_94,5.189294184872154
15,kcat_94,5.172154737829829
16,kcat_94,5.181611149909724
17,kcat_94,5.182099685385297
18,kcat_94,5.188838214998332
19,kcat_94,5.188779248860334
20,kcat_94,5.195475345897121
21,kcat_94,5.206660841307957
22,kcat_94,5.212798288906862
23,kcat_94,5.2138691194488445
24,kcat_94,5.204822111456586
25,kcat_94,5.202670713654843
26,kcat_94,5.204497635792497
27,kcat_94,5.208272053049213
28,kcat_94,5.201355545982146
29,kcat_94,5.203313174095772
30,kcat_94,5.200128950770453
31,kcat_94,5.201716134027413
32,kcat_94,5.204505948453618
33,kcat_94,5.207981600886795
34,kcat_94,5.20311366262842
35,kcat_94,5.195651646841872
36,kcat_94,5.201115080029447
37,kcat_94,5.202685217875874
38,kcat_94,5.189751380345087
39,kcat_94,5.184585375501066
40,kcat_94,5.186487470084722
41,kcat_94,5.184190151021567
42,kcat_94,5.188476864661213
43,kcat_94,5.187685426941918
44,kcat_94,5.188653279241355
45,kcat_94,5.188785484840736
46,kcat_94,5.193346744615909
47,kcat_94,5.195766029457789
48,kcat_94,5.197505320021782
49,kcat_94,5.1902685333190695
0,kcat_95,4.282522078509711
1,kcat_95,4.267933627278453
2,kcat_95,4.270035913599498
3,kcat_95,4.254103587074073
4,kcat_95,4.2536032413404055
5,kcat_95,4.273326452134604
6,kcat_95,4.2760317289457195
7,kcat_95,4.2733786741445225
8,kcat_95,4.2896058290443095
9,kcat_95,4.278790204535099
10,kcat_95,4.265739633337794
11,kcat_95,4.27588391407822
12,kcat_95,4.279871930670787
13,kcat_95,4.278894866924924
14,kcat_95,4.284887646575984
15,kcat_95,4.277646298438821
16,kcat_95,4.2632270008558155
17,kcat_95,4.250528936395179
18,kcat_95,4.251393827412469
19,kcat_95,4.250205478080763
20,kcat_95,4.249966256495448
21,kcat_95,4.252661982805105
22,kcat_95,4.258573698711331
23,kcat_95,4.260188695785889
24,kcat_95,4.25996966130252
25,kcat_95,4.262387753999378
26,kcat_95,4.248597206230052
27,kcat_95,4.256822453095349
28,kcat_95,4.2557725185388176
29,kcat_95,4.25506613511397
30,kcat_95,4.259176703858855
31,kcat_95,4.259474257114373
32,kcat_95,4.247523451814231
33,kcat_95,4.251407152353534
34,kcat_95,4.254787178232379
35,kcat_95,4.2524162233443255
36,kcat_95,4.259928997715517
37,kcat_95,4.261994409267862
38,kcat_95,4.257017482885317
39,kcat_95,4.251248378632914
40,kcat_95,4.251140725646098
41,kcat_95,4.25324760180138
42,kcat_95,4.255050615217338
43,kcat_95,4.24539710197087
44,kcat_95,4.237172866399732
45,kcat_95,4.241659559757756
46,kcat_95,4.237915977307199
47,kcat_95,4.235689450406981
48,kcat_95,4.241701235700933
49,kcat_95,4.243325619844713
0,kcat_96,3.4962488475628817
1,kcat_96,3.4868572212982114
2,kcat_96,3.47979623909648
3,kcat_96,3.45048235913042
4,kcat_96,3.4423035876343353
5,kcat_96,3.473703901945698
6,kcat_96,3.482213304344476
7,kcat_96,3.4858313544701205
8,kcat_96,3.5088633894358296
9,kcat_96,3.5122553414088085
10,kcat_96,3.5164168690262203
11,kcat_96,3.5221627427357487
12,kcat_96,3.5242317611712983
13,kcat_96,3.525885309104691
14,kcat_96,3.5372067802675007
15,kcat_96,3.544079454367576
16,kcat_96,3.537573762628881
17,kcat_96,3.539785969385943
18,kcat_96,3.5382037352860523
19,kcat_96,3.539156953486935
20,kcat_96,3.5281757614193627
21,kcat_96,3.5299670993891006
22,kcat_96,3.52627127281531
23,kcat_96,3.5298836470952226
24,kcat_96,3.532104927993255
25,kcat_96,3.539673021584904
26,kcat_96,3.5333791175264526
27,kcat_96,3.522395259951326
28,kcat_96,3.5177003163921965
29,kcat_96,3.514087871211363
30,kcat_96,3.5092389536358093
31,kcat_96,3.5129175561753274
32,kcat_96,3.523517607177987
33,kcat_96,3.5240367670525576
34,kcat_96,3.5371449971476534
35,kcat_96,3.5429098114784474
36,kcat_96,3.535078701264585
37,kcat_96,3.5339585432411553
38,kcat_96,3.5414048026370257
39,kcat_96,3.5482588334706096
40,kcat_96,3.5395125978150976
41,kcat_96,3.5468175969803752
42,kcat_96,3.547732373151736
43,kcat_96,3.5508696398195245
44,kcat_96,3.55420519546505
45,kcat_96,3.551412813345354
46,kcat_96,3.544993932480975
47,kcat_96,3.5504938537355373
48,kcat_96,3.546047066792
49,kcat_96,3.546032521141288
0,kcat_97,3.9051332328310657
1,kcat_97,3.8991157378268353
2,kcat_97,3.8794468434236244
3,kcat_97,3.9041997808365174
4,kcat_97,3.8807002825648085
5,kcat_97,3.910809488063731
6,kcat_97,3.9133597008962693
7,kcat_97,3.9313125786278995
8,kcat_97,3.937059155656943
9,kcat_97,3.9425114082139237
10,kcat_97,3.94962509580313
11,kcat_97,3.969411634362328
12,kcat_97,3.9756604864311833
13,kcat_97,3.9718847186678965
14,kcat_97,3.988616316726253
15,kcat_97,3.9847487136111623
16,kcat_97,3.991988867174433
17,kcat_97,3.9909595250808048
18,kcat_97,3.9989407833776616
19,kcat_97,4.006492728819832
20,kcat_97,4.01636691347939
21,kcat_97,4.01517633925708
22,kcat_97,4.00975456591498
23,kcat_97,4.0107194440208565
24,kcat_97,4.015420577106924
25,kcat_97,4.008997188522179
26,kcat_97,4.015828838265621
27,kcat_97,4.011011166908802
28,kcat_97,4.006720248523617
29,kcat_97,4.021509108590571
30,kcat_97,4.02535565398689
31,kcat_97,4.029556495571397
32,kcat_97,4.027755391193803
33,kcat_97,4.021888531652701
34,kcat_97,4.01896056068618
35,kcat_97,4.017895606920555
36,kcat_97,4.012122388879917
37,kcat_97,4.00961590569844
38,kcat_97,4.004568436672384
39,kcat_97,4.005900591956123
40,kcat_97,4.005078964769207
41,kcat_97,4.003585258488604
42,kcat_97,4.009198673821107
43,kcat_97,3.994709784581234
44,kcat_97,3.9929895623810583
45,kcat_97,3.989204366150169
46,kcat_97,3.9848233143152427
47,kcat_97,3.9865987407870622
48,kcat_97,3.9881549426632223
49,kcat_97,3.986889320785948
0,kcat_98,3.439187674678988
1,kcat_98,3.4298732531623
2,kcat_98,3.4182028757674785
3,kcat_98,3.4436959017164295
4,kcat_98,3.4655013310672675
5,kcat_98,3.498787119519983
6,kcat_98,3.4965850869540156
7,kcat_98,3.5141254994738658
8,kcat_98,3.5300486167469245
9,kcat_98,3.5240231969538667
10,kcat_98,3.531758862828119
11,kcat_98,3.527277990435189
12,kcat_98,3.5266227238050156
13,kcat_98,3.534206505271498
14,kcat_98,3.535323332540103
15,kcat_98,3.5219634659406527
16,kcat_98,3.5306427694627422
17,kcat_98,3.5399691230582127
18,kcat_98,3.5451759396925278
19,kcat_98,3.5389174676510606
20,kcat_98,3.5401787067553245
21,kcat_98,3.544567724301187
22,kcat_98,3.5375438529610013
23,kcat_98,3.5405518585968876
24,kcat_98,3.543874646314052
25,kcat_98,3.5383040952195315
26,kcat_98,3.547750202608954
27,kcat_98,3.5505745520771663
28,kcat_98,3.551904093184463
29,kcat_98,3.5572399271005386
30,kcat_98,3.5596785466142378
31,kcat_98,3.5645428628595996
32,kcat_98,3.570238895372094
33,kcat_98,3.5712698446526354
34,kcat_98,3.571460008066321
35,kcat_98,3.567914194555089
36,kcat_98,3.572353850031574
37,kcat_98,3.572291142955419
38,kcat_98,3.572720314762856
39,kcat_98,3.5800531463149485
40,kcat_98,3.5897941696744975
41,kcat_98,3.5854076464678384
42,kcat_98,3.574698652229127
43,kcat_98,3.569029541731533
44,kcat_98,3.569853916462635
45,kcat_98,3.5765195861446544
46,kcat_98,3.5876256229257915
47,kcat_98,3.5842465973385287
48,kcat_98,3.586895000663062
49,kcat_98,3.582446778704317
0,kcat_99,5.37668936125526
1,kcat_99,5.383543654231714
2,kcat_99,5.376333232590265
3,kcat_99,5.364739617437344
4,kcat_99,5.376460685023213
5,kcat_99,5.356346532610111
6,kcat_99,5.361074233222923
7,kcat_99,5.364312560267767
8,kcat_99,5.3157813131369585
9,kcat_99,5.317710575460014
10,kcat_99,5.3199286114992494
11,kcat_99,5.32004221620069
12,kcat_99,5.300806918890643
13,kcat_99,5.298417600693663
14,kcat_99,5.2948888891394414
15,kcat_99,5.291472676554015
16,kcat_99,5.297282617450176
17,kcat_99,5.297114254695085
18,kcat_99,5.29694388846689
19,kcat_99,5.29431931184131
20,kcat_99,5.279932550266911
21,kcat_99,5.283434082247746
22,kcat_99,5.278647101719113
23,kcat_99,5.276703357939705
24,kcat_99,5.272927679138413
25,kcat_99,5.272540117009266
26,kcat_99,5.285193615151827
27,kcat_99,5.278725383450694
28,kcat_99,5.274633353915899
29,kcat_99,5.275678377749877
30,kcat_99,5.276826499704634
31,kcat_99,5.282086949327705
32,kcat_99,5.284982566915661
33,kcat_99,5.286952565631782
34,kcat_99,5.291805622994674
35,kcat_99,5.300278432882479
36,kcat_99,5.293822717295789
37,kcat_99,5.290071105744241
38,kcat_99,5.2783530827082785
39,kcat_99,5.2811009878899915
40,kcat_99,5.289589877437683
41,kcat_99,5.287072096277212
42,kcat_99,5.2862072532480715
43,kcat_99,5.282347318914487
44,kcat_99,5.281490508300119
45,kcat_99,5.275368903296147
46,kcat_99,5.267323383713738
47,kcat_99,5.266092821227184
48,kcat_99,5.274640674946354
49,kcat_99,5.270183737103677
0,kcat_100,5.700284340321428
1,kcat_100,5.725288309716037
2,kcat_100,5.719670324724885
3,kcat_100,5.6886373198363955
4,kcat_100,5.708628461237476
5,kcat_100,5.661329181412005
6,kcat_100,5.653029793881914
7,kcat_100,5.619902095577621
8,kcat_100,5.583721279557561
9,kcat_100,5.575532949596788
10,kcat_100,5.549360276739208
11,kcat_100,5.55006671571812
12,kcat_100,5.542108196624434
13,kcat_100,5.535090713972591
14,kcat_100,5.537994831678097
15,kcat_100,5.53631204831415
16,kcat_100,5.538736406213381
17,kcat_100,5.541138722055431
18,kcat_100,5.5267249230078175
19,kcat_100,5.536698214622732
20,kcat_100,5.552505407446809
21,kcat_100,5.554167274150799
22,kcat_100,5.548147218038618
23,kcat_100,5.5453259053421124
24,kcat_100,5.543280592102882
25,kcat_100,5.540161559711713
26,kcat_100,5.5298118768536035
27,kcat_100,5.52304443159774
28,kcat_100,5.5216522613234424
29,kcat_100,5.520105774254036
30,kcat_100,5.531448275676606
31,kcat_100,5.527986513540404
32,kcat_100,5.527426097934874
33,kcat_100,5.5216262855507265
34,kcat_100,5.521352173735314
35,kcat_100,5.524025812310689
36,kcat_100,5.527014344818281
37,kcat_100,5.522971833423509
38,kcat_100,5.528555981102111
39,kcat_100,5.529024181081124
40,kcat_100,5.533882012632503
41,kcat_100,5.5334065752571835
42,kcat_100,5.535430899297817
43,kcat_100,5.544955880625216
44,kcat_100,5.546387154482216
45,kcat_100,5.549129393941371
46,kcat_100,5.54466455100995
47,kcat_100,5.547657413754728
48,kcat_100,5.555844734125107
49,kcat_100,5.551003476685142
0,kcat_101,4.401204786129733
1,kcat_101,4.39496558512657
2,kcat_101,4.399636913122422
3,kcat_101,4.422781433320703
4,kcat_101,4.421163406807175
5,kcat_101,4.400852350856514
6,kcat_101,4.382589193406901
7,kcat_101,4.375077236635364
8,kcat_101,4.375182848432477
9,kcat_101,4.370188949510034
10,kcat_101,4.373378656887347
11,kcat_101,4.368408589751846
12,kcat_101,4.3633942635164855
13,kcat_101,4.358157333059217
14,kcat_101,4.363550248463737
15,kcat_101,4.355033677178803
16,kcat_101,4.343125494492934
17,kcat_101,4.343936607439125
18,kcat_101,4.343317962517737
19,kcat_101,4.344682829338695
20,kcat_101,4.338776639074565
21,kcat_101,4.332228579289125
22,kcat_101,4.332799313288304
23,kcat_101,4.331796251137653
24,kcat_101,4.326296439107874
25,kcat_101,4.330571286375583
26,kcat_101,4.338276665854313
27,kcat_101,4.337042645499398
28,kcat_101,4.330991106539037
29,kcat_101,4.338596815565239
30,kcat_101,4.336594259889594
31,kcat_101,4.331540829977147
32,kcat_101,4.327913885609983
33,kcat_101,4.327312113706501
34,kcat_101,4.336015828410591
35,kcat_101,4.3450247056940965
36,kcat_101,4.350706473780357
37,kcat_101,4.358237139384761
38,kcat_101,4.3616033023317655
39,kcat_101,4.363520457781667
40,kcat_101,4.36398605145432
41,kcat_101,4.36367624990265
42,kcat_101,4.357058952089163
43,kcat_101,4.357443500489514
44,kcat_101,4.356853633070517
45,kcat_101,4.344160525295468
46,kcat_101,4.343521974178071
47,kcat_101,4.348157987945606
48,kcat_101,4.343624268707063
49,kcat_101,4.338127741288016
0,kcat_102,4.8361306360628715
1,kcat_102,4.843737071630913
2,kcat_102,4.839459708337482
3,kcat_102,4.853530713993793
4,kcat_102,4.847431744419279
5,kcat_102,4.828666219890848
6,kcat_102,4.832023903628199
7,kcat_102,4.810410926501644
8,kcat_102,4.8195639465452995
9,kcat_102,4.813984125770014
10,kcat_102,4.79701553679485
11,kcat_102,4.796312991787605
12,kcat_102,4.787614266660342
13,kcat_102,4.781057511824003
14,kcat_102,4.773807802186679
15,kcat_102,4.761751546207361
16,kcat_102,4.754458317527734
17,kcat_102,4.756071121629708
18,kcat_102,4.74602114314401
19,kcat_102,4.7445491371918305
20,kcat_102,4.737643913067295
21,kcat_102,4.739392132488217
22,kcat_102,4.734602238995999
23,kcat_102,4.738222099279963
24,kcat_102,4.7390159241680925
25,kcat_102,4.730898012117649
26,kcat_102,4.722617503926244
27,kcat_102,4.723961794271134
28,kcat_102,4.723450674065437
29,kcat_102,4.723444566992532
30,kcat_102,4.7228182962487475
31,kcat_102,4.72221993742754
32,kcat_102,4.727628784269922
33,kcat_102,4.731002961836916
34,kcat_102,4.736869500325823
35,kcat_102,4.723342671590638
36,kcat_102,4.726041185739571
37,kcat_102,4.726321291740006
38,kcat_102,4.730666991926926
39,kcat_102,4.7293857726273725
40,kcat_102,4.726211009443141
41,kcat_102,4.725286340088627
42,kcat_102,4.725132945118209
43,kcat_102,4.723874506020526
44,kcat_102,4.725688712848552
45,kcat_102,4.729602614853816
46,kcat_102,4.737652706235778
47,kcat_102,4.735580316351572
48,kcat_102,4.735435527524476
49,kcat_102,4.729846300534331
0,kcat_103,4.862116680073463
1,kcat_103,4.854942982882462
2,kcat_103,4.878757476411715
3,kcat_103,4.8773189065893465
4,kcat_103,4.877176916669311
5,kcat_103,4.8639545966623645
6,kcat_103,4.871886848834426
7,kcat_103,4.8545323896733095
8,kcat_103,4.807214425803837
9,kcat_103,4.812509685463896
10,kcat_103,4.809971523310268
11,kcat_103,4.808292628348863
12,kcat_103,4.803965662134651
13,kcat_103,4.803388792296741
14,kcat_103,4.7941333104314445
15,kcat_103,4.760626708773594
16,kcat_103,4.760845665584974
17,kcat_103,4.746077763324352
18,kcat_103,4.738905205263769
19,kcat_103,4.733269768524486
20,kcat_103,4.717301370870392
21,kcat_103,4.71635886748528
22,kcat_103,4.707120453347507
23,kcat_103,4.704827508333785
24,kcat_103,4.701979328319084
25,kcat_103,4.705969577937936
26,kcat_103,4.706880977773771
27,kcat_103,4.698309829327274
28,kcat_103,4.693173519672948
29,kcat_103,4.683513084822326
30,kcat_103,4.688016746385294
31,kcat_103,4.687504721631856
32,kcat_103,4.686763119252692
33,kcat_103,4.677208289426182
34,kcat_103,4.682839095314545
35,kcat_103,4.682442552742434
36,kcat_103,4.675078470885452
37,kcat_103,4.672227469150278
38,kcat_103,4.666158712713066
39,kcat_103,4.6610947627718
40,kcat_103,4.667131717405504
41,kcat_103,4.667270540007213
42,kcat_103,4.673624682298953
43,kcat_103,4.680190835176146
44,kcat_103,4.678846221234403
45,kcat_103,4.672924504027429
46,kcat_103,4.6576019787784855
47,kcat_103,4.658238379092054
48,kcat_103,4.647558653625188
49,kcat_103,4.644168446145048
0,kcat_104,4.195038865246937
1,kcat_104,4.191617683239501
2,kcat_104,4.167927583676043
3,kcat_104,4.153858204068043
4,kcat_104,4.141669111161657
5,kcat_104,4.161740966163286
6,kcat_104,4.170923928681416
7,kcat_104,4.165510032180259
8,kcat_104,4.197924218082682
9,kcat_104,4.201493530333186
10,kcat_104,4.207299606909548
11,kcat_104,4.213239201292541
12,kcat_104,4.219435899872309
13,kcat_104,4.232430659257691
14,kcat_104,4.236110684306844
15,kcat_104,4.226810913414321
16,kcat_104,4.222380574746922
17,kcat_104,4.227130425427837
18,kcat_104,4.229203846342663
19,kcat_104,4.230530670859895
20,kcat_104,4.215951335559848
21,kcat_104,4.219040537207091
22,kcat_104,4.230196455027553
23,kcat_104,4.235407782139106
24,kcat_104,4.23392315677528
25,kcat_104,4.230865828134612
26,kcat_104,4.226247054689657
27,kcat_104,4.2225105988331215
28,kcat_104,4.220964248970302
29,kcat_104,4.214406748693131
30,kcat_104,4.213634726988387
31,kcat_104,4.214267361712128
32,kcat_104,4.20455595686817
33,kcat_104,4.203246393953923
34,kcat_104,4.20536183675574
35,kcat_104,4.20541922631898
36,kcat_104,4.196021895340347
37,kcat_104,4.1933535636182295
38,kcat_104,4.198528478275801
39,kcat_104,4.202402173023666
40,kcat_104,4.2109911121626205
41,kcat_104,4.216812279161007
42,kcat_104,4.211385249985136
43,kcat_104,4.216238565616281
44,kcat_104,4.210534220075292
45,kcat_104,4.214614067715771
46,kcat_104,4.218716217533826
47,kcat_104,4.227311016437159
48,kcat_104,4.2208819575178955
49,kcat_104,4.222270523426437
0,kcat_105,4.718382182929564
1,kcat_105,4.714354852014253
2,kcat_105,4.712017956204518
3,kcat_105,4.68756336743529
4,kcat_105,4.693422947739966
5,kcat_105,4.704367922404413
6,kcat_105,4.687893441259933
7,kcat_105,4.68548224078961
8,kcat_105,4.672648903011746
9,kcat_105,4.680880595952711
10,kcat_105,4.6745982639372645
11,kcat_105,4.684339817783383
12,kcat_105,4.675764599515228
13,kcat_105,4.6909920229447755
14,kcat_105,4.701362318047371
15,kcat_105,4.698863931833795
16,kcat_105,4.690482282918676
17,kcat_105,4.688237733272556
18,kcat_105,4.684873250360711
19,kcat_105,4.680182827973971
20,kcat_105,4.685834426313555
21,kcat_105,4.684562401704059
22,kcat_105,4.685821674316647
23,kcat_105,4.687660990240566
24,kcat_105,4.689968207714674
25,kcat_105,4.691163342071725
26,kcat_105,4.692008855401195
27,kcat_105,4.687510136162137
28,kcat_105,4.689683878082089
29,kcat_105,4.6860654249020515
30,kcat_105,4.6787789059878
31,kcat_105,4.674008126783511
32,kcat_105,4.6711896855632125
33,kcat_105,4.664462127793029
34,kcat_105,4.661634746552102
35,kcat_105,4.659496610523405
36,kcat_105,4.65486422089997
37,kcat_105,4.654480512780596
38,kcat_105,4.655615507520224
39,kcat_105,4.651102335110083
40,kcat_105,4.650374480413439
41,kcat_105,4.6522466669817515
42,kcat_105,4.656996821194698
43,kcat_105,4.661362216040371
44,kcat_105,4.665704916530181
45,kcat_105,4.670645257584128
46,kcat_105,4.679000529114375
47,kcat_105,4.676205412503176
48,kcat_105,4.683105696832856
49,kcat_105,4.685649186177909
0,kcat_106,4.783176499546534
1,kcat_106,4.792636822803053
2,kcat_106,4.79907827578517
3,kcat_106,4.794137394969383
4,kcat_106,4.807143341489461
5,kcat_106,4.793784785829417
6,kcat_106,4.782889098727296
7,kcat_106,4.784527180484693
8,kcat_106,4.780901134963302
9,kcat_106,4.78248027141702
10,kcat_106,4.763534704848532
11,kcat_106,4.760169598690631
12,kcat_106,4.746054687858909
13,kcat_106,4.7482104497370825
14,kcat_106,4.740485471817094
15,kcat_106,4.724298656839298
16,kcat_106,4.720560932630702
17,kcat_106,4.730999732634644
18,kcat_106,4.740933336449452
19,kcat_106,4.7350801151568875
20,kcat_106,4.7592339278573546
21,kcat_106,4.764985067098506
22,kcat_106,4.77308752959467
23,kcat_106,4.772524167895977
24,kcat_106,4.773058391622835
25,kcat_106,4.7760858095979355
26,kcat_106,4.775448365105945
27,kcat_106,4.7795512268398
28,kcat_106,4.781287281182868
29,kcat_106,4.780503178156178
30,kcat_106,4.784125704688117
31,kcat_106,4.7819662587721705
32,kcat_106,4.781743177625653
33,kcat_106,4.7870611045173215
34,kcat_106,4.782645922350903
35,kcat_106,4.777908715580165
36,kcat_106,4.785114408430863
37,kcat_106,4.787032188344943
38,kcat_106,4.786380820796484
39,kcat_106,4.7927902881015285
40,kcat_106,4.786993794142755
41,kcat_106,4.784172445319715
42,kcat_106,4.7782756807685
43,kcat_106,4.7835362281194
44,kcat_106,4.777293024002734
45,kcat_106,4.779045525138194
46,kcat_106,4.778458854420542
47,kcat_106,4.778713787183026
48,kcat_106,4.778302929354238
49,kcat_106,4.776029441740576
0,kcat_107,4.303198127171862
1,kcat_107,4.301608851100049
2,kcat_107,4.275748343121898
3,kcat_107,4.3212161784463525
4,kcat_107,4.305804491204742
5,kcat_107,4.312730958892785
6,kcat_107,4.320277731462273
7,kcat_107,4.337538065685866
8,kcat_107,4.363669621403823
9,kcat_107,4.370186023333904
10,kcat_107,4.377556002105676
11,kcat_107,4.386410339593729
12,kcat_107,4.382458150432132
13,kcat_107,4.3840279347460305
14,kcat_107,4.3884521597269845
15,kcat_107,4.3888790769290855
16,kcat_107,4.3929179342478175
17,kcat_107,4.383013439910329
18,kcat_107,4.377432372035008
19,kcat_107,4.376298698211783
20,kcat_107,4.379198321739124
21,kcat_107,4.3771498386623335
22,kcat_107,4.381945424998519
23,kcat_107,4.385010558938522
24,kcat_107,4.3879402859086385
25,kcat_107,4.382355393239272
26,kcat_107,4.372032649577147
27,kcat_107,4.366071462684352
28,kcat_107,4.364764173822749
29,kcat_107,4.360400741254626
30,kcat_107,4.363465572304588
31,kcat_107,4.368732724853672
32,kcat_107,4.379028223220769
33,kcat_107,4.38023972514564
34,kcat_107,4.385821058562333
35,kcat_107,4.383361445296612
36,kcat_107,4.3765718628902945
37,kcat_107,4.3768339535103475
38,kcat_107,4.367527074652285
39,kcat_107,4.367092138071208
40,kcat_107,4.363470911515757
41,kcat_107,4.365740996248286
42,kcat_107,4.367124810610459
43,kcat_107,4.356234442235959
44,kcat_107,4.349653877578867
45,kcat_107,4.347154625719511
46,kcat_107,4.340808442287363
47,kcat_107,4.3440045689117746
48,kcat_107,4.3479215384440275
49,kcat_107,4.350064631981257
0,kcat_108,4.805030945355818
1,kcat_108,4.809264440273721
2,kcat_108,4.787271757215511
3,kcat_108,4.805544041561863
4,kcat_108,4.801736786274614
5,kcat_108,4.794897562297336
6,kcat_108,4.787399916018767
7,kcat_108,4.75283169883154
8,kcat_108,4.723030615285668
9,kcat_108,4.721628464747975
10,kcat_108,4.715877595233017
11,kcat_108,4.710047559086751
12,kcat_108,4.702179286894905
13,kcat_108,4.694811582043256
14,kcat_108,4.709210517063347
15,kcat_108,4.698444793018001
16,kcat_108,4.689110218446932
17,kcat_108,4.6857151989819
18,kcat_108,4.684199296791903
19,kcat_108,4.679279765566054
20,kcat_108,4.673845026727752
21,kcat_108,4.683538189316464
22,kcat_108,4.685469653354626
23,kcat_108,4.686639798387446
24,kcat_108,4.679627778369705
25,kcat_108,4.668638808133565
26,kcat_108,4.668364050309422
27,kcat_108,4.666444605377244
28,kcat_108,4.670956545880148
29,kcat_108,4.663161300553394
30,kcat_108,4.665646368201425
31,kcat_108,4.667872879987776
32,kcat_108,4.663652028024906
33,kcat_108,4.662649936871504
34,kcat_108,4.656727153213622
35,kcat_108,4.660840992663354
36,kcat_108,4.666316183037893
37,kcat_108,4.66419093359234
38,kcat_108,4.659411944901722
39,kcat_108,4.6588883025095615
40,kcat_108,4.6597107329288665
41,kcat_108,4.660006402467804
42,kcat_108,4.664861259377242
43,kcat_108,4.663390033436968
44,kcat_108,4.665747815636099
45,kcat_108,4.672182487168869
46,kcat_108,4.664423038086245
47,kcat_108,4.671286056317926
48,kcat_108,4.670034164683893
49,kcat_108,4.668232515822481
0,kcat_109,4.495665089512748
1,kcat_109,4.494092131102742
2,kcat_109,4.491114380976964
3,kcat_109,4.467038184623163
4,kcat_109,4.452177468140049
5,kcat_109,4.447043710691911
6,kcat_109,4.438833231501147
7,kcat_109,4.417978940466775
8,kcat_109,4.38784833444611
9,kcat_109,4.395753049167769
10,kcat_109,4.381805813740749
11,kcat_109,4.383297593160261
12,kcat_109,4.384694004973203
13,kcat_109,4.397619292182407
14,kcat_109,4.404504582799163
15,kcat_109,4.413578464561744
16,kcat_109,4.399258215135703
17,kcat_109,4.397020405132794
18,kcat_109,4.404942669166201
19,kcat_109,4.405018834636363
20,kcat_109,4.4010091109031455
21,kcat_109,4.398253436191553
22,kcat_109,4.398816555489623
23,kcat_109,4.4079561664939835
24,kcat_109,4.409827928872138
25,kcat_109,4.414405537786293
26,kcat_109,4.406990979867065
27,kcat_109,4.410760586426013
28,kcat_109,4.401086131072634
29,kcat_109,4.407154423081011
30,kcat_109,4.412186649377264
31,kcat_109,4.411312653449424
32,kcat_109,4.419304596131123
33,kcat_109,4.410197429920332
34,kcat_109,4.415140652648271
35,kcat_109,4.418227018080757
36,kcat_109,4.421593414241356
37,kcat_109,4.425090020566324
38,kcat_109,4.4212665933665
39,kcat_109,4.432795111711738
40,kcat_109,4.440408647556245
41,kcat_109,4.440140616811993
42,kcat_109,4.435615984173827
43,kcat_109,4.43493587969957
44,kcat_109,4.436190787810269
45,kcat_109,4.447042282914023
46,kcat_109,4.440763143873002
47,kcat_109,4.4471927914492815
48,kcat_109,4.44463371154052
49,kcat_109,4.444351617841117
0,kcat_110,4.94810916328057
1,kcat_110,4.952536099227032
2,kcat_110,4.949569779118779
3,kcat_110,4.986748550260292
4,kcat_110,5.003868920886583
5,kcat_110,4.95384739143577
6,kcat_110,4.964968461501703
7,kcat_110,4.9596763061213265
8,kcat_110,4.922505238853408
9,kcat_110,4.918331725239792
10,kcat_110,4.907295338726832
11,kcat_110,4.911621652594223
12,kcat_110,4.910973225034605
13,kcat_110,4.909883710955951
14,kcat_110,4.91001281335412
15,kcat_110,4.9275138920021275
16,kcat_110,4.923008561583047
17,kcat_110,4.925035817454682
18,kcat_110,4.924973543137662
19,kcat_110,4.925286570116513
20,kcat_110,4.942031974310586
21,kcat_110,4.93922106364122
22,kcat_110,4.930571184495328
23,kcat_110,4.923215826347223
24,kcat_110,4.920965562464597
25,kcat_110,4.920843873959399
26,kcat_110,4.924885115907215
27,kcat_110,4.922224272505484
28,kcat_110,4.927354314694642
29,kcat_110,4.91656625527609
30,kcat_110,4.904777703173593
31,kcat_110,4.90868696261044
32,kcat_110,4.909735723533557
33,kcat_110,4.91322606142484
34,kcat_110,4.906153116935486
35,kcat_110,4.90348797402717
36,kcat_110,4.893521435069191
37,kcat_110,4.89515841104139
38,kcat_110,4.890517259737484
39,kcat_110,4.889829358001995
40,kcat_110,4.893900048127057
41,kcat_110,4.8946173100926345
42,kcat_110,4.895260334713686
43,kcat_110,4.890843297761692
44,kcat_110,4.888082865189978
45,kcat_110,4.880068389395088
46,kcat_110,4.87594093203458
47,kcat_110,4.8862116622973115
48,kcat_110,4.885910473788954
49,kcat_110,4.88106029027454
0,kcat_111,4.951307632560794
1,kcat_111,4.961698284351205
2,kcat_111,4.9766868409117215
3,kcat_111,5.013547375697156
4,kcat_111,5.014001468343368
5,kcat_111,5.008495909967519
6,kcat_111,5.005835925048332
7,kcat_111,4.989503114142272
8,kcat_111,4.921979157792849
9,kcat_111,4.909110567598296
10,kcat_111,4.896666499124894
11,kcat_111,4.886858595900579
12,kcat_111,4.900151029540708
13,kcat_111,4.8901979526111825
14,kcat_111,4.904155730403367
15,kcat_111,4.9045612977961355
16,kcat_111,4.907130276151477
17,kcat_111,4.914380297602211
18,kcat_111,4.9145344953524255
19,kcat_111,4.916417476095696
20,kcat_111,4.9184816528233375
21,kcat_111,4.92074369705171
22,kcat_111,4.914483019437878
23,kcat_111,4.909247925527322
24,kcat_111,4.907140492578065
25,kcat_111,4.90525332787109
26,kcat_111,4.9117132099258205
27,kcat_111,4.90806261208557
28,kcat_111,4.916379114276943
29,kcat_111,4.91153186509119
30,kcat_111,4.912324728757565
31,kcat_111,4.911252891081391
32,kcat_111,4.926372280912041
33,kcat_111,4.9233085622573025
34,kcat_111,4.918400351624839
35,kcat_111,4.911887134524221
36,kcat_111,4.913853745835924
37,kcat_111,4.9104780973653765
38,kcat_111,4.924458553155368
39,kcat_111,4.9248701147751675
40,kcat_111,4.919626681525721
41,kcat_111,4.920853980836595
42,kcat_111,4.922745990911953
43,kcat_111,4.921739311109552
44,kcat_111,4.9156752795968055
45,kcat_111,4.91166424104246
46,kcat_111,4.912927132931153
47,kcat_111,4.9208639196849235
48,kcat_111,4.916473860964805
49,kcat_111,4.914235814847926
0,kcat_112,3.9944684979734792
1,kcat_112,3.9937617003685233
2,kcat_112,3.984386811141316
3,kcat_112,4.010605469503027
4,kcat_112,4.016116035933073
5,kcat_112,4.016584919705586
6,kcat_112,4.032079112922834
7,kcat_112,4.030474823574439
8,kcat_112,4.032162303322045
9,kcat_112,4.059021808971333
10,kcat_112,4.0527432714449585
11,kcat_112,4.0580854765112
12,kcat_112,4.066803329113046
13,kcat_112,4.062855464481467
14,kcat_112,4.080381943515618
15,kcat_112,4.09425703984127
16,kcat_112,4.0915880147562715
17,kcat_112,4.090984493381344
18,kcat_112,4.088966020649337
19,kcat_112,4.090661560367676
20,kcat_112,4.0936029767430675
21,kcat_112,4.0883064982937105
22,kcat_112,4.084125358186308
23,kcat_112,4.0865791426985
24,kcat_112,4.08876569063919
25,kcat_112,4.089584901054982
26,kcat_112,4.093037648220518
27,kcat_112,4.092451051111133
28,kcat_112,4.100929514663759
29,kcat_112,4.089057350579751
30,kcat_112,4.091314575640202
31,kcat_112,4.0869861310375315
32,kcat_112,4.096284668547485
33,kcat_112,4.090171466121018
34,kcat_112,4.088788390024348
35,kcat_112,4.0884491979270035
36,kcat_112,4.1014521245225515
37,kcat_112,4.107248438885294
38,kcat_112,4.11015982852019
39,kcat_112,4.116134626635579
40,kcat_112,4.131060468577765
41,kcat_112,4.130249690216482
42,kcat_112,4.126007935971918
43,kcat_112,4.132615998278311
44,kcat_112,4.132391947805737
45,kcat_112,4.135910398278921
46,kcat_112,4.12791918914931
47,kcat_112,4.117109687245896
48,kcat_112,4.123653502573562
49,kcat_112,4.1257946995222134
0,kcat_113,3.3932601056462843
1,kcat_113,3.386854247579595
2,kcat_113,3.3569143426093198
3,kcat_113,3.331484425520053
4,kcat_113,3.342039363950641
5,kcat_113,3.3429127017432925
6,kcat_113,3.339986837155665
7,kcat_113,3.3861075821309434
8,kcat_113,3.4014481320521432
9,kcat_113,3.4081031751490714
10,kcat_113,3.4317347047390747
11,kcat_113,3.431447747362707
12,kcat_113,3.4368097797097703
13,kcat_113,3.4288023486128534
14,kcat_113,3.4458046249225713
15,kcat_113,3.430969721112706
16,kcat_113,3.4362537858365827
17,kcat_113,3.428639365786556
18,kcat_113,3.4247749552078592
19,kcat_113,3.4186116307625514
20,kcat_113,3.4261315592803823
21,kcat_113,3.4294673552140376
22,kcat_113,3.421338745448193
23,kcat_113,3.4191823916109367
24,kcat_113,3.423483091899322
25,kcat_113,3.428799989694904
26,kcat_113,3.422761673984112
27,kcat_113,3.4319471342698447
28,kcat_113,3.436864725829492
29,kcat_113,3.445689735943267
30,kcat_113,3.4410824522283963
31,kcat_113,3.4378881425875583
32,kcat_113,3.434237815613485
33,kcat_113,3.4318091932209
34,kcat_113,3.4347452094788395
35,kcat_113,3.434212734766101
36,kcat_113,3.4407974998022426
37,kcat_113,3.4392901142463037
38,kcat_113,3.4497233169516583
39,kcat_113,3.4449453666572625
40,kcat_113,3.4445114802374195
41,kcat_113,3.4481238184468865
42,kcat_113,3.449294140106904
43,kcat_113,3.4543788748699518
44,kcat_113,3.4582351520253263
45,kcat_113,3.4624417672681584
46,kcat_113,3.4671458418603365
47,kcat_113,3.4650418841626465
48,kcat_113,3.4730786884016434
49,kcat_113,3.470144420835198
0,kcat_114,5.508143656349686
1,kcat_114,5.509960857685203
2,kcat_114,5.501754884259186
3,kcat_114,5.5293083848780515
4,kcat_114,5.556936203339929
5,kcat_114,5.53444577958484
6,kcat_114,5.520165925219318
7,kcat_114,5.492234621506996
8,kcat_114,5.466640908052955
9,kcat_114,5.463429101696814
10,kcat_114,5.449530092403479
11,kcat_114,5.444922940084294
12,kcat_114,5.4407051249607346
13,kcat_114,5.431708437615254
14,kcat_114,5.436382099095848
15,kcat_114,5.438256750631882
16,kcat_114,5.446651671367713
17,kcat_114,5.445041102934028
18,kcat_114,5.441059981423744
19,kcat_114,5.442148778815487
20,kcat_114,5.462207910803467
21,kcat_114,5.466513102064673
22,kcat_114,5.4570896252228325
23,kcat_114,5.458854776995724
24,kcat_114,5.455851032090979
25,kcat_114,5.458369988336514
26,kcat_114,5.455193622101657
27,kcat_114,5.4515096852668545
28,kcat_114,5.451409362531993
29,kcat_114,5.458003627574551
30,kcat_114,5.4648967332169445
31,kcat_114,5.462137567327974
32,kcat_114,5.46662237334982
33,kcat_114,5.459284197636656
34,kcat_114,5.464774892319408
35,kcat_114,5.474194581578332
36,kcat_114,5.471039516550001
37,kcat_114,5.4708125060355215
38,kcat_114,5.465558913179345
39,kcat_114,5.4660503957019815
40,kcat_114,5.468103326189777
41,kcat_114,5.4637009529834195
42,kcat_114,5.463301202406976
43,kcat_114,5.467652610788627
44,kcat_114,5.471446152831285
45,kcat_114,5.469586471559059
46,kcat_114,5.47134461814031
47,kcat_114,5.465402067068161
48,kcat_114,5.4711119365356735
49,kcat_114,5.468258637343805
0,kcat_115,4.471006182286896
1,kcat_115,4.471201849533759
2,kcat_115,4.480599907793058
3,kcat_115,4.509054645538627
4,kcat_115,4.520493878291142
5,kcat_115,4.507149308345029
6,kcat_115,4.50724548746771
7,kcat_115,4.497681872376268
8,kcat_115,4.520777749245407
9,kcat_115,4.5220791273910805
10,kcat_115,4.512864786773738
11,kcat_115,4.536279253735291
12,kcat_115,4.543450773504235
13,kcat_115,4.543342238901361
14,kcat_115,4.535702940948735
15,kcat_115,4.532711802891213
16,kcat_115,4.542384508320002
17,kcat_115,4.550983434247316
18,kcat_115,4.540493454947391
19,kcat_115,4.544820770981181
20,kcat_115,4.538402767104226
21,kcat_115,4.540700456530486
22,kcat_115,4.532452100115782
23,kcat_115,4.530281662376476
24,kcat_115,4.532147242977233
25,kcat_115,4.532031904081725
26,kcat_115,4.527673394931438
27,kcat_115,4.522841346067162
28,kcat_115,4.528708090282996
29,kcat_115,4.514620693364217
30,kcat_115,4.5148022980579245
31,kcat_115,4.512996823542439
32,kcat_115,4.5224442518487376
33,kcat_115,4.517063365313897
34,kcat_115,4.533448235019548
35,kcat_115,4.523969593833881
36,kcat_115,4.519410239104965
37,kcat_115,4.523367070845939
38,kcat_115,4.530320644904619
39,kcat_115,4.523293110617009
40,kcat_115,4.523898990904425
41,kcat_115,4.524177281097646
42,kcat_115,4.525406046813607
43,kcat_115,4.527374341403468
44,kcat_115,4.522386629397688
45,kcat_115,4.521897979359398
46,kcat_115,4.523196567708482
47,kcat_115,4.51881569613701
48,kcat_115,4.524021180704216
49,kcat_115,4.525879298917716
0,kcat_116,4.451319262195811
1,kcat_116,4.451539031854733
2,kcat_116,4.442327639726548
3,kcat_116,4.423332934257863
4,kcat_116,4.439653973413873
5,kcat_116,4.425918652937315
6,kcat_116,4.436164162009032
7,kcat_116,4.447131448680655
8,kcat_116,4.420378090909351
9,kcat_116,4.438613155083495
10,kcat_116,4.4492998239124875
11,kcat_116,4.4424540530895005
12,kcat_116,4.444351660638321
13,kcat_116,4.445097125607701
14,kcat_116,4.44079772486535
15,kcat_116,4.442812700091448
16,kcat_116,4.449412647672373
17,kcat_116,4.449944689516666
18,kcat_116,4.447533862582391
19,kcat_116,4.442276559980133
20,kcat_116,4.439770648424321
21,kcat_116,4.448553045993836
22,kcat_116,4.445128708538099
23,kcat_116,4.4459878606969125
24,kcat_116,4.450831382491709
25,kcat_116,4.458290905132947
26,kcat_116,4.45325589591428
27,kcat_116,4.460893271681797
28,kcat_116,4.4717648971849435
29,kcat_116,4.457179549047661
30,kcat_116,4.445650499584347
31,kcat_116,4.443278764913099
32,kcat_116,4.430352396918027
33,kcat_116,4.436387055069151
34,kcat_116,4.429520346573438
35,kcat_116,4.443914159811592
36,kcat_116,4.433266407993569
37,kcat_116,4.435186046609729
38,kcat_116,4.434601764909987
39,kcat_116,4.434603104194606
40,kcat_116,4.4287235156461575
41,kcat_116,4.427817801609609
42,kcat_116,4.426162563303136
43,kcat_116,4.435681177925215
44,kcat_116,4.435772602264046
45,kcat_116,4.428271293881382
46,kcat_116,4.415480324546076
47,kcat_116,4.413007434128945
48,kcat_116,4.409581232394447
49,kcat_116,4.410142513221607
0,kcat_117,4.211958171491495
1,kcat_117,4.204847856527387
2,kcat_117,4.207624359722589
3,kcat_117,4.218967371299472
4,kcat_117,4.208419043176453
5,kcat_117,4.2184968950695865
6,kcat_117,4.211299454770894
7,kcat_117,4.24071219743955
8,kcat_117,4.230605564353299
9,kcat_117,4.228513306455092
10,kcat_117,4.233710679458517
11,kcat_117,4.23543297547528
12,kcat_117,4.247020552414167
13,kcat_117,4.253243498746901
14,kcat_117,4.261144528589378
15,kcat_117,4.281763205641839
16,kcat_117,4.286038915828628
17,kcat_117,4.274780685727791
18,kcat_117,4.270089770804616
19,kcat_117,4.268161043121248
20,kcat_117,4.264019808026068
21,kcat_117,4.265975258738527
22,kcat_117,4.261637437214838
23,kcat_117,4.2598609928464
24,kcat_117,4.256348743440957
25,kcat_117,4.252732413775927
26,kcat_117,4.256552895800474
27,kcat_117,4.252024474235029
28,kcat_117,4.255032017642002
29,kcat_117,4.264984235143039
30,kcat_117,4.2667875794018375
31,kcat_117,4.2606028128073925
32,kcat_117,4.2669985161649135
33,kcat_117,4.265601761401612
34,kcat_117,4.259875096703438
35,kcat_117,4.255921547084107
36,kcat_117,4.264754934788695
37,kcat_117,4.259908358635207
38,kcat_117,4.253141711744809
39,kcat_117,4.2558386745398495
40,kcat_117,4.259587555732679
41,kcat_117,4.26160244734104
42,kcat_117,4.2645555908639485
43,kcat_117,4.260285954906668
44,kcat_117,4.260123661425413
45,kcat_117,4.253697800267043
46,kcat_117,4.24159321013899
47,kcat_117,4.242211356868748
48,kcat_117,4.247484159392894
49,kcat_117,4.249000468046809
0,kcat_118,4.830823590149317
1,kcat_118,4.837505384893847
2,kcat_118,4.839400644368113
3,kcat_118,4.8565518261156395
4,kcat_118,4.848239542957827
5,kcat_118,4.841489137740039
6,kcat_118,4.8292477942516205
7,kcat_118,4.829806479816033
8,kcat_118,4.806636819339874
9,kcat_118,4.803344346666922
10,kcat_118,4.806852582101909
11,kcat_118,4.811791484868509
12,kcat_118,4.804742018959715
13,kcat_118,4.812673161664765
14,kcat_118,4.80511775605076
15,kcat_118,4.807783990636227
16,kcat_118,4.812311452330608
17,kcat_118,4.809327720458958
18,kcat_118,4.798694682372757
19,kcat_118,4.796386548153291
20,kcat_118,4.795552712636184
21,kcat_118,4.789705057337342
22,kcat_118,4.8025723947978936
23,kcat_118,4.806191087769018
24,kcat_118,4.805395368915785
25,kcat_118,4.806158017653372
26,kcat_118,4.820624505633611
27,kcat_118,4.822897443929373
28,kcat_118,4.826070928314041
29,kcat_118,4.824204293049226
30,kcat_118,4.812488925828761
31,kcat_118,4.808990891316149
32,kcat_118,4.801466678745631
33,kcat_118,4.8024357048935995
34,kcat_118,4.79617138726304
35,kcat_118,4.795860958323443
36,kcat_118,4.790176944332672
37,kcat_118,4.784085359659143
38,kcat_118,4.7823444229005805
39,kcat_118,4.785645633747678
40,kcat_118,4.779279544168842
41,kcat_118,4.780087581106067
42,kcat_118,4.785529634166348
43,kcat_118,4.790265302303497
44,kcat_118,4.7888620744845785
45,kcat_118,4.785617524762758
46,kcat_118,4.7846073674511365
47,kcat_118,4.783817326369101
48,kcat_118,4.79011615305882
49,kcat_118,4.7912505790422895
0,kcat_119,5.242171031751334
1,kcat_119,5.247798892129229
2,kcat_119,5.26018385857551
3,kcat_119,5.279254282898104
4,kcat_119,5.277039032957752
5,kcat_119,5.243233201683818
6,kcat_119,5.255556016297546
7,kcat_119,5.233027795430828
8,kcat_119,5.2279666631448976
9,kcat_119,5.217818092158875
10,kcat_119,5.2154576722900075
11,kcat_119,5.227659589636268
12,kcat_119,5.216192912856576
13,kcat_119,5.221176500824581
14,kcat_119,5.220467950932777
15,kcat_119,5.21961956038116
16,kcat_119,5.217452020770589
17,kcat_119,5.211588749824577
18,kcat_119,5.20559516182472
19,kcat_119,5.2079234158586045
20,kcat_119,5.193720408726704
21,kcat_119,5.204484027939944
22,kcat_119,5.193159919333062
23,kcat_119,5.192130288894522
24,kcat_119,5.193500772621814
25,kcat_119,5.1920139901024225
26,kcat_119,5.182247069939805
27,kcat_119,5.172755667295266
28,kcat_119,5.166846552088807
29,kcat_119,5.158514404826137
30,kcat_119,5.1659999333862565
31,kcat_119,5.168134451006662
32,kcat_119,5.157011869094888
33,kcat_119,5.152004908591047
34,kcat_119,5.148596771886401
35,kcat_119,5.1422694150065125
36,kcat_119,5.1432556432487555
37,kcat_119,5.143304492191226
38,kcat_119,5.142505348361774
39,kcat_119,5.131186807024462
40,kcat_119,5.135311344977472
41,kcat_119,5.137362586763786
42,kcat_119,5.143362008191226
43,kcat_119,5.132413265267674
44,kcat_119,5.137915637968933
45,kcat_119,5.134089948835593
46,kcat_119,5.134533121512294
47,kcat_119,5.1386644883551025
48,kcat_119,5.140926940759333
49,kcat_119,5.1390674125843825
0,kcat_120,5.2309850518359555
1,kcat_120,5.237104057998658
2,kcat_120,5.261432822427335
3,kcat_120,5.236308692694118
4,kcat_120,5.2418086009574125
5,kcat_120,5.192799543617912
6,kcat_120,5.194047091055415
7,kcat_120,5.167055053834226
8,kcat_120,5.156243228589514
9,kcat_120,5.146128070634561
10,kcat_120,5.148366546836932
11,kcat_120,5.14664761716606
12,kcat_120,5.1406972868152145
13,kcat_120,5.129236396905379
14,kcat_120,5.133740118491691
15,kcat_120,5.122198857889762
16,kcat_120,5.116710040435468
17,kcat_120,5.109318836335796
18,kcat_120,5.108799821709596
19,kcat_120,5.104959554790767
20,kcat_120,5.108931038131199
21,kcat_120,5.116686162882192
22,kcat_120,5.1155748906246075
23,kcat_120,5.115464353805925
24,kcat_120,5.116976222824242
25,kcat_120,5.11624392988679
26,kcat_120,5.1320304053931025
27,kcat_120,5.1265387097767405
28,kcat_120,5.129752457515334
29,kcat_120,5.131812975045125
30,kcat_120,5.1425458911798385
31,kcat_120,5.13755586376995
32,kcat_120,5.140177177858957
33,kcat_120,5.143242660397634
34,kcat_120,5.134976411583268
35,kcat_120,5.134468270880491
36,kcat_120,5.140014297881809
37,kcat_120,5.144284608521378
38,kcat_120,5.152975668753007
39,kcat_120,5.150701302560164
40,kcat_120,5.152083672168156
41,kcat_120,5.151988830273184
42,kcat_120,5.156590638427972
43,kcat_120,5.156080602592487
44,kcat_120,5.156108197221005
45,kcat_120,5.160156276211458
46,kcat_120,5.15430653008697
47,kcat_120,5.151727524206394
48,kcat_120,5.15380426293387
49,kcat_120,5.153318943621829
0,kcat_121,5.660756282775102
1,kcat_121,5.675418891012175
2,kcat_121,5.690056632348597
3,kcat_121,5.692876351354001
4,kcat_121,5.690912543855455
5,kcat_121,5.648344778872561
6,kcat_121,5.6319390373675935
7,kcat_121,5.591606471976142
8,kcat_121,5.583117802848276
9,kcat_121,5.5867849788471915
10,kcat_121,5.573185999643017
11,kcat_121,5.571734202701473
12,kcat_121,5.5617746594967175
13,kcat_121,5.549933127822737
14,kcat_121,5.543252995489723
15,kcat_121,5.529875899501329
16,kcat_121,5.52747059029993
17,kcat_121,5.537982427289069
18,kcat_121,5.5353090715397055
19,kcat_121,5.535562697077139
20,kcat_121,5.5340076577270505
21,kcat_121,5.538377657886233
22,kcat_121,5.537826827947643
23,kcat_121,5.541571680613325
24,kcat_121,5.546127006606329
25,kcat_121,5.5391973263140475
26,kcat_121,5.542223107091792
27,kcat_121,5.5396420569054765
28,kcat_121,5.5411483736097855
29,kcat_121,5.5364444150203695
30,kcat_121,5.54104934735866
31,kcat_121,5.534157062478159
32,kcat_121,5.526951059517492
33,kcat_121,5.527143505956236
34,kcat_121,5.526288651790782
35,kcat_121,5.529690559040053
36,kcat_121,5.537491414072968
37,kcat_121,5.534183362496339
38,kcat_121,5.53958010957233
39,kcat_121,5.5380243692806665
40,kcat_121,5.544602283623221
41,kcat_121,5.540580253194651
42,kcat_121,5.534808175491578
43,kcat_121,5.530423360983297
44,kcat_121,5.529409523916337
45,kcat_121,5.532396814989073
46,kcat_121,5.535858250062272
47,kcat_121,5.533857584263231
48,kcat_121,5.53545712898118
49,kcat_121,5.532491143757201
0,kcat_122,5.680260257675685
1,kcat_122,5.678569240638695
2,kcat_122,5.708833700299516
3,kcat_122,5.703901093129085
4,kcat_122,5.689124110947718
5,kcat_122,5.65677196071871
6,kcat_122,5.65076690359747
7,kcat_122,5.629732826788704
8,kcat_122,5.567683348541812
9,kcat_122,5.566566341898304
10,kcat_122,5.549184746525399
11,kcat_122,5.545550252627725
12,kcat_122,5.540214214717403
13,kcat_122,5.53049638341421
14,kcat_122,5.532698675640699
15,kcat_122,5.537019126716328
16,kcat_122,5.547764975195038
17,kcat_122,5.555050028315043
18,kcat_122,5.559128075810229
19,kcat_122,5.559930692813676
20,kcat_122,5.55521187312131
21,kcat_122,5.561639401679132
22,kcat_122,5.550013586531644
23,kcat_122,5.545560450029498
24,kcat_122,5.548679139182604
25,kcat_122,5.551461115447126
26,kcat_122,5.54216389645033
27,kcat_122,5.536014438148808
28,kcat_122,5.532247257568798
29,kcat_122,5.538008666549636
30,kcat_122,5.542479394999641
31,kcat_122,5.546586821271239
32,kcat_122,5.550958719261655
33,kcat_122,5.551528778094163
34,kcat_122,5.547531546234155
35,kcat_122,5.5508406787729925
36,kcat_122,5.553743087767106
37,kcat_122,5.5486804947773845
38,kcat_122,5.533099443067609
39,kcat_122,5.529180321434646
40,kcat_122,5.5316918931589285
41,kcat_122,5.531644350450084
42,kcat_122,5.536832345566333
43,kcat_122,5.539367854047367
44,kcat_122,5.539551911624154
45,kcat_122,5.542434838115914
46,kcat_122,5.533444323469638
47,kcat_122,5.53919634583878
48,kcat_122,5.542920197535977
49,kcat_122,5.536486378526546
0,kcat_123,5.780529449363189
1,kcat_123,5.798398016112051
2,kcat_123,5.807866949196204
3,kcat_123,5.833422639365053
4,kcat_123,5.835741865674557
5,kcat_123,5.79203549989608
6,kcat_123,5.805792790537007
7,kcat_123,5.768954467143808
8,kcat_123,5.722010446381811
9,kcat_123,5.717534671553017
10,kcat_123,5.71479453457155
11,kcat_123,5.711769857255721
12,kcat_123,5.70749173646261
13,kcat_123,5.6897208893162325
14,kcat_123,5.671189492829388
15,kcat_123,5.673680230354773
16,kcat_123,5.664459805494377
17,kcat_123,5.670904310426132
18,kcat_123,5.659866292986068
19,kcat_123,5.659048173568038
20,kcat_123,5.647778306323878
21,kcat_123,5.647584344554884
22,kcat_123,5.641800764868919
23,kcat_123,5.638480233117943
24,kcat_123,5.639407287453872
25,kcat_123,5.642616719762577
26,kcat_123,5.625484723881895
27,kcat_123,5.621024990071246
28,kcat_123,5.61663255513253
29,kcat_123,5.615723005780877
30,kcat_123,5.616835395634827
31,kcat_123,5.6141755512660705
32,kcat_123,5.60452817882091
33,kcat_123,5.610748682575765
34,kcat_123,5.600549916401828
35,kcat_123,5.601729057367317
36,kcat_123,5.600194560871813
37,kcat_123,5.60135509238851
38,kcat_123,5.60028211632041
39,kcat_123,5.597185617171939
40,kcat_123,5.592543416934361
41,kcat_123,5.594397837527776
42,kcat_123,5.592768767584652
43,kcat_123,5.59455659262281
44,kcat_123,5.589938135498526
45,kcat_123,5.5751152964604325
46,kcat_123,5.566991474786511
47,kcat_123,5.564930479827434
48,kcat_123,5.565718898452902
49,kcat_123,5.565268652995253
0,kcat_124,5.788080433569802
1,kcat_124,5.779729502975681
2,kcat_124,5.8410804413843245
3,kcat_124,5.847291479518853
4,kcat_124,5.853908203616104
5,kcat_124,5.811875822204271
6,kcat_124,5.795506169143425
7,kcat_124,5.775504137787828
8,kcat_124,5.729587070542412
9,kcat_124,5.725489214870643
10,kcat_124,5.712804572058877
11,kcat_124,5.696902457322516
12,kcat_124,5.701341263476393
13,kcat_124,5.702550925978807
14,kcat_124,5.688423734126695
15,kcat_124,5.681625898091274
16,kcat_124,5.680932240746415
17,kcat_124,5.669300369020547
18,kcat_124,5.674289154715476
19,kcat_124,5.667784828347297
20,kcat_124,5.660660786403556
21,kcat_124,5.654592590599356
22,kcat_124,5.642438003357549
23,kcat_124,5.641697175965856
24,kcat_124,5.649027714301959
25,kcat_124,5.647820800442614
26,kcat_124,5.658369799750778
27,kcat_124,5.651651142720053
28,kcat_124,5.644769043780002
29,kcat_124,5.641088329936208
30,kcat_124,5.6411957346278445
31,kcat_124,5.639174948220869
32,kcat_124,5.655444483721416
33,kcat_124,5.652289678181022
34,kcat_124,5.65409390421029
35,kcat_124,5.650808290298428
36,kcat_124,5.642290517647075
37,kcat_124,5.642075201540603
38,kcat_124,5.640125221472359
39,kcat_124,5.642204693240419
40,kcat_124,5.642478077233695
41,kcat_124,5.6432392601039965
42,kcat_124,5.647864795105041
43,kcat_124,5.652144969268044
44,kcat_124,5.648644423300035
45,kcat_124,5.6358910262807695
46,kcat_124,5.633737170860293
47,kcat_124,5.630044747053831
48,kcat_124,5.628963307939905
49,kcat_124,5.62535322626583
0,kcat_125,4.018539915168385
1,kcat_125,4.01138305117809
2,kcat_125,4.025326718216364
3,kcat_125,4.025707979384292
4,kcat_125,4.019587431123174
5,kcat_125,4.032477411914639
6,kcat_125,4.037773522621381
7,kcat_125,4.065420810014479
8,kcat_125,4.060994796618947
9,kcat_125,4.06636237581874
10,kcat_125,4.0718872824593415
11,kcat_125,4.070303010707493
12,kcat_125,4.087673091777537
13,kcat_125,4.092515384235101
14,kcat_125,4.082648596065144
15,kcat_125,4.0850683114825
16,kcat_125,4.084480175354669
17,kcat_125,4.083923841381662
18,kcat_125,4.0940282607465335
19,kcat_125,4.099299186275375
20,kcat_125,4.105612754553873
21,kcat_125,4.104372210269681
22,kcat_125,4.086998105497211
23,kcat_125,4.083842453645205
24,kcat_125,4.076858374134815
25,kcat_125,4.075810499339887
26,kcat_125,4.097114940835437
27,kcat_125,4.1036539089509985
28,kcat_125,4.102984285288551
29,kcat_125,4.104165979789055
30,kcat_125,4.1115382588107785
31,kcat_125,4.107811509121412
32,kcat_125,4.108545692450802
33,kcat_125,4.109542550869028
34,kcat_125,4.108535313744482
35,kcat_125,4.105000038762399
36,kcat_125,4.105202357137509
37,kcat_125,4.107090698250049
38,kcat_125,4.114126724797608
39,kcat_125,4.113172651034193
40,kcat_125,4.117317883631686
41,kcat_125,4.120275343232414
42,kcat_125,4.1149148436700385
43,kcat_125,4.125676426575119
44,kcat_125,4.122957702260775
45,kcat_125,4.125110486216631
46,kcat_125,4.130031176070105
47,kcat_125,4.122892581392077
48,kcat_125,4.1182713357623815
49,kcat_125,4.11526184517808
0,kcat_126,2.8315900410050654
1,kcat_126,2.820896322517933
2,kcat_126,2.796416273600841
3,kcat_126,2.8161197763657877
4,kcat_126,2.813581552260641
5,kcat_126,2.860279226400421
6,kcat_126,2.880124160788402
7,kcat_126,2.9136723161185176
8,kcat_126,2.9705264141817214
9,kcat_126,2.977510492337006
10,kcat_126,2.986719791201325
11,kcat_126,2.995353067094909
12,kcat_126,3.0049303655777564
13,kcat_126,3.0006324720614317
14,kcat_126,3.0059952420750222
15,kcat_126,3.0258275097878164
16,kcat_126,3.0309818115914076
17,kcat_126,3.028237780793683
18,kcat_126,3.028514257175134
19,kcat_126,3.0221769343873297
20,kcat_126,3.02799399214053
21,kcat_126,3.030115499375306
22,kcat_126,3.0239100826587526
23,kcat_126,3.0216977495160773
24,kcat_126,3.0205628055320024
25,kcat_126,3.0187163869608518
26,kcat_126,3.0234327135329098
27,kcat_126,3.036776018949199
28,kcat_126,3.040976690718739
29,kcat_126,3.039347445721922
30,kcat_126,3.032775750919177
31,kcat_126,3.030165995391974
32,kcat_126,3.0365880449714138
33,kcat_126,3.029061794223877
34,kcat_126,3.0286259962475937
35,kcat_126,3.0349196033885506
36,kcat_126,3.03941083330808
37,kcat_126,3.0416435126477133
38,kcat_126,3.04703510548677
39,kcat_126,3.0482258313641752
40,kcat_126,3.0416180236328683
41,kcat_126,3.039005290877703
42,kcat_126,3.045242308859269
43,kcat_126,3.0446362439268984
44,kcat_126,3.0398221740987377
45,kcat_126,3.045974956310239
46,kcat_126,3.0562330063327994
47,kcat_126,3.054313669430711
48,kcat_126,3.057089379647879
49,kcat_126,3.055790305239702
0,kcat_127,4.7833631386228435
1,kcat_127,4.789693038505769
2,kcat_127,4.822612230595691
3,kcat_127,4.84252884997829
4,kcat_127,4.858280408573916
5,kcat_127,4.846473541083627
6,kcat_127,4.850022368540181
7,kcat_127,4.849708709868844
8,kcat_127,4.823244686846372
9,kcat_127,4.816319197009939
10,kcat_127,4.805833666289648
11,kcat_127,4.807129740641886
12,kcat_127,4.803578632771981
13,kcat_127,4.806308567235085
14,kcat_127,4.80357273250193
15,kcat_127,4.799239362718017
16,kcat_127,4.806557943062648
17,kcat_127,4.811615897810879
18,kcat_127,4.812988771544197
19,kcat_127,4.805533548465231
20,kcat_127,4.794400131218855
21,kcat_127,4.788453832176382
22,kcat_127,4.780619894204474
23,kcat_127,4.7770161540721015
24,kcat_127,4.773267630636655
25,kcat_127,4.769204763376125
26,kcat_127,4.773472219689731
27,kcat_127,4.772986666938582
28,kcat_127,4.772038765273021
29,kcat_127,4.7749302411926084
30,kcat_127,4.763098818432193
31,kcat_127,4.7629313396932185
32,kcat_127,4.764830180663802
33,kcat_127,4.769076153819453
34,kcat_127,4.765488870321306
35,kcat_127,4.756883482261805
36,kcat_127,4.754485138509231
37,kcat_127,4.756279456748961
38,kcat_127,4.758151347194107
39,kcat_127,4.755990042200549
40,kcat_127,4.755134585770543
41,kcat_127,4.754555890193439
42,kcat_127,4.756121008153431
43,kcat_127,4.751951549573262
44,kcat_127,4.750002909914228
45,kcat_127,4.74519247140053
46,kcat_127,4.7600772085274805
47,kcat_127,4.7658512766455265
48,kcat_127,4.769462547371447
49,kcat_127,4.769031863462644
0,kcat_128,6.073958012313829
1,kcat_128,6.0769654197045515
2,kcat_128,6.099958827521499
3,kcat_128,6.0886158764252025
4,kcat_128,6.070384277500078
5,kcat_128,6.065039096381705
6,kcat_128,6.068989678922126
7,kcat_128,6.035045124278408
8,kcat_128,5.992304125651911
9,kcat_128,5.989834073085524
10,kcat_128,5.984394780357861
11,kcat_128,5.973026909686977
12,kcat_128,5.9625684546138995
13,kcat_128,5.953103163776601
14,kcat_128,5.95328856618293
15,kcat_128,5.937894713316987
16,kcat_128,5.939012785689169
17,kcat_128,5.937079914873716
18,kcat_128,5.926168030905179
19,kcat_128,5.92852352312195
20,kcat_128,5.921909942928992
21,kcat_128,5.916550845978437
22,kcat_128,5.908362671087725
23,kcat_128,5.902318861421612
24,kcat_128,5.896170710883432
25,kcat_128,5.89579429778783
26,kcat_128,5.895815392039723
27,kcat_128,5.89313377877179
28,kcat_128,5.890917758048613
29,kcat_128,5.888195776656057
30,kcat_128,5.894305082525989
31,kcat_128,5.890799489098067
32,kcat_128,5.886682561456351
33,kcat_128,5.885393424521102
34,kcat_128,5.881049064890843
35,kcat_128,5.878741893673827
36,kcat_128,5.876738184070125
37,kcat_128,5.875192969704031
38,kcat_128,5.875175242707542
39,kcat_128,5.8793194281070225
40,kcat_128,5.882480296834027
41,kcat_128,5.880730485354709
42,kcat_128,5.880824758668708
43,kcat_128,5.882055154080985
44,kcat_128,5.876679834236836
45,kcat_128,5.877917737077498
46,kcat_128,5.878272962295508
47,kcat_128,5.876804752003689
48,kcat_128,5.878039886950468
49,kcat_128,5.874603655282283
0,kcat_129,5.14041272433095
1,kcat_129,5.154249711802106
2,kcat_129,5.142130334184037
3,kcat_129,5.125399663378255
4,kcat_129,5.125426214304184
5,kcat_129,5.104436854590989
6,kcat_129,5.113731062163615
7,kcat_129,5.089469872848508
8,kcat_129,5.055443276407945
9,kcat_129,5.062762354567558
10,kcat_129,5.059714135042269
11,kcat_129,5.062049002769154
12,kcat_129,5.048857301188072
13,kcat_129,5.0430908923037805
14,kcat_129,5.041221877905372
15,kcat_129,5.066306660687804
16,kcat_129,5.067610290807672
17,kcat_129,5.069765988882185
18,kcat_129,5.0668744173782905
19,kcat_129,5.064810292002079
20,kcat_129,5.0600280696095465
21,kcat_129,5.06132007183657
22,kcat_129,5.060137804897073
23,kcat_129,5.067318434956244
24,kcat_129,5.0681962250282435
25,kcat_129,5.073355311005948
26,kcat_129,5.076914640831826
27,kcat_129,5.078932860783796
28,kcat_129,5.078419743769742
29,kcat_129,5.085118591945011
30,kcat_129,5.081909926346561
31,kcat_129,5.079970369012666
32,kcat_129,5.073262258022524
33,kcat_129,5.065913599635876
34,kcat_129,5.059301171008268
35,kcat_129,5.05366341303345
36,kcat_129,5.055580814653846
37,kcat_129,5.056393182062115
38,kcat_129,5.056654700871318
39,kcat_129,5.056050366927079
40,kcat_129,5.048339575573107
41,kcat_129,5.047444909907834
42,kcat_129,5.049484621249372
43,kcat_129,5.050237803934438
44,kcat_129,5.048584661390978
45,kcat_129,5.040197977038911
46,kcat_129,5.039174347269249
47,kcat_129,5.035038649307865
48,kcat_129,5.029008327411838
49,kcat_129,5.031857266668269
0,kcat_130,4.925296003837562
1,kcat_130,4.930610178462409
2,kcat_130,4.948041982804063
3,kcat_130,4.963656682923781
4,kcat_130,4.962113170880946
5,kcat_130,4.932460580639684
6,kcat_130,4.924981297237207
7,kcat_130,4.895217473881616
8,kcat_130,4.883927082939468
9,kcat_130,4.8700227794295925
10,kcat_130,4.87456138481577
11,kcat_130,4.884078265245222
12,kcat_130,4.873870991998454
13,kcat_130,4.878624061176012
14,kcat_130,4.882535720403901
15,kcat_130,4.886980087573672
16,kcat_130,4.879821377304816
17,kcat_130,4.888746161664858
18,kcat_130,4.878481425439575
19,kcat_130,4.876051190858334
20,kcat_130,4.879378227626853
21,kcat_130,4.881420098593959
22,kcat_130,4.885083172623517
23,kcat_130,4.8847735145541265
24,kcat_130,4.87918760132296
25,kcat_130,4.88164594260893
26,kcat_130,4.88107848999655
27,kcat_130,4.8827726416803765
28,kcat_130,4.881868708094774
29,kcat_130,4.882621434247865
30,kcat_130,4.877135949977524
31,kcat_130,4.877116603580839
32,kcat_130,4.875906810832045
33,kcat_130,4.877643360130952
34,kcat_130,4.868786649245988
35,kcat_130,4.873622614641921
36,kcat_130,4.8788532008402985
37,kcat_130,4.876174540273116
38,kcat_130,4.87490456062207
39,kcat_130,4.8732682742152935
40,kcat_130,4.8658650052220365
41,kcat_130,4.864307976593015
42,kcat_130,4.869837465410515
43,kcat_130,4.875924757279379
44,kcat_130,4.876504088339169
45,kcat_130,4.877010951256096
46,kcat_130,4.890549403928213
47,kcat_130,4.888720536151877
48,kcat_130,4.895153947721335
49,kcat_130,4.8925529381156165
0,kcat_131,4.286768230040708
1,kcat_131,4.274701875816801
2,kcat_131,4.291820892072288
3,kcat_131,4.319198081548074
4,kcat_131,4.3202926751823005
5,kcat_131,4.341446609201615
6,kcat_131,4.350332711954409
7,kcat_131,4.350686978566668
8,kcat_131,4.3728879436101815
9,kcat_131,4.369828344197059
10,kcat_131,4.36430116127376
11,kcat_131,4.361499776698081
12,kcat_131,4.378754712391116
13,kcat_131,4.3797902518832945
14,kcat_131,4.374663320178018
15,kcat_131,4.369295755405984
16,kcat_131,4.369099099516533
17,kcat_131,4.368951798018086
18,kcat_131,4.367296411948246
19,kcat_131,4.369807691803617
20,kcat_131,4.3553461111089895
21,kcat_131,4.345347535810663
22,kcat_131,4.339904930362765
23,kcat_131,4.339114143141235
24,kcat_131,4.349394107470091
25,kcat_131,4.345194408139896
26,kcat_131,4.348589322965975
27,kcat_131,4.344660552052595
28,kcat_131,4.3456641808419905
29,kcat_131,4.3509986006658865
30,kcat_131,4.349893545132648
31,kcat_131,4.349315103387911
32,kcat_131,4.343455156744818
33,kcat_131,4.339251148452908
34,kcat_131,4.344780399597694
35,kcat_131,4.342112369448851
36,kcat_131,4.349747217538319
37,kcat_131,4.349939826250408
38,kcat_131,4.3562849404934845
39,kcat_131,4.351809327359195
40,kcat_131,4.343734245812182
41,kcat_131,4.3372809132853405
42,kcat_131,4.333949666524391
43,kcat_131,4.330367504239438
44,kcat_131,4.325073766661992
45,kcat_131,4.333201317858285
46,kcat_131,4.334601216676994
47,kcat_131,4.333508877153102
48,kcat_131,4.339812904121813
49,kcat_131,4.342337703987053
0,kcat_132,4.613166866322867
1,kcat_132,4.618406219658189
2,kcat_132,4.6632637189043775
3,kcat_132,4.689741711203124
4,kcat_132,4.690263709842009
5,kcat_132,4.7005171729310895
6,kcat_132,4.7102299575355815
7,kcat_132,4.702897309089272
8,kcat_132,4.693838153044027
9,kcat_132,4.698777376099485
10,kcat_132,4.682822850200698
11,kcat_132,4.6730845243753505
12,kcat_132,4.673809450981462
13,kcat_132,4.664490776106193
14,kcat_132,4.649917827059329
15,kcat_132,4.661307533048634
16,kcat_132,4.664818492660167
17,kcat_132,4.663568715372096
18,kcat_132,4.662680657855861
19,kcat_132,4.66170009214423
20,kcat_132,4.651829625735362
21,kcat_132,4.659961791352538
22,kcat_132,4.663606505346993
23,kcat_132,4.6653260634097915
24,kcat_132,4.662704278648629
25,kcat_132,4.665482974947039
26,kcat_132,4.667418083071121
27,kcat_132,4.66135105481025
28,kcat_132,4.656542568868648
29,kcat_132,4.664663898318711
30,kcat_132,4.662923573811449
31,kcat_132,4.6628308609775315
32,kcat_132,4.658674534584599
33,kcat_132,4.660375854880525
34,kcat_132,4.65681874377038
35,kcat_132,4.656257326244851
36,kcat_132,4.652243764977015
37,kcat_132,4.656023999291379
38,kcat_132,4.656820610236018
39,kcat_132,4.653306009013086
40,kcat_132,4.659335502497543
41,kcat_132,4.657767447289352
42,kcat_132,4.653207563180609
43,kcat_132,4.650387884216991
44,kcat_132,4.6523312956440135
45,kcat_132,4.650826391423778
46,kcat_132,4.6497304135550355
47,kcat_132,4.6457133149000285
48,kcat_132,4.648256029924211
49,kcat_132,4.65068516698839
0,kcat_133,4.178024857851119
1,kcat_133,4.183225127308647
2,kcat_133,4.169296238207358
3,kcat_133,4.203799549269268
4,kcat_133,4.190323958209162
5,kcat_133,4.182031051519713
6,kcat_133,4.195761835415838
7,kcat_133,4.206820512864955
8,kcat_133,4.1980839221853765
9,kcat_133,4.199456637288437
10,kcat_133,4.186743436694681
11,kcat_133,4.190052536551744
12,kcat_133,4.197387887610645
13,kcat_133,4.202774385777283
14,kcat_133,4.226091357881431
15,kcat_133,4.223495828370476
16,kcat_133,4.232882378547707
17,kcat_133,4.238421384949493
18,kcat_133,4.243695611550921
19,kcat_133,4.243916697557006
20,kcat_133,4.252902999102835
21,kcat_133,4.253862112555293
22,kcat_133,4.252083332572047
23,kcat_133,4.250937741366616
24,kcat_133,4.251678488333695
25,kcat_133,4.243679338676766
26,kcat_133,4.236044635725191
27,kcat_133,4.235268476872541
28,kcat_133,4.239784994122914
29,kcat_133,4.248426253142711
30,kcat_133,4.253567348774461
31,kcat_133,4.247657686027719
32,kcat_133,4.250359220515776
33,kcat_133,4.253461059914688
34,kcat_133,4.254648910701142
35,kcat_133,4.248401410647116
36,kcat_133,4.245623514167947
37,kcat_133,4.242139120130871
38,kcat_133,4.232583895368706
39,kcat_133,4.234842310655929
40,kcat_133,4.237356087340244
41,kcat_133,4.236906917693166
42,kcat_133,4.245012498015138
43,kcat_133,4.239342928791255
44,kcat_133,4.248539173819886
45,kcat_133,4.251001223993997
46,kcat_133,4.25374228978764
47,kcat_133,4.261213327248048
48,kcat_133,4.267001860680626
49,kcat_133,4.261733386855452
0,kcat_134,4.144638751707208
1,kcat_134,4.137725036505674
2,kcat_134,4.121907786755376
3,kcat_134,4.146391406208096
4,kcat_134,4.154889802033373
5,kcat_134,4.147913360523155
6,kcat_134,4.15875418013492
7,kcat_134,4.145661814332151
8,kcat_134,4.184950142090567
9,kcat_134,4.178000482459907
10,kcat_134,4.193149598567091
11,kcat_134,4.20501893054642
12,kcat_134,4.208981741379708
13,kcat_134,4.217035678331353
14,kcat_134,4.231140303891019
15,kcat_134,4.241383660720421
16,kcat_134,4.244501640650636
17,kcat_134,4.2473570966289795
18,kcat_134,4.2514234044232655
19,kcat_134,4.2506227306626565
20,kcat_134,4.245366010893198
21,kcat_134,4.237837742122058
22,kcat_134,4.238749483016132
23,kcat_134,4.239990638813783
24,kcat_134,4.243377279489558
25,kcat_134,4.238269081659227
26,kcat_134,4.224882370246267
27,kcat_134,4.222130426676079
28,kcat_134,4.2227484655253225
29,kcat_134,4.22812817826758
30,kcat_134,4.236202723332419
31,kcat_134,4.238649094178718
32,kcat_134,4.238140258286718
33,kcat_134,4.2406121898316504
34,kcat_134,4.24914869235853
35,kcat_134,4.2412188372225295
36,kcat_134,4.244432958555153
37,kcat_134,4.251895240779231
38,kcat_134,4.247881332287253
39,kcat_134,4.2397590904968006
40,kcat_134,4.241066261900883
41,kcat_134,4.240031589459267
42,kcat_134,4.240181228942113
43,kcat_134,4.237630168530086
44,kcat_134,4.2418210262170515
45,kcat_134,4.239761852906693
46,kcat_134,4.236134597343998
47,kcat_134,4.240825001796445
48,kcat_134,4.2468430890064806
49,kcat_134,4.250904735149951
0,kcat_135,4.497885332068207
1,kcat_135,4.487292354348282
2,kcat_135,4.490251982059869
3,kcat_135,4.494803494289413
4,kcat_135,4.500545298754134
5,kcat_135,4.494963042711264
6,kcat_135,4.481588761932044
7,kcat_135,4.4759171730901155
8,kcat_135,4.487717781077173
9,kcat_135,4.483726407432695
10,kcat_135,4.483048419353276
11,kcat_135,4.49029393046994
12,kcat_135,4.4880720724993015
13,kcat_135,4.486474707694977
14,kcat_135,4.4883694019932925
15,kcat_135,4.492845014731356
16,kcat_135,4.491859732104657
17,kcat_135,4.484067806221724
18,kcat_135,4.4926586279442455
19,kcat_135,4.497697053938125
20,kcat_135,4.4865515620329095
21,kcat_135,4.494507060565459
22,kcat_135,4.502198090148071
23,kcat_135,4.5020920838241105
24,kcat_135,4.503204443358471
25,kcat_135,4.498543177309481
26,kcat_135,4.4894139628823995
27,kcat_135,4.488280163816352
28,kcat_135,4.492945477522267
29,kcat_135,4.492540721819701
30,kcat_135,4.499430366773477
31,kcat_135,4.503142224376648
32,kcat_135,4.499902221278983
33,kcat_135,4.506667100867681
34,kcat_135,4.510882670005734
35,kcat_135,4.511514632417994
36,kcat_135,4.517892412784834
37,kcat_135,4.5143284114372495
38,kcat_135,4.509755494769573
39,kcat_135,4.504167768842737
40,kcat_135,4.508432103531303
41,kcat_135,4.506451911043838
42,kcat_135,4.505082025619852
43,kcat_135,4.502002854674429
44,kcat_135,4.503593737667475
45,kcat_135,4.502556112580168
46,kcat_135,4.504874572357184
47,kcat_135,4.511360311514992
48,kcat_135,4.496237455701027
49,kcat_135,4.494356213041118
0,kcat_136,3.859838309799026
1,kcat_136,3.855633482638253
2,kcat_136,3.856816222063366
3,kcat_136,3.862683604835845
4,kcat_136,3.852022157006338
5,kcat_136,3.871068151808158
6,kcat_136,3.8794100065206285
7,kcat_136,3.917206583366184
8,kcat_136,3.9285775079947522
9,kcat_136,3.9191048705873994
10,kcat_136,3.9331959659461084
11,kcat_136,3.928968926990517
12,kcat_136,3.938016019659228
13,kcat_136,3.943894551823121
14,kcat_136,3.9464040892768746
15,kcat_136,3.9596249611098497
16,kcat_136,3.947545647623945
17,kcat_136,3.9529543984311832
18,kcat_136,3.947936048843593
19,kcat_136,3.946329592895918
20,kcat_136,3.9424334891949253
21,kcat_136,3.9424760656089965
22,kcat_136,3.9479498799932244
23,kcat_136,3.9419596413476503
24,kcat_136,3.9528226618651714
25,kcat_136,3.954844325323844
26,kcat_136,3.9522706619246515
27,kcat_136,3.9559133275052596
28,kcat_136,3.9563591352085448
29,kcat_136,3.954483291284627
30,kcat_136,3.963373395000217
31,kcat_136,3.965558066329784
32,kcat_136,3.9700277535414803
33,kcat_136,3.9715101139912807
34,kcat_136,3.9730452064962183
35,kcat_136,3.973844075524165
36,kcat_136,3.9787781293415105
37,kcat_136,3.9765593580919085
38,kcat_136,3.977865634643365
39,kcat_136,3.9696840107124793
40,kcat_136,3.9708837093656326
41,kcat_136,3.9736017436153905
42,kcat_136,3.971262219078737
43,kcat_136,3.9709795005833204
44,kcat_136,3.9733287444657774
45,kcat_136,3.975341635466185
46,kcat_136,3.9777764383456984
47,kcat_136,3.9799165015038938
48,kcat_136,3.977568061042743
49,kcat_136,3.975833801028694
0,kcat_137,3.3745801576882624
1,kcat_137,3.3753621692460465
2,kcat_137,3.3424807179930904
3,kcat_137,3.3533218898788015
4,kcat_137,3.318585738821343
5,kcat_137,3.331855798830302
6,kcat_137,3.331747024034234
7,kcat_137,3.339240685004559
8,kcat_137,3.418252491778041
9,kcat_137,3.425795437271873
10,kcat_137,3.4274273799709474
11,kcat_137,3.4268111919901902
12,kcat_137,3.424976441274635
13,kcat_137,3.4243975928627486
14,kcat_137,3.4395488972370285
15,kcat_137,3.4569633878727344
16,kcat_137,3.447888342190504
17,kcat_137,3.4610452054049765
18,kcat_137,3.469406363604884
19,kcat_137,3.468409986491044
20,kcat_137,3.473647047670978
21,kcat_137,3.4728535403906533
22,kcat_137,3.4716790889302747
23,kcat_137,3.4762899975904613
24,kcat_137,3.4772888428349753
25,kcat_137,3.4820871035167116
26,kcat_137,3.4764568535608684
27,kcat_137,3.4796779959322546
28,kcat_137,3.4813661894635723
29,kcat_137,3.4808207751374414
30,kcat_137,3.491414450020933
31,kcat_137,3.4964378685677686
32,kcat_137,3.5021376348773097
33,kcat_137,3.4920561443749807
34,kcat_137,3.501173012753158
35,kcat_137,3.502748817477678
36,kcat_137,3.496100205754797
37,kcat_137,3.49454914929747
38,kcat_137,3.497221137999207
39,kcat_137,3.497801558085462
40,kcat_137,3.4977767534213458
41,kcat_137,3.497571718771257
42,kcat_137,3.4979711423498623
43,kcat_137,3.498403279855114
44,kcat_137,3.5017687379477187
45,kcat_137,3.4992661446403286
46,kcat_137,3.498722641711532
47,kcat_137,3.5039658600819625
48,kcat_137,3.506662159281241
49,kcat_137,3.503470356821535
0,kcat_138,3.4319816523648736
1,kcat_138,3.4171357603253747
2,kcat_138,3.3581404185355335
3,kcat_138,3.357786039524997
4,kcat_138,3.3511596855770196
5,kcat_138,3.359781262840321
6,kcat_138,3.363414110139244
7,kcat_138,3.3908181942761413
8,kcat_138,3.3986038081930943
9,kcat_138,3.4067283654863174
10,kcat_138,3.39600071416612
11,kcat_138,3.4023535357566086
12,kcat_138,3.405433678114074
13,kcat_138,3.408432527606069
14,kcat_138,3.4112955803225615
15,kcat_138,3.406259379085416
16,kcat_138,3.4120529068723466
17,kcat_138,3.4262134294411983
18,kcat_138,3.4226641513606073
19,kcat_138,3.4183608753411345
20,kcat_138,3.4224676782172874
21,kcat_138,3.4333979526297824
22,kcat_138,3.436036799148795
23,kcat_138,3.4331972444814474
24,kcat_138,3.429265443951057
25,kcat_138,3.4372123869110975
26,kcat_138,3.440378436518602
27,kcat_138,3.446004073009568
28,kcat_138,3.4497387513118247
29,kcat_138,3.4577698624418374
30,kcat_138,3.4623592006657793
31,kcat_138,3.4604899362401915
32,kcat_138,3.4636154184879673
33,kcat_138,3.4702406160148613
34,kcat_138,3.4676061162421092
35,kcat_138,3.4676072361514487
36,kcat_138,3.476731079533079
37,kcat_138,3.480020585882618
38,kcat_138,3.4759860379475858
39,kcat_138,3.482809493783835
40,kcat_138,3.4828412010067384
41,kcat_138,3.4845396004781555
42,kcat_138,3.4858902845057425
43,kcat_138,3.4818919159400035
44,kcat_138,3.4772853037291496
45,kcat_138,3.4762974289047857
46,kcat_138,3.467397594142765
47,kcat_138,3.4703714864781925
48,kcat_138,3.4634599762447573
49,kcat_138,3.460034600344012
0,kcat_139,3.5472112805393414
1,kcat_139,3.5523222857150967
2,kcat_139,3.5517194982398483
3,kcat_139,3.518156817214471
4,kcat_139,3.5177700551408835
5,kcat_139,3.5250843041930877
6,kcat_139,3.5207136972654136
7,kcat_139,3.5166141674739255
8,kcat_139,3.5580870107345417
9,kcat_139,3.568056318214873
10,kcat_139,3.564281299858518
11,kcat_139,3.5729524908624684
12,kcat_139,3.57760764056879
13,kcat_139,3.5839200584465196
14,kcat_139,3.5888657763683756
15,kcat_139,3.5803574988779885
16,kcat_139,3.575656875100038
17,kcat_139,3.573551217691378
18,kcat_139,3.5747673629160284
19,kcat_139,3.571776575702582
20,kcat_139,3.587919771844744
21,kcat_139,3.5991260505787284
22,kcat_139,3.597950936432226
23,kcat_139,3.593737393004174
24,kcat_139,3.592608912597822
25,kcat_139,3.589849839759654
26,kcat_139,3.5773327662705294
27,kcat_139,3.5816104974545135
28,kcat_139,3.5887852502783164
29,kcat_139,3.596976103277166
30,kcat_139,3.5967501980639147
31,kcat_139,3.601256886767763
32,kcat_139,3.6076816658599524
33,kcat_139,3.6069002950204903
34,kcat_139,3.6131478062960607
35,kcat_139,3.6168284693781936
36,kcat_139,3.6175616244970143
37,kcat_139,3.6126138573848694
38,kcat_139,3.617154354154723
39,kcat_139,3.624705677153677
40,kcat_139,3.6133863457812216
41,kcat_139,3.615496553226795
42,kcat_139,3.618779145473786
43,kcat_139,3.6289187176628146
44,kcat_139,3.636032406670297
45,kcat_139,3.637579975524034
46,kcat_139,3.649458829091124
47,kcat_139,3.6535911026628067
48,kcat_139,3.6605763917356593
49,kcat_139,3.663376669114736
0,kcat_140,3.934860998550069
1,kcat_140,3.9256675523335054
2,kcat_140,3.958964605849568
3,kcat_140,3.9380283138034606
4,kcat_140,3.9441728607963773
5,kcat_140,3.9625246976178463
6,kcat_140,3.969499137633162
7,kcat_140,3.990242477759978
8,kcat_140,4.0025067528754406
9,kcat_140,3.995799153519668
10,kcat_140,3.9946776463790403
11,kcat_140,3.987058049697729
12,kcat_140,3.9832703691375304
13,kcat_140,3.9930216811552914
14,kcat_140,3.9821939531086916
15,kcat_140,3.9904062117642103
16,kcat_140,3.9861053553290082
17,kcat_140,3.9893914394310044
18,kcat_140,3.9874427018642753
19,kcat_140,3.975380578542548
20,kcat_140,3.976536843883272
21,kcat_140,3.976867577105473
22,kcat_140,3.9808217766920135
23,kcat_140,3.9765383059392363
24,kcat_140,3.991519341489249
25,kcat_140,4.000653118399534
26,kcat_140,4.005673046806887
27,kcat_140,4.009838518032289
28,kcat_140,4.010017992788495
29,kcat_140,4.005299665090563
30,kcat_140,3.9970109439547095
31,kcat_140,3.9994604101644473
32,kcat_140,3.9980444738984184
33,kcat_140,4.005343242345639
34,kcat_140,4.002180603789937
35,kcat_140,3.991475236343525
36,kcat_140,3.9891939175300717
37,kcat_140,3.9895344860935524
38,kcat_140,3.9818280203945227
39,kcat_140,3.9800089405646277
40,kcat_140,3.978606721524467
41,kcat_140,3.975630126373182
42,kcat_140,3.9725303853034553
43,kcat_140,3.978131903780234
44,kcat_140,3.981175411128643
45,kcat_140,3.9858935746404907
46,kcat_140,3.97908165374832
47,kcat_140,3.983428397176196
48,kcat_140,3.9865815617071476
49,kcat_140,3.9847737670277494
0,kcat_141,4.700629910058472
1,kcat_141,4.70667315432908
2,kcat_141,4.726443286765354
3,kcat_141,4.737527331894123
4,kcat_141,4.754878893725142
5,kcat_141,4.739140377933276
6,kcat_141,4.7488557593615495
7,kcat_141,4.764439749594638
8,kcat_141,4.721560031155965
9,kcat_141,4.708953423516475
10,kcat_141,4.705453916535051
11,kcat_141,4.706422655284967
12,kcat_141,4.69164516595959
13,kcat_141,4.694848447364741
14,kcat_141,4.701585667239023
15,kcat_141,4.704535086499712
16,kcat_141,4.700692745552667
17,kcat_141,4.706362437360417
18,kcat_141,4.697589216692014
19,kcat_141,4.708400251455993
20,kcat_141,4.687992415077919
21,kcat_141,4.675706292997391
22,kcat_141,4.681953683061756
23,kcat_141,4.6847382294350055
24,kcat_141,4.686569610780015
25,kcat_141,4.68438626165285
26,kcat_141,4.689218424557681
27,kcat_141,4.695048387112985
28,kcat_141,4.698358160875869
29,kcat_141,4.695888452388656
30,kcat_141,4.6839269494927045
31,kcat_141,4.6814045526871
32,kcat_141,4.675409194261357
33,kcat_141,4.678707426968302
34,kcat_141,4.672034864032796
35,kcat_141,4.670093845010856
36,kcat_141,4.6748315331874615
37,kcat_141,4.676422029038703
38,kcat_141,4.6765603480385165
39,kcat_141,4.676971535138286
40,kcat_141,4.677707228193369
41,kcat_141,4.679493725942844
42,kcat_141,4.675461525262092
43,kcat_141,4.671900044782291
44,kcat_141,4.669968986013155
45,kcat_141,4.668109542526648
46,kcat_141,4.66115292371669
47,kcat_141,4.660585129051584
48,kcat_141,4.66698390340401
49,kcat_141,4.6682032639246565
0,kcat_142,4.716650936306406
1,kcat_142,4.712572066989675
2,kcat_142,4.734937850590847
3,kcat_142,4.754417314946197
4,kcat_142,4.772587051859113
5,kcat_142,4.75735906665577
6,kcat_142,4.764078069608037
7,kcat_142,4.748285138282335
8,kcat_142,4.748200096158404
9,kcat_142,4.744896687699265
10,kcat_142,4.737850748466005
11,kcat_142,4.734191929657386
12,kcat_142,4.734448265153217
13,kcat_142,4.73655310013466
14,kcat_142,4.729619587595546
15,kcat_142,4.721951945548305
16,kcat_142,4.716894018712103
17,kcat_142,4.715483517103166
18,kcat_142,4.704910225653386
19,kcat_142,4.698323140983502
20,kcat_142,4.691232566173047
21,kcat_142,4.694321997038943
22,kcat_142,4.706890442493123
23,kcat_142,4.704233223884764
24,kcat_142,4.706595693997271
25,kcat_142,4.714330809883776
26,kcat_142,4.733731090877004
27,kcat_142,4.730857045802212
28,kcat_142,4.737172906497036
29,kcat_142,4.737252874414367
30,kcat_142,4.740473496595259
31,kcat_142,4.735344136810302
32,kcat_142,4.734281592991528
33,kcat_142,4.731521399970854
34,kcat_142,4.727934108896826
35,kcat_142,4.731055977912538
36,kcat_142,4.735255008846389
37,kcat_142,4.740025005070671
38,kcat_142,4.738452573627134
39,kcat_142,4.738345587952868
40,kcat_142,4.75041978093983
41,kcat_142,4.75133088046602
42,kcat_142,4.757962511507568
43,kcat_142,4.740007479424811
44,kcat_142,4.74159908099949
45,kcat_142,4.74236618427617
46,kcat_142,4.7402517292672695
47,kcat_142,4.740785885008151
48,kcat_142,4.749948352429914
49,kcat_142,4.753907846126629
0,kcat_143,5.195496779344249
1,kcat_143,5.211312344059318
2,kcat_143,5.231470674864163
3,kcat_143,5.26609438735862
4,kcat_143,5.274761406839098
5,kcat_143,5.238982860117529
6,kcat_143,5.234152155891266
7,kcat_143,5.191390803272195
8,kcat_143,5.160833772048964
9,kcat_143,5.162687311771093
10,kcat_143,5.150832994054581
11,kcat_143,5.163251583261446
12,kcat_143,5.148563541401999
13,kcat_143,5.149151612371357
14,kcat_143,5.143689037776397
15,kcat_143,5.139494955701687
16,kcat_143,5.148872571811783
17,kcat_143,5.1606240612690755
18,kcat_143,5.165104171065917
19,kcat_143,5.158950182779432
20,kcat_143,5.137143598907408
21,kcat_143,5.138863287937404
22,kcat_143,5.148272786483235
23,kcat_143,5.14946215793886
24,kcat_143,5.1424773529542
25,kcat_143,5.146688717435926
26,kcat_143,5.137932987401269
27,kcat_143,5.134110344297004
28,kcat_143,5.134064214898824
29,kcat_143,5.123245897396122
30,kcat_143,5.117263307648904
31,kcat_143,5.113812859187232
32,kcat_143,5.124455493166695
33,kcat_143,5.12259516632307
34,kcat_143,5.119160866245633
35,kcat_143,5.118965783902237
36,kcat_143,5.111171527653405
37,kcat_143,5.11161423049937
38,kcat_143,5.112823674182071
39,kcat_143,5.110162514718888
40,kcat_143,5.1067078594791715
41,kcat_143,5.107105859745988
42,kcat_143,5.113050029376267
43,kcat_143,5.10840403411885
44,kcat_143,5.11347333893827
45,kcat_143,5.11591183328022
46,kcat_143,5.103208520475315
47,kcat_143,5.1126515600737505
48,kcat_143,5.113044406490752
49,kcat_143,5.112177948305922
0,kcat_144,4.428824851618752
1,kcat_144,4.41224656006663
2,kcat_144,4.41819518797663
3,kcat_144,4.414328211570941
4,kcat_144,4.428716247042908
5,kcat_144,4.418984247306183
6,kcat_144,4.434719534299722
7,kcat_144,4.4281857456438125
8,kcat_144,4.431736536329
9,kcat_144,4.433829605366119
10,kcat_144,4.435391360105002
11,kcat_144,4.438973261353296
12,kcat_144,4.443964584172978
13,kcat_144,4.437174082501644
14,kcat_144,4.44619487527149
15,kcat_144,4.439171418562998
16,kcat_144,4.4344703797379195
17,kcat_144,4.425149508957242
18,kcat_144,4.424099703890966
19,kcat_144,4.418714072794814
20,kcat_144,4.40804326609489
21,kcat_144,4.408629296538279
22,kcat_144,4.419310083184581
23,kcat_144,4.417578686076709
24,kcat_144,4.422322739726062
25,kcat_144,4.42917647849088
26,kcat_144,4.435235654618399
27,kcat_144,4.428477924889119
28,kcat_144,4.427346826915974
29,kcat_144,4.4211393379386195
30,kcat_144,4.430274146887426
31,kcat_144,4.426400849995571
32,kcat_144,4.424720415014975
33,kcat_144,4.422116895731594
34,kcat_144,4.4265515839809755
35,kcat_144,4.423512667656772
36,kcat_144,4.426630448317448
37,kcat_144,4.419379922587718
38,kcat_144,4.41381500816067
39,kcat_144,4.41642206587137
40,kcat_144,4.416743823230881
41,kcat_144,4.4164396157854515
42,kcat_144,4.417273148807108
43,kcat_144,4.404969028971196
44,kcat_144,4.4048664458923215
45,kcat_144,4.412332921421013
46,kcat_144,4.4092424524955565
47,kcat_144,4.407946317696693
48,kcat_144,4.405942914756536
49,kcat_144,4.404628715044254
0,kcat_145,4.545641243309691
1,kcat_145,4.557974682281389
2,kcat_145,4.574568264340821
3,kcat_145,4.563704121207137
4,kcat_145,4.577958105463907
5,kcat_145,4.562730642807616
6,kcat_145,4.568536579635723
7,kcat_145,4.566587872256495
8,kcat_145,4.5326985906231405
9,kcat_145,4.525552065496325
10,kcat_145,4.525469013368759
11,kcat_145,4.534286288336508
12,kcat_145,4.525604646769466
13,kcat_145,4.535537029238837
14,kcat_145,4.545290540003382
15,kcat_145,4.546250129598921
16,kcat_145,4.54607574547481
17,kcat_145,4.558671562852267
18,kcat_145,4.555041846266848
19,kcat_145,4.557960644286435
20,kcat_145,4.558593490770918
21,kcat_145,4.5503746308333355
22,kcat_145,4.545918861971841
23,kcat_145,4.549575285791058
24,kcat_145,4.545447802706267
25,kcat_145,4.550190768170764
26,kcat_145,4.550097606171979
27,kcat_145,4.540578722237787
28,kcat_145,4.541432069056997
29,kcat_145,4.5408251334153125
30,kcat_145,4.544720646315764
31,kcat_145,4.548504130601327
32,kcat_145,4.549978178693308
33,kcat_145,4.547293606173703
34,kcat_145,4.540715813683809
35,kcat_145,4.536302412451571
36,kcat_145,4.5361215418176855
37,kcat_145,4.535255771624971
38,kcat_145,4.53251299836964
39,kcat_145,4.533408504726761
40,kcat_145,4.535588258144694
41,kcat_145,4.537511147403258
42,kcat_145,4.540121539902037
43,kcat_145,4.540933860371927
44,kcat_145,4.543143169825165
45,kcat_145,4.53687358785727
46,kcat_145,4.527710626413255
47,kcat_145,4.532787243937233
48,kcat_145,4.538762552719802
49,kcat_145,4.542417656262465
0,kcat_146,4.4884623987197365
1,kcat_146,4.4851382314456485
2,kcat_146,4.481779553480464
3,kcat_146,4.475123673425065
4,kcat_146,4.457185821506595
5,kcat_146,4.445951816460127
6,kcat_146,4.44484564220871
7,kcat_146,4.43832462765746
8,kcat_146,4.438203832531377
9,kcat_146,4.430625967773865
10,kcat_146,4.430394792350458
11,kcat_146,4.435758075530262
12,kcat_146,4.428527263604083
13,kcat_146,4.436639604692805
14,kcat_146,4.434718589358721
15,kcat_146,4.4334621565250165
16,kcat_146,4.436173063533579
17,kcat_146,4.430365914451183
18,kcat_146,4.439956657187203
19,kcat_146,4.4435374783365615
20,kcat_146,4.458413799762441
21,kcat_146,4.462724795661206
22,kcat_146,4.456260267413167
23,kcat_146,4.460843999973802
24,kcat_146,4.459191317592774
25,kcat_146,4.458400916585722
26,kcat_146,4.446399425259385
27,kcat_146,4.443151348335205
28,kcat_146,4.44502573093353
29,kcat_146,4.4487644745191
30,kcat_146,4.436540353915429
31,kcat_146,4.427672631128863
32,kcat_146,4.442294473269727
33,kcat_146,4.438218475386949
34,kcat_146,4.42867889727615
35,kcat_146,4.4315829525826915
36,kcat_146,4.4378994003465655
37,kcat_146,4.442774994412555
38,kcat_146,4.45319618614231
39,kcat_146,4.452486714085371
40,kcat_146,4.44971703705635
41,kcat_146,4.449196826428233
42,kcat_146,4.45247061053287
43,kcat_146,4.451674267610369
44,kcat_146,4.451206520924373
45,kcat_146,4.45515517334475
46,kcat_146,4.460291489653216
47,kcat_146,4.456032625747095
48,kcat_146,4.454382023040108
49,kcat_146,4.456230922606339
0,kcat_147,4.662089944346487
1,kcat_147,4.653110674309091
2,kcat_147,4.631993588258774
3,kcat_147,4.6368712439330295
4,kcat_147,4.638646761019541
5,kcat_147,4.630511018097176
6,kcat_147,4.627775129221431
7,kcat_147,4.63164172498743
8,kcat_147,4.646834054146411
9,kcat_147,4.64608736782146
10,kcat_147,4.659479670005573
11,kcat_147,4.683235401139832
12,kcat_147,4.672646096885506
13,kcat_147,4.673194862257382
14,kcat_147,4.676536852607978
15,kcat_147,4.678709241709488
16,kcat_147,4.681423452084566
17,kcat_147,4.686226793638539
18,kcat_147,4.689293259029958
19,kcat_147,4.6862693568943286
20,kcat_147,4.685825542621926
21,kcat_147,4.690513694603847
22,kcat_147,4.681526169209426
23,kcat_147,4.673611818428494
24,kcat_147,4.680931816687279
25,kcat_147,4.676379077267627
26,kcat_147,4.675791443697674
27,kcat_147,4.679025436903661
28,kcat_147,4.681470937035915
29,kcat_147,4.684532240924705
30,kcat_147,4.691102126742488
31,kcat_147,4.6927642025504355
32,kcat_147,4.687251812802513
33,kcat_147,4.682893965333622
34,kcat_147,4.693158469292519
35,kcat_147,4.68649548150075
36,kcat_147,4.69035320512553
37,kcat_147,4.684818295769272
38,kcat_147,4.683144715039271
39,kcat_147,4.6804067769465325
40,kcat_147,4.679323569980207
41,kcat_147,4.6792044887497415
42,kcat_147,4.673868383039926
43,kcat_147,4.675038312327356
44,kcat_147,4.671360844126641
45,kcat_147,4.667773478496666
46,kcat_147,4.671335416477166
47,kcat_147,4.6754880059985
48,kcat_147,4.666762505117249
49,kcat_147,4.670538441521253
0,kcat_148,4.489543091598573
1,kcat_148,4.486470381112335
2,kcat_148,4.477491555939871
3,kcat_148,4.480663020822153
4,kcat_148,4.47259948500318
5,kcat_148,4.464648241965858
6,kcat_148,4.479775216227242
7,kcat_148,4.470669250747249
8,kcat_148,4.448015993761503
9,kcat_148,4.450082700547634
10,kcat_148,4.441536654690197
11,kcat_148,4.438458064414758
12,kcat_148,4.441854747872219
13,kcat_148,4.4309546966980795
14,kcat_148,4.438627683768996
15,kcat_148,4.457197097908019
16,kcat_148,4.4605752062178725
17,kcat_148,4.469745374846114
18,kcat_148,4.469450848503986
19,kcat_148,4.4641557456878616
20,kcat_148,4.464613396948357
21,kcat_148,4.467874009479865
22,kcat_148,4.472325527104122
23,kcat_148,4.469196579018745
24,kcat_148,4.46978158270888
25,kcat_148,4.477256534406642
26,kcat_148,4.4766921175407735
27,kcat_148,4.471893308267419
28,kcat_148,4.4759716241476495
29,kcat_148,4.478475457901536
30,kcat_148,4.481298245516012
31,kcat_148,4.486721601709721
32,kcat_148,4.485738756189049
33,kcat_148,4.486998898140046
34,kcat_148,4.497504369775343
35,kcat_148,4.507471751125296
36,kcat_148,4.517937524967702
37,kcat_148,4.514822971559268
38,kcat_148,4.506251976415124
39,kcat_148,4.499673717641511
40,kcat_148,4.50367090586927
41,kcat_148,4.505912059557372
42,kcat_148,4.508769243827933
43,kcat_148,4.502682272282767
44,kcat_148,4.502085790623185
45,kcat_148,4.48931829450494
46,kcat_148,4.4841523082640915
47,kcat_148,4.479159627576615
48,kcat_148,4.479891379057188
49,kcat_148,4.476679799347633
0,kcat_149,4.5648208344721946
1,kcat_149,4.572629066104609
2,kcat_149,4.579467984864345
3,kcat_149,4.580571443687518
4,kcat_149,4.566381474360606
5,kcat_149,4.55636639463637
6,kcat_149,4.546102629964172
7,kcat_149,4.543467059505407
8,kcat_149,4.523128417646169
9,kcat_149,4.5376120539152485
10,kcat_149,4.5369496713177515
11,kcat_149,4.534504088497486
12,kcat_149,4.529613821494395
13,kcat_149,4.5316209556122296
14,kcat_149,4.529744809122003
15,kcat_149,4.534136271771216
16,kcat_149,4.521295625696538
17,kcat_149,4.515202038434563
18,kcat_149,4.523691291158451
19,kcat_149,4.527430068499841
20,kcat_149,4.523852692632978
21,kcat_149,4.534153558044991
22,kcat_149,4.529042294392265
23,kcat_149,4.52365697882386
24,kcat_149,4.530579002227964
25,kcat_149,4.52743564170178
26,kcat_149,4.529097512893158
27,kcat_149,4.522572742009677
28,kcat_149,4.5167687404924814
29,kcat_149,4.520282595477397
30,kcat_149,4.520221147308165
31,kcat_149,4.520762317823196
32,kcat_149,4.511612291317
33,kcat_149,4.515346747544457
34,kcat_149,4.5138170571537
35,kcat_149,4.516856886774892
36,kcat_149,4.519685396712892
37,kcat_149,4.511142543418336
38,kcat_149,4.510496737234613
39,kcat_149,4.505535499190728
40,kcat_149,4.498214081218535
41,kcat_149,4.499302106983712
42,kcat_149,4.499958305759954
43,kcat_149,4.4993825072927
44,kcat_149,4.50409039510803
45,kcat_149,4.511598843156611
46,kcat_149,4.504060300633554
47,kcat_149,4.50840001026124
48,kcat_149,4.511572551722153
49,kcat_149,4.512276459874621
0,kcat_150,3.7973323063495608
1,kcat_150,3.789086861441219
2,kcat_150,3.796562000888224
3,kcat_150,3.797542636929522
4,kcat_150,3.793863955632429
5,kcat_150,3.7894606099625294
6,kcat_150,3.80051894464632
7,kcat_150,3.799151883685325
8,kcat_150,3.8078327635383724
9,kcat_150,3.8028787443952914
10,kcat_150,3.7924949997316153
11,kcat_150,3.7985558765394773
12,kcat_150,3.782650809787917
13,kcat_150,3.7910638833033876
14,kcat_150,3.789362000822537
15,kcat_150,3.794681181688109
16,kcat_150,3.797095337642383
17,kcat_150,3.7874205216883405
18,kcat_150,3.7937567221926956
19,kcat_150,3.789248143642077
20,kcat_150,3.788506125672155
21,kcat_150,3.7922786718709967
22,kcat_150,3.780767109949874
23,kcat_150,3.7876603245261293
24,kcat_150,3.7957857713284358
25,kcat_150,3.7952417454416327
26,kcat_150,3.793715614160063
27,kcat_150,3.803237588276815
28,kcat_150,3.8019760204414483
29,kcat_150,3.8073458118852113
30,kcat_150,3.805906439215239
31,kcat_150,3.805690348412118
32,kcat_150,3.809929876604024
33,kcat_150,3.808815181676669
34,kcat_150,3.8115304418163354
35,kcat_150,3.8191459766043763
36,kcat_150,3.832206371418792
37,kcat_150,3.8322836251394534
38,kcat_150,3.8262052604872365
39,kcat_150,3.823482021104351
40,kcat_150,3.8201171294473264
41,kcat_150,3.8182295062751868
42,kcat_150,3.819440938340203
43,kcat_150,3.825634963998614
44,kcat_150,3.8261394860788447
45,kcat_150,3.817929524890839
46,kcat_150,3.8256827178787045
47,kcat_150,3.8317023462817525
48,kcat_150,3.837891385387991
49,kcat_150,3.8387842588341075
0,kcat_151,4.277253352902708
1,kcat_151,4.295605539043555
2,kcat_151,4.290243448207851
3,kcat_151,4.2977791441393345
4,kcat_151,4.306648261934139
5,kcat_151,4.313156714882081
6,kcat_151,4.297348502152549
7,kcat_151,4.301932740264756
8,kcat_151,4.3078945866612175
9,kcat_151,4.306043662221246
10,kcat_151,4.300580611938335
11,kcat_151,4.301446165395299
12,kcat_151,4.306956178735364
13,kcat_151,4.2965296377136
14,kcat_151,4.296471691250848
15,kcat_151,4.309407919269545
16,kcat_151,4.311324114543419
17,kcat_151,4.302071135160632
18,kcat_151,4.295516331748752
19,kcat_151,4.299934708715752
20,kcat_151,4.293809334533875
21,kcat_151,4.296228580552908
22,kcat_151,4.294396273133258
23,kcat_151,4.297133263808347
24,kcat_151,4.291754949599037
25,kcat_151,4.299909619181183
26,kcat_151,4.298314199549765
27,kcat_151,4.294261717819012
28,kcat_151,4.287343245619353
29,kcat_151,4.282916233619843
30,kcat_151,4.267061374907299
31,kcat_151,4.270386444359637
32,kcat_151,4.280080808750148
33,kcat_151,4.2753415993801855
34,kcat_151,4.276714830158347
35,kcat_151,4.272771372536803
36,kcat_151,4.275209642547439
37,kcat_151,4.277431981391728
38,kcat_151,4.286912374046331
39,kcat_151,4.280999249142181
40,kcat_151,4.275539055370552
41,kcat_151,4.274183003475345
42,kcat_151,4.275859117071912
43,kcat_151,4.267563802529824
44,kcat_151,4.267449892153903
45,kcat_151,4.26993907094382
46,kcat_151,4.267017183931709
47,kcat_151,4.2722204350646455
48,kcat_151,4.2770408174351155
49,kcat_151,4.279350272063848
0,kcat_152,4.348810400203805
1,kcat_152,4.333262677586932
2,kcat_152,4.326920783577428
3,kcat_152,4.301118889225064
4,kcat_152,4.301368483146173
5,kcat_152,4.3112400179473624
6,kcat_152,4.3127615858376815
7,kcat_152,4.301649295283935
8,kcat_152,4.317791154224531
9,kcat_152,4.3253433773600864
10,kcat_152,4.332660202805203
11,kcat_152,4.32634313594894
12,kcat_152,4.330640325168427
13,kcat_152,4.3296722826892475
14,kcat_152,4.33704935384358
15,kcat_152,4.347464594689558
16,kcat_152,4.346539533701136
17,kcat_152,4.344267715216092
18,kcat_152,4.361504972017316
19,kcat_152,4.364341809599912
20,kcat_152,4.36518309200351
21,kcat_152,4.360284972546416
22,kcat_152,4.372610420467176
23,kcat_152,4.369000034635389
24,kcat_152,4.374445000158712
25,kcat_152,4.373027264763941
26,kcat_152,4.376990220519882
27,kcat_152,4.374727826648062
28,kcat_152,4.37964299525596
29,kcat_152,4.389087099695738
30,kcat_152,4.375690819430523
31,kcat_152,4.38118604467583
32,kcat_152,4.3772099775234405
33,kcat_152,4.3837887293889075
34,kcat_152,4.384503939926045
35,kcat_152,4.386813461759241
36,kcat_152,4.385212262608924
37,kcat_152,4.387912558091265
38,kcat_152,4.393335884277902
39,kcat_152,4.391746979577651
40,kcat_152,4.396872374821645
41,kcat_152,4.390927230764341
42,kcat_152,4.3903042124402125
43,kcat_152,4.392911148272697
44,kcat_152,4.397086357585635
45,kcat_152,4.394837081445683
46,kcat_152,4.394447687547468
47,kcat_152,4.393740861412332
48,kcat_152,4.383155914572894
49,kcat_152,4.383648064940342
0,kcat_153,3.8007271159340497
1,kcat_153,3.792934326202063
2,kcat_153,3.794828265228787
3,kcat_153,3.8058199971710693
4,kcat_153,3.8150109721822
5,kcat_153,3.813835411183469
6,kcat_153,3.8107643723697078
7,kcat_153,3.832025384121647
8,kcat_153,3.8305969240414695
9,kcat_153,3.838807118402451
10,kcat_153,3.8472295852026153
11,kcat_153,3.8507911568238633
12,kcat_153,3.8526446904546963
13,kcat_153,3.861890174535601
14,kcat_153,3.8675942801878724
15,kcat_153,3.8768816714258656
16,kcat_153,3.868860419739754
17,kcat_153,3.8711949924115503
18,kcat_153,3.8762691468878114
19,kcat_153,3.8819482093233826
20,kcat_153,3.8932261275023556
21,kcat_153,3.900672773620229
22,kcat_153,3.911045441989721
23,kcat_153,3.9139979361814055
24,kcat_153,3.911736239982722
25,kcat_153,3.911031459942663
26,kcat_153,3.9057899172832906
27,kcat_153,3.9029044059469973
28,kcat_153,3.9105308572174424
29,kcat_153,3.9067152099711007
30,kcat_153,3.9033090709498377
31,kcat_153,3.9050453114680628
32,kcat_153,3.8875921866765335
33,kcat_153,3.88615499912522
34,kcat_153,3.888214365216299
35,kcat_153,3.882342968308271
36,kcat_153,3.889186169981592
37,kcat_153,3.8902448109397083
38,kcat_153,3.883883423128549
39,kcat_153,3.8932993661709565
40,kcat_153,3.8921383286210194
41,kcat_153,3.8940661816615374
42,kcat_153,3.8991448522720327
43,kcat_153,3.908470042028326
44,kcat_153,3.910936841002549
45,kcat_153,3.9146617443604548
46,kcat_153,3.918964368972518
47,kcat_153,3.9184547459749854
48,kcat_153,3.915970078378919
49,kcat_153,3.9135582294651696
0,kcat_154,4.16194603798245
1,kcat_154,4.160293232900573
2,kcat_154,4.177866322296004
3,kcat_154,4.162477332689944
4,kcat_154,4.169189138117229
5,kcat_154,4.1689251443184485
6,kcat_154,4.17773228603122
7,kcat_154,4.182458721378176
8,kcat_154,4.1806129063228
9,kcat_154,4.177348931633577
10,kcat_154,4.174117187651576
11,kcat_154,4.180327356871356
12,kcat_154,4.177486846727406
13,kcat_154,4.175026178936963
14,kcat_154,4.176605078879282
15,kcat_154,4.1762755056849485
16,kcat_154,4.174104768668929
17,kcat_154,4.185254963697658
18,kcat_154,4.182094347796971
19,kcat_154,4.184802794312602
20,kcat_154,4.187617039938582
21,kcat_154,4.189460302801924
22,kcat_154,4.183369999607646
23,kcat_154,4.181592144807874
24,kcat_154,4.1795441088536585
25,kcat_154,4.178752540285215
26,kcat_154,4.177466105780119
27,kcat_154,4.183163591068978
28,kcat_154,4.18247729325963
29,kcat_154,4.185552017495962
30,kcat_154,4.183037469600249
31,kcat_154,4.179451714561387
32,kcat_154,4.177520130527251
33,kcat_154,4.171864430511325
34,kcat_154,4.163671471418625
35,kcat_154,4.174528436088883
36,kcat_154,4.163879220511924
37,kcat_154,4.167315248844133
38,kcat_154,4.16937014996554
39,kcat_154,4.167705542022622
40,kcat_154,4.170049512670128
41,kcat_154,4.167559375122501
42,kcat_154,4.1671607739288214
43,kcat_154,4.175421637957526
44,kcat_154,4.175074206911988
45,kcat_154,4.1802514528155355
46,kcat_154,4.16259793787817
47,kcat_154,4.1623447077511635
48,kcat_154,4.152865067298502
49,kcat_154,4.150634363722207
0,kcat_155,4.221508462810738
1,kcat_155,4.232736192676123
2,kcat_155,4.24125418191168
3,kcat_155,4.228562011861656
4,kcat_155,4.231818690273703
5,kcat_155,4.210769154131842
6,kcat_155,4.198593570145286
7,kcat_155,4.195928841247533
8,kcat_155,4.206924627793892
9,kcat_155,4.2062045644115535
10,kcat_155,4.194991966497151
11,kcat_155,4.1804757937868855
12,kcat_155,4.185143743086811
13,kcat_155,4.201760553192724
14,kcat_155,4.203478418846981
15,kcat_155,4.191991107509496
16,kcat_155,4.1944809805269525
17,kcat_155,4.195694635322336
18,kcat_155,4.182046897436212
19,kcat_155,4.179335994660393
20,kcat_155,4.185542837278313
21,kcat_155,4.196161221486042
22,kcat_155,4.198033995543704
23,kcat_155,4.202511198036319
24,kcat_155,4.204645840006686
25,kcat_155,4.212527228086204
26,kcat_155,4.228403189856492
27,kcat_155,4.225674945681129
28,kcat_155,4.234645993783251
29,kcat_155,4.232597952130121
30,kcat_155,4.222097299096724
31,kcat_155,4.22097599441946
32,kcat_155,4.219184675344654
33,kcat_155,4.224468083171381
34,kcat_155,4.227259533963386
35,kcat_155,4.222999377095672
36,kcat_155,4.22212479239318
37,kcat_155,4.221744991794289
38,kcat_155,4.214763462556352
39,kcat_155,4.20951025495182
40,kcat_155,4.201372497686404
41,kcat_155,4.208015627983713
42,kcat_155,4.199130942154625
43,kcat_155,4.200076581882564
44,kcat_155,4.204333345789417
45,kcat_155,4.207917884244379
46,kcat_155,4.208153539318899
47,kcat_155,4.204496778114358
48,kcat_155,4.194183146731222
49,kcat_155,4.195765952067457
0,kcat_156,4.419983555597641
1,kcat_156,4.423352677905775
2,kcat_156,4.454610740691203
3,kcat_156,4.46761689231082
4,kcat_156,4.463778875096896
5,kcat_156,4.4661982693675855
6,kcat_156,4.44133389084962
7,kcat_156,4.4300798635600795
8,kcat_156,4.38373258901772
9,kcat_156,4.377393062340898
10,kcat_156,4.368897163463079
11,kcat_156,4.371770890446549
12,kcat_156,4.369794242432892
13,kcat_156,4.368002577403383
14,kcat_156,4.376405978404383
15,kcat_156,4.35427765217298
16,kcat_156,4.354086328246232
17,kcat_156,4.3545324416910365
18,kcat_156,4.365625099648042
19,kcat_156,4.368630036782044
20,kcat_156,4.379426168907762
21,kcat_156,4.383152008548717
22,kcat_156,4.388645825360436
23,kcat_156,4.386216598252721
24,kcat_156,4.3837331739457515
25,kcat_156,4.381035305848047
26,kcat_156,4.369080675404109
27,kcat_156,4.3623495283098634
28,kcat_156,4.3533467118482
29,kcat_156,4.3544639649693355
30,kcat_156,4.358241771978351
31,kcat_156,4.355430826606605
32,kcat_156,4.356122519249198
33,kcat_156,4.3616733728296575
34,kcat_156,4.3657385641622914
35,kcat_156,4.366908912888228
36,kcat_156,4.370692844123206
37,kcat_156,4.370541206971733
38,kcat_156,4.36431870549299
39,kcat_156,4.365272612143385
40,kcat_156,4.371198641153117
41,kcat_156,4.373069630544069
42,kcat_156,4.373340436386104
43,kcat_156,4.362872594836998
44,kcat_156,4.365616961044193
45,kcat_156,4.366815891683211
46,kcat_156,4.371692615087546
47,kcat_156,4.363830190536596
48,kcat_156,4.35631603898025
49,kcat_156,4.352723670423926
0,kcat_157,4.538548420426433
1,kcat_157,4.539777430097603
2,kcat_157,4.538011009838822
3,kcat_157,4.523956877702917
4,kcat_157,4.539640620928311
5,kcat_157,4.550798339683854
6,kcat_157,4.541924926369535
7,kcat_157,4.531782342847812
8,kcat_157,4.552630832182323
9,kcat_157,4.554584092289323
10,kcat_157,4.553427348088417
11,kcat_157,4.566550541434259
12,kcat_157,4.571169591891688
13,kcat_157,4.5736796986443835
14,kcat_157,4.5803788772285525
15,kcat_157,4.577980295889054
16,kcat_157,4.580153698655082
17,kcat_157,4.590567414445908
18,kcat_157,4.5851851298176465
19,kcat_157,4.580929456900654
20,kcat_157,4.577172913020341
21,kcat_157,4.581890906976852
22,kcat_157,4.587700202964994
23,kcat_157,4.588702001289795
24,kcat_157,4.593197829922353
25,kcat_157,4.590759857570404
26,kcat_157,4.592457279034596
27,kcat_157,4.595305989888082
28,kcat_157,4.589412685587328
29,kcat_157,4.590512892460524
30,kcat_157,4.58531549944796
31,kcat_157,4.589145680413205
32,kcat_157,4.595931418044008
33,kcat_157,4.59777168970486
34,kcat_157,4.592161550050349
35,kcat_157,4.595293076159091
36,kcat_157,4.592017667373589
37,kcat_157,4.5957264675696825
38,kcat_157,4.597258115329804
39,kcat_157,4.59499562710583
40,kcat_157,4.593752426934961
41,kcat_157,4.596588041066698
42,kcat_157,4.591022155136654
43,kcat_157,4.599553182972601
44,kcat_157,4.603828007185582
45,kcat_157,4.603213197129139
46,kcat_157,4.580208234676521
47,kcat_157,4.579914840937669
48,kcat_157,4.576321719195067
49,kcat_157,4.574722619164426
0,kcat_158,4.379636305707356
1,kcat_158,4.382882476132774
2,kcat_158,4.407731248952997
3,kcat_158,4.392362343051934
4,kcat_158,4.406198863677164
5,kcat_158,4.419833292726723
6,kcat_158,4.414540837560951
7,kcat_158,4.419729554400934
8,kcat_158,4.398414040310419
9,kcat_158,4.402839351487689
10,kcat_158,4.40207298753917
11,kcat_158,4.391335219096771
12,kcat_158,4.394452671806468
13,kcat_158,4.393785010897997
14,kcat_158,4.392531293146462
15,kcat_158,4.377594747571313
16,kcat_158,4.3833693069174
17,kcat_158,4.377154616896492
18,kcat_158,4.382961243238983
19,kcat_158,4.379807653332842
20,kcat_158,4.384116180595074
21,kcat_158,4.379217610330955
22,kcat_158,4.37384249096715
23,kcat_158,4.37515669176546
24,kcat_158,4.370644093819633
25,kcat_158,4.367400101811895
26,kcat_158,4.392997034523914
27,kcat_158,4.401957903380841
28,kcat_158,4.403339714505395
29,kcat_158,4.415004071639539
30,kcat_158,4.4123652944669685
31,kcat_158,4.4126023582422595
32,kcat_158,4.418241123935248
33,kcat_158,4.4189433886230765
34,kcat_158,4.420961332581472
35,kcat_158,4.419969120392304
36,kcat_158,4.413285543438916
37,kcat_158,4.412960204663273
38,kcat_158,4.411970155088706
39,kcat_158,4.409996871164663
40,kcat_158,4.415054321637465
41,kcat_158,4.416572781121579
42,kcat_158,4.42791119873636
43,kcat_158,4.435810695666613
44,kcat_158,4.438351707063147
45,kcat_158,4.435750437732343
46,kcat_158,4.436957576615313
47,kcat_158,4.431909777972956
48,kcat_158,4.430161397768786
49,kcat_158,4.4289130100171
0,kcat_159,4.800323117652762
1,kcat_159,4.809196825552227
2,kcat_159,4.8087887034337955
3,kcat_159,4.827450721986625
4,kcat_159,4.867231212239799
5,kcat_159,4.841537988234386
6,kcat_159,4.84498148801372
7,kcat_159,4.822109501040418
8,kcat_159,4.830937670658881
9,kcat_159,4.824416894944616
10,kcat_159,4.823692076806157
11,kcat_159,4.8163264172239115
12,kcat_159,4.8195170338601425
13,kcat_159,4.818570521191707
14,kcat_159,4.808273367010772
15,kcat_159,4.826414293787174
16,kcat_159,4.828278791431352
17,kcat_159,4.8253691990385
18,kcat_159,4.823779930310993
19,kcat_159,4.828714848230014
20,kcat_159,4.8180192806869115
21,kcat_159,4.81248298858877
22,kcat_159,4.808132677598925
23,kcat_159,4.81381682150719
24,kcat_159,4.813808199183327
25,kcat_159,4.8129291680149136
26,kcat_159,4.816236072139434
27,kcat_159,4.812248520831099
28,kcat_159,4.806259101048053
29,kcat_159,4.808918149606744
30,kcat_159,4.810239700887905
31,kcat_159,4.817459726920545
32,kcat_159,4.821514492833579
33,kcat_159,4.827946470563491
34,kcat_159,4.830421109581692
35,kcat_159,4.834164929991243
36,kcat_159,4.8433011161407435
37,kcat_159,4.84768582470997
38,kcat_159,4.842916397106747
39,kcat_159,4.846492954964385
40,kcat_159,4.844907166255562
41,kcat_159,4.847088579292729
42,kcat_159,4.8443221494914965
43,kcat_159,4.846691805798772
44,kcat_159,4.851412089250315
45,kcat_159,4.852461836526909
46,kcat_159,4.843589603852543
47,kcat_159,4.8382988929896795
48,kcat_159,4.838162386830859
49,kcat_159,4.8371568549509965
0,kcat_160,4.024957919086172
1,kcat_160,4.009885292700664
2,kcat_160,3.988894081264231
3,kcat_160,4.008943194332269
4,kcat_160,4.013186993729238
5,kcat_160,4.028283648761027
6,kcat_160,4.033954321055081
7,kcat_160,4.036934188901003
8,kcat_160,4.063924422701269
9,kcat_160,4.067943885659938
10,kcat_160,4.067313930171886
11,kcat_160,4.067565804416329
12,kcat_160,4.069203770534469
13,kcat_160,4.061185935963794
14,kcat_160,4.0566529706707515
15,kcat_160,4.064046595081702
16,kcat_160,4.071044950041976
17,kcat_160,4.070638167467863
18,kcat_160,4.074349007463246
19,kcat_160,4.073696649288291
20,kcat_160,4.0806038153995585
21,kcat_160,4.081047133868932
22,kcat_160,4.082181416172783
23,kcat_160,4.087491289786812
24,kcat_160,4.0984594149290645
25,kcat_160,4.0961840480528675
26,kcat_160,4.086322400499432
27,kcat_160,4.08196912483722
28,kcat_160,4.089183671154462
29,kcat_160,4.082535464538414
30,kcat_160,4.0884731540311225
31,kcat_160,4.092961434486451
32,kcat_160,4.0899768838025
33,kcat_160,4.095302144318236
34,kcat_160,4.0983848106233065
35,kcat_160,4.087532649614796
36,kcat_160,4.07828446087175
37,kcat_160,4.081738003029139
38,kcat_160,4.083366993076255
39,kcat_160,4.081032681290836
40,kcat_160,4.084000928240034
41,kcat_160,4.0841003832688925
42,kcat_160,4.0849988042810335
43,kcat_160,4.074418799886929
44,kcat_160,4.072335280981397
45,kcat_160,4.072510848041402
46,kcat_160,4.070850360012529
47,kcat_160,4.075919084085717
48,kcat_160,4.075542866592871
49,kcat_160,4.079655025417314
0,kcat_161,4.047193622476208
1,kcat_161,4.044656023362046
2,kcat_161,4.004058675964211
3,kcat_161,4.008519033818612
4,kcat_161,3.995858336458337
5,kcat_161,3.981336330966406
6,kcat_161,3.992810679268464
7,kcat_161,4.0104717459555
8,kcat_161,4.043234081116
9,kcat_161,4.044892733914883
10,kcat_161,4.042385639061872
11,kcat_161,4.041448370879808
12,kcat_161,4.038126315087532
13,kcat_161,4.04025288496652
14,kcat_161,4.048657684646643
15,kcat_161,4.063534929812198
16,kcat_161,4.062873655467907
17,kcat_161,4.055345637704926
18,kcat_161,4.041438291567431
19,kcat_161,4.043545955270554
20,kcat_161,4.043262957276192
21,kcat_161,4.0487350926867745
22,kcat_161,4.063544990082486
23,kcat_161,4.062004567820813
24,kcat_161,4.066111172740353
25,kcat_161,4.070227829984373
26,kcat_161,4.0580202518119055
27,kcat_161,4.055640836427246
28,kcat_161,4.061332053748775
29,kcat_161,4.062816462869432
30,kcat_161,4.05158741813552
31,kcat_161,4.053170831406677
32,kcat_161,4.05687723698932
33,kcat_161,4.058504378412673
34,kcat_161,4.064735365921848
35,kcat_161,4.062666780429825
36,kcat_161,4.063613414431685
37,kcat_161,4.0595655793927365
38,kcat_161,4.06775387310435
39,kcat_161,4.060586398490817
40,kcat_161,4.056199091160357
41,kcat_161,4.055522241468176
42,kcat_161,4.066749460596281
43,kcat_161,4.056149301257317
44,kcat_161,4.060153127909325
45,kcat_161,4.070261194157396
46,kcat_161,4.077811792900665
47,kcat_161,4.081460952608595
48,kcat_161,4.081265897919988
49,kcat_161,4.079031228519158
0,kcat_162,4.277980164065379
1,kcat_162,4.2807636606132675
2,kcat_162,4.261206713240045
3,kcat_162,4.227517857806032
4,kcat_162,4.2156021377302215
5,kcat_162,4.233719319024665
6,kcat_162,4.238785713563929
7,kcat_162,4.214327137939603
8,kcat_162,4.231640134300422
9,kcat_162,4.23913549339503
10,kcat_162,4.2511075501944715
11,kcat_162,4.258289679438353
12,kcat_162,4.2486762918455705
13,kcat_162,4.246924640420007
14,kcat_162,4.262065079580364
15,kcat_162,4.254109861489954
16,kcat_162,4.258353054422919
17,kcat_162,4.256931845520916
18,kcat_162,4.261094612853584
19,kcat_162,4.2701478993635185
20,kcat_162,4.270652321094955
21,kcat_162,4.286669777336418
22,kcat_162,4.300429868775415
23,kcat_162,4.294901634323606
24,kcat_162,4.3032529775611845
25,kcat_162,4.308625630265815
26,kcat_162,4.320267444114093
27,kcat_162,4.319165361275444
28,kcat_162,4.3264401624905835
29,kcat_162,4.3339078080335325
30,kcat_162,4.3329085341403655
31,kcat_162,4.34125045959605
32,kcat_162,4.332203762620032
33,kcat_162,4.328492956358867
34,kcat_162,4.335996447892626
35,kcat_162,4.33530896410252
36,kcat_162,4.329778172305035
37,kcat_162,4.329787651387353
38,kcat_162,4.321036990561229
39,kcat_162,4.316898294679506
40,kcat_162,4.310573008355255
41,kcat_162,4.306157644648261
42,kcat_162,4.305919905229878
43,kcat_162,4.307882006289923
44,kcat_162,4.305252393406228
45,kcat_162,4.316415567464712
46,kcat_162,4.31968865668962
47,kcat_162,4.310638144063672
48,kcat_162,4.3053496859919225
49,kcat_162,4.309413566698466
0,kcat_163,4.534988320475578
1,kcat_163,4.53717128845627
2,kcat_163,4.5435061646811565
3,kcat_163,4.511596744223883
4,kcat_163,4.513974601903248
5,kcat_163,4.524152280115108
6,kcat_163,4.51227225793999
7,kcat_163,4.541026836785832
8,kcat_163,4.548457688389825
9,kcat_163,4.549213728195931
10,kcat_163,4.5399763806643625
11,kcat_163,4.553536595651477
12,kcat_163,4.554346092868499
13,kcat_163,4.561325627947632
14,kcat_163,4.567775528268667
15,kcat_163,4.555520028716793
16,kcat_163,4.556641334408169
17,kcat_163,4.543432287688024
18,kcat_163,4.552648415538116
19,kcat_163,4.545718423623921
20,kcat_163,4.535091016983739
21,kcat_163,4.521153275986324
22,kcat_163,4.515156624752245
23,kcat_163,4.517958381857854
24,kcat_163,4.513899065850593
25,kcat_163,4.508273869452569
26,kcat_163,4.513825187111482
27,kcat_163,4.522264433929053
28,kcat_163,4.527879145816027
29,kcat_163,4.5228741475658865
30,kcat_163,4.521255131074713
31,kcat_163,4.51789398129617
32,kcat_163,4.5134117360925385
33,kcat_163,4.5054072834817385
34,kcat_163,4.4993686939323485
35,kcat_163,4.507809323829524
36,kcat_163,4.501078465494016
37,kcat_163,4.500981721030155
38,kcat_163,4.494130837719808
39,kcat_163,4.488243326734505
40,kcat_163,4.485834769647951
41,kcat_163,4.491493722914678
42,kcat_163,4.48582807919967
43,kcat_163,4.481129747636282
44,kcat_163,4.485853049685977
45,kcat_163,4.480265381774732
46,kcat_163,4.491308790300077
47,kcat_163,4.492180116046165
48,kcat_163,4.479263142972902
49,kcat_163,4.481042268012348
0,kcat_164,4.528788523529818
1,kcat_164,4.519867448239289
2,kcat_164,4.516001869954747
3,kcat_164,4.5043989834814155
4,kcat_164,4.489066137730448
5,kcat_164,4.489414136198411
6,kcat_164,4.483434201328989
7,kcat_164,4.479169668782175
8,kcat_164,4.474169785996704
9,kcat_164,4.473362420202973
10,kcat_164,4.474367125906718
11,kcat_164,4.473236284692365
12,kcat_164,4.468273150483543
13,kcat_164,4.4772886591619745
14,kcat_164,4.476953328546885
15,kcat_164,4.483931859191001
16,kcat_164,4.48710895837513
17,kcat_164,4.474598909467909
18,kcat_164,4.479193793238787
19,kcat_164,4.473526382506925
20,kcat_164,4.464888685358475
21,kcat_164,4.4739412054226655
22,kcat_164,4.477479167202341
23,kcat_164,4.477918656985246
24,kcat_164,4.4784129458377855
25,kcat_164,4.481599519032671
26,kcat_164,4.493424870011952
27,kcat_164,4.496721871839313
28,kcat_164,4.497761250106316
29,kcat_164,4.5023068587714725
30,kcat_164,4.509217636743808
31,kcat_164,4.508979491314284
32,kcat_164,4.5136597523592625
33,kcat_164,4.513425406039089
34,kcat_164,4.513369623424561
35,kcat_164,4.518071422753817
36,kcat_164,4.517176186666488
37,kcat_164,4.519932596517436
38,kcat_164,4.523434335281385
39,kcat_164,4.532801950481479
40,kcat_164,4.528965135671558
41,kcat_164,4.526721080597662
42,kcat_164,4.5190026098955665
43,kcat_164,4.529226642171891
44,kcat_164,4.524988473258868
45,kcat_164,4.521564057190211
46,kcat_164,4.525514703862763
47,kcat_164,4.529227779892171
48,kcat_164,4.52908826554796
49,kcat_164,4.527474536997567
0,kcat_165,4.302127516011683
1,kcat_165,4.293939188001482
2,kcat_165,4.292972345958876
3,kcat_165,4.282334836101423
4,kcat_165,4.289152764447537
5,kcat_165,4.281197503277827
6,kcat_165,4.2762208903030015
7,kcat_165,4.251196938849182
8,kcat_165,4.265746455294709
9,kcat_165,4.266027977517482
10,kcat_165,4.256557230172275
11,kcat_165,4.248954840203684
12,kcat_165,4.257678829893451
13,kcat_165,4.25551925231959
14,kcat_165,4.2607474265243095
15,kcat_165,4.25170519878186
16,kcat_165,4.247620186333082
17,kcat_165,4.2497017674457185
18,kcat_165,4.253892385255061
19,kcat_165,4.25556277091764
20,kcat_165,4.233554072232715
21,kcat_165,4.233252562126172
22,kcat_165,4.224644945077437
23,kcat_165,4.228571517237369
24,kcat_165,4.232278105707691
25,kcat_165,4.2335602251252675
26,kcat_165,4.242945897932643
27,kcat_165,4.247864322049733
28,kcat_165,4.250793488208562
29,kcat_165,4.251255309199548
30,kcat_165,4.250802536632666
31,kcat_165,4.2486904401480565
32,kcat_165,4.258725178669418
33,kcat_165,4.265464341378597
34,kcat_165,4.258970055476973
35,kcat_165,4.2651816427419025
36,kcat_165,4.267493621927024
37,kcat_165,4.268498791544632
38,kcat_165,4.262668463605412
39,kcat_165,4.262257764418216
40,kcat_165,4.26200332934389
41,kcat_165,4.259073794869664
42,kcat_165,4.266043392878719
43,kcat_165,4.266800262422956
44,kcat_165,4.260707910371945
45,kcat_165,4.265732601603613
46,kcat_165,4.259743480451944
47,kcat_165,4.256419424595624
48,kcat_165,4.259008788625284
49,kcat_165,4.261676118596787
0,kcat_166,4.144287274190644
1,kcat_166,4.1301737437003645
2,kcat_166,4.129774324137509
3,kcat_166,4.1387828376622
4,kcat_166,4.152104911610674
5,kcat_166,4.173247612076091
6,kcat_166,4.186278664089986
7,kcat_166,4.164781041810834
8,kcat_166,4.172745351960106
9,kcat_166,4.1611413452448085
10,kcat_166,4.16398853061097
11,kcat_166,4.1597628870866945
12,kcat_166,4.154685160678427
13,kcat_166,4.158285537088511
14,kcat_166,4.142434017587041
15,kcat_166,4.141672878387893
16,kcat_166,4.14042416941385
17,kcat_166,4.133554526245952
18,kcat_166,4.12188087867953
19,kcat_166,4.132347200202525
20,kcat_166,4.146738387404082
21,kcat_166,4.146095997445215
22,kcat_166,4.152847272833664
23,kcat_166,4.14938016829881
24,kcat_166,4.155189629949616
25,kcat_166,4.1543814326764394
26,kcat_166,4.146319402462194
27,kcat_166,4.149689135698636
28,kcat_166,4.144201989882782
29,kcat_166,4.150113432245969
30,kcat_166,4.14561119840226
31,kcat_166,4.1370815123085
32,kcat_166,4.147278914048081
33,kcat_166,4.143109281814086
34,kcat_166,4.148110057682351
35,kcat_166,4.1352592151488965
36,kcat_166,4.1436698340626545
37,kcat_166,4.1433580784175
38,kcat_166,4.144523768391011
39,kcat_166,4.142365615709606
40,kcat_166,4.153005173922529
41,kcat_166,4.150999514771602
42,kcat_166,4.149681327875807
43,kcat_166,4.15371953045401
44,kcat_166,4.153359609426383
45,kcat_166,4.144036953714963
46,kcat_166,4.139246901689299
47,kcat_166,4.138120139217367
48,kcat_166,4.138061196196551
49,kcat_166,4.13802110554184
0,kcat_167,4.577807543082404
1,kcat_167,4.574160145990245
2,kcat_167,4.555573843556345
3,kcat_167,4.56287484284472
4,kcat_167,4.5849161703839405
5,kcat_167,4.561496326218963
6,kcat_167,4.57554132820873
7,kcat_167,4.5568866296388615
8,kcat_167,4.5753022378832195
9,kcat_167,4.590969426327494
10,kcat_167,4.58245136677517
11,kcat_167,4.585526042109976
12,kcat_167,4.594914022562509
13,kcat_167,4.589436675429705
14,kcat_167,4.589354972171678
15,kcat_167,4.577404032474439
16,kcat_167,4.572595206326793
17,kcat_167,4.587347366801871
18,kcat_167,4.598847207207306
19,kcat_167,4.596457505353001
20,kcat_167,4.592107202923333
21,kcat_167,4.5927127371450975
22,kcat_167,4.593851917781565
23,kcat_167,4.596115716744684
24,kcat_167,4.596142409033914
25,kcat_167,4.59543087413063
26,kcat_167,4.581872966391558
27,kcat_167,4.586177704330871
28,kcat_167,4.593713243384787
29,kcat_167,4.586248071094329
30,kcat_167,4.593820142507336
31,kcat_167,4.588965308009773
32,kcat_167,4.57825892989212
33,kcat_167,4.571450713567232
34,kcat_167,4.58149154748078
35,kcat_167,4.580272487688122
36,kcat_167,4.584330322640821
37,kcat_167,4.585418399723426
38,kcat_167,4.590458718139206
39,kcat_167,4.60214848867345
40,kcat_167,4.598362639260143
41,kcat_167,4.601731488515066
42,kcat_167,4.6047686837501285
43,kcat_167,4.601046693473928
44,kcat_167,4.602027994058681
45,kcat_167,4.605681336695925
46,kcat_167,4.612010861133976
47,kcat_167,4.6103008411024975
48,kcat_167,4.6041920634858915
49,kcat_167,4.6039546423192865
0,kcat_168,4.387447748750822
1,kcat_168,4.404667562010101
2,kcat_168,4.408976433542786
3,kcat_168,4.423705586449663
4,kcat_168,4.433104498038299
5,kcat_168,4.457019818637593
6,kcat_168,4.457626137864643
7,kcat_168,4.433796591733228
8,kcat_168,4.437330078834733
9,kcat_168,4.432928666676668
10,kcat_168,4.4398415602614145
11,kcat_168,4.445152559160472
12,kcat_168,4.45099118124656
13,kcat_168,4.4558798349211965
14,kcat_168,4.4389567578502325
15,kcat_168,4.437103820687412
16,kcat_168,4.426892451942598
17,kcat_168,4.4410001223807685
18,kcat_168,4.4407942146851624
19,kcat_168,4.435878260704797
20,kcat_168,4.427473443110214
21,kcat_168,4.423129712066599
22,kcat_168,4.43005282257909
23,kcat_168,4.433031259666263
24,kcat_168,4.428584892439439
25,kcat_168,4.415622990617845
26,kcat_168,4.402221625891673
27,kcat_168,4.397494591824601
28,kcat_168,4.394182518265353
29,kcat_168,4.399124656672931
30,kcat_168,4.406052620991931
31,kcat_168,4.408161252061991
32,kcat_168,4.412550291186057
33,kcat_168,4.415023929780293
34,kcat_168,4.405087745783335
35,kcat_168,4.404807107391651
36,kcat_168,4.409188493127551
37,kcat_168,4.400783098854086
38,kcat_168,4.400029068841819
39,kcat_168,4.400677910406971
40,kcat_168,4.392663101247873
41,kcat_168,4.389595997518192
42,kcat_168,4.398050694459364
43,kcat_168,4.397770608029809
44,kcat_168,4.394633479984139
45,kcat_168,4.386607194793035
46,kcat_168,4.3810243761096155
47,kcat_168,4.383778805515759
48,kcat_168,4.383500843673691
49,kcat_168,4.382115285927194
0,kcat_169,4.048201651690851
1,kcat_169,4.046101554438016
2,kcat_169,4.047371060430977
3,kcat_169,4.056303398267472
4,kcat_169,4.049516806324255
5,kcat_169,4.0695447099716775
6,kcat_169,4.056418610682378
7,kcat_169,4.089234555551473
8,kcat_169,4.106361075613546
9,kcat_169,4.097890167720761
10,kcat_169,4.095729392988926
11,kcat_169,4.096730444773026
12,kcat_169,4.095432661218592
13,kcat_169,4.093770575634506
14,kcat_169,4.0894452225421745
15,kcat_169,4.111522942622038
16,kcat_169,4.115869389236131
17,kcat_169,4.112585327286712
18,kcat_169,4.112686637396882
19,kcat_169,4.1157532425915475
20,kcat_169,4.143496783066428
21,kcat_169,4.139826699728953
22,kcat_169,4.132463485794964
23,kcat_169,4.13457872806786
24,kcat_169,4.137518725489837
25,kcat_169,4.138483844304041
26,kcat_169,4.134577058815924
27,kcat_169,4.133343173063362
28,kcat_169,4.133431453232029
29,kcat_169,4.125207701914919
30,kcat_169,4.113278820877971
31,kcat_169,4.115367026647519
32,kcat_169,4.11051654910295
33,kcat_169,4.1137445196726
34,kcat_169,4.1169200147995735
35,kcat_169,4.117289290801794
36,kcat_169,4.1219665932382386
37,kcat_169,4.124850603346701
38,kcat_169,4.1170427167550585
39,kcat_169,4.118266799432641
40,kcat_169,4.118715289263007
41,kcat_169,4.12018178578141
42,kcat_169,4.121391656871189
43,kcat_169,4.127687673420076
44,kcat_169,4.133499426610381
45,kcat_169,4.1314336679606605
46,kcat_169,4.132018230841612
47,kcat_169,4.131578490496002
48,kcat_169,4.126022269971671
49,kcat_169,4.1241960055602895
0,kcat_170,4.041422065159439
1,kcat_170,4.037332589991887
2,kcat_170,4.062800349109022
3,kcat_170,4.072433453039542
4,kcat_170,4.067809181735045
5,kcat_170,4.074648511278092
6,kcat_170,4.065776130037664
7,kcat_170,4.081322358179607
8,kcat_170,4.095753006755531
9,kcat_170,4.08866023384893
10,kcat_170,4.100870045671195
11,kcat_170,4.093057832498933
12,kcat_170,4.09371092443158
13,kcat_170,4.095776173063233
14,kcat_170,4.095181538404037
15,kcat_170,4.090249935900144
16,kcat_170,4.081299365336596
17,kcat_170,4.073349609812823
18,kcat_170,4.069884384172525
19,kcat_170,4.070425829902902
20,kcat_170,4.056542013845627
21,kcat_170,4.055566337505749
22,kcat_170,4.053417442479175
23,kcat_170,4.052658713038426
24,kcat_170,4.054780675077278
25,kcat_170,4.058569363772211
26,kcat_170,4.064459663185258
27,kcat_170,4.062879795616177
28,kcat_170,4.069480589673432
29,kcat_170,4.0723046345758895
30,kcat_170,4.07687893637832
31,kcat_170,4.082543599516614
32,kcat_170,4.083147097303759
33,kcat_170,4.085880254626085
34,kcat_170,4.09092172345498
35,kcat_170,4.082010007846806
36,kcat_170,4.071939388402314
37,kcat_170,4.0742689725364745
38,kcat_170,4.071430701485671
39,kcat_170,4.072738138693558
40,kcat_170,4.079077011817775
41,kcat_170,4.075992722103222
42,kcat_170,4.081376833486994
43,kcat_170,4.082375433666757
44,kcat_170,4.079395057040846
45,kcat_170,4.076104617214206
46,kcat_170,4.092959898560517
47,kcat_170,4.08645636728556
48,kcat_170,4.088824319833619
49,kcat_170,4.087884524297634
0,kcat_171,4.266827879463561
1,kcat_171,4.269865185481127
2,kcat_171,4.2436690764077545
3,kcat_171,4.258965410148422
4,kcat_171,4.267254703596295
5,kcat_171,4.2656507745390835
6,kcat_171,4.2656381677196995
7,kcat_171,4.268690032985985
8,kcat_171,4.266063407501084
9,kcat_171,4.264143051024804
10,kcat_171,4.260560959915672
11,kcat_171,4.2764476230298
12,kcat_171,4.285173733073984
13,kcat_171,4.287246887135713
14,kcat_171,4.279398243045763
15,kcat_171,4.289942759448736
16,kcat_171,4.2864479120561185
17,kcat_171,4.285909020355437
18,kcat_171,4.27181665479782
19,kcat_171,4.268343501111131
20,kcat_171,4.27588880780662
21,kcat_171,4.275407999622836
22,kcat_171,4.280313024189156
23,kcat_171,4.27717574889606
24,kcat_171,4.27355717147366
25,kcat_171,4.274157043274014
26,kcat_171,4.2745546130430006
27,kcat_171,4.273663671800282
28,kcat_171,4.273175759233398
29,kcat_171,4.270794093255343
30,kcat_171,4.268269968842302
31,kcat_171,4.269171599914659
32,kcat_171,4.279113114529633
33,kcat_171,4.27176796392689
34,kcat_171,4.2756552696373396
35,kcat_171,4.27500667928167
36,kcat_171,4.286576754548639
37,kcat_171,4.285273705960395
38,kcat_171,4.289115235271156
39,kcat_171,4.295850534497865
40,kcat_171,4.299217265155314
41,kcat_171,4.29702275079969
42,kcat_171,4.299594740504797
43,kcat_171,4.3091509432299056
44,kcat_171,4.311512000901553
45,kcat_171,4.31756409843793
46,kcat_171,4.324435498557934
47,kcat_171,4.316603181910644
48,kcat_171,4.307983507402236
49,kcat_171,4.303963557999932
0,kcat_172,3.7375378849456773
1,kcat_172,3.7413808860685402
2,kcat_172,3.722491950210196
3,kcat_172,3.7454629173559915
4,kcat_172,3.773466409491356
5,kcat_172,3.787085192724961
6,kcat_172,3.7879004637719644
7,kcat_172,3.805351327526234
8,kcat_172,3.8187937265124665
9,kcat_172,3.8213601748074737
10,kcat_172,3.823356708396482
11,kcat_172,3.8235079407359343
12,kcat_172,3.8253645567822736
13,kcat_172,3.823774317664384
14,kcat_172,3.8337842487032274
15,kcat_172,3.8346851787770744
16,kcat_172,3.8360799011955966
17,kcat_172,3.826174756030466
18,kcat_172,3.8305549428095054
19,kcat_172,3.8276176108791704
20,kcat_172,3.8191299020799305
21,kcat_172,3.822139064095004
22,kcat_172,3.8239865040826153
23,kcat_172,3.8242919547021246
24,kcat_172,3.832120673656259
25,kcat_172,3.8463600273145526
26,kcat_172,3.8506255422004876
27,kcat_172,3.841138276451921
28,kcat_172,3.842207961151179
29,kcat_172,3.840898809580374
30,kcat_172,3.8506769034312947
31,kcat_172,3.8462089900363234
32,kcat_172,3.8478164956416014
33,kcat_172,3.8498625054407802
34,kcat_172,3.8613311108829595
35,kcat_172,3.858148590801108
36,kcat_172,3.860225162473354
37,kcat_172,3.8575948375527744
38,kcat_172,3.851500942570169
39,kcat_172,3.8466731294198495
40,kcat_172,3.8556752432383985
41,kcat_172,3.852373047920803
42,kcat_172,3.857974834559514
43,kcat_172,3.8652400265359286
44,kcat_172,3.8804923746453976
45,kcat_172,3.874705300652331
46,kcat_172,3.8844506982844353
47,kcat_172,3.8776516124981115
48,kcat_172,3.8787203533506296
49,kcat_172,3.877761388820593
0,kcat_173,3.6682718031266557
1,kcat_173,3.6603118080381467
2,kcat_173,3.6510289286739854
3,kcat_173,3.6440046861105087
4,kcat_173,3.6193720198177015
5,kcat_173,3.6218752650813926
6,kcat_173,3.608005036861989
7,kcat_173,3.6238155041957385
8,kcat_173,3.655082285310371
9,kcat_173,3.660161424948012
10,kcat_173,3.66754953940165
11,kcat_173,3.6843905931010728
12,kcat_173,3.692890143830415
13,kcat_173,3.694978595924169
14,kcat_173,3.7032068457172787
15,kcat_173,3.679795697747636
16,kcat_173,3.6813949524489784
17,kcat_173,3.677438471192542
18,kcat_173,3.677080689628681
19,kcat_173,3.6790752165959137
20,kcat_173,3.689572773739554
21,kcat_173,3.693587569434478
22,kcat_173,3.702119021724593
23,kcat_173,3.6997108775229695
24,kcat_173,3.70677858681907
25,kcat_173,3.705976731535678
26,kcat_173,3.7274765698347836
27,kcat_173,3.729976271786051
28,kcat_173,3.730563991480865
29,kcat_173,3.7349598233647208
30,kcat_173,3.74464354834531
31,kcat_173,3.7472148246078314
32,kcat_173,3.7544542798360676
33,kcat_173,3.743080913806261
34,kcat_173,3.7468405246340075
35,kcat_173,3.7528927518703052
36,kcat_173,3.7599409886945443
37,kcat_173,3.7657457996595864
38,kcat_173,3.760746778029518
39,kcat_173,3.767476823553272
40,kcat_173,3.762258810109388
41,kcat_173,3.768160554543288
42,kcat_173,3.760281630062949
43,kcat_173,3.7631443594498792
44,kcat_173,3.7663527155155347
45,kcat_173,3.7685763533146814
46,kcat_173,3.7669051600808507
47,kcat_173,3.7658368792130688
48,kcat_173,3.769274419378586
49,kcat_173,3.7678537814480473
0,kcat_174,4.6997704531292355
1,kcat_174,4.71056655335234
2,kcat_174,4.687212640792033
3,kcat_174,4.701157986696965
4,kcat_174,4.707963672835988
5,kcat_174,4.687139984903069
6,kcat_174,4.6849077145164655
7,kcat_174,4.68586958826683
8,kcat_174,4.672219126122786
9,kcat_174,4.674401430777201
10,kcat_174,4.675042552688636
11,kcat_174,4.671119607672526
12,kcat_174,4.672571849859243
13,kcat_174,4.677807883568666
14,kcat_174,4.657467386707108
15,kcat_174,4.652481378740475
16,kcat_174,4.652896673516716
17,kcat_174,4.663267461369325
18,kcat_174,4.659346624446415
19,kcat_174,4.659648865892585
20,kcat_174,4.663224555069277
21,kcat_174,4.660060779366563
22,kcat_174,4.647550157649133
23,kcat_174,4.642957039518091
24,kcat_174,4.649313381609636
25,kcat_174,4.648169016687316
26,kcat_174,4.662104976409608
27,kcat_174,4.6625558829672515
28,kcat_174,4.660922603224455
29,kcat_174,4.647926455055828
30,kcat_174,4.650777885154993
31,kcat_174,4.656359898130673
32,kcat_174,4.65127014036354
33,kcat_174,4.652438332268337
34,kcat_174,4.658335471106613
35,kcat_174,4.653957092585765
36,kcat_174,4.666183477640771
37,kcat_174,4.662011443979545
38,kcat_174,4.665325240491116
39,kcat_174,4.669620932687197
40,kcat_174,4.676196489445137
41,kcat_174,4.674621919560911
42,kcat_174,4.675551746603408
43,kcat_174,4.673184118672189
44,kcat_174,4.665956314380377
45,kcat_174,4.673005819275165
46,kcat_174,4.68127939109054
47,kcat_174,4.676295628107419
48,kcat_174,4.67589514141426
49,kcat_174,4.677434141437237
0,kcat_175,3.5307561268647842
1,kcat_175,3.519616219487273
2,kcat_175,3.5264659827005844
3,kcat_175,3.5462657423423263
4,kcat_175,3.53846272235138
5,kcat_175,3.5723169434490982
6,kcat_175,3.583559917591766
7,kcat_175,3.6076815029833993
8,kcat_175,3.6112657043990937
9,kcat_175,3.620637929435359
10,kcat_175,3.6242764172918114
11,kcat_175,3.6256362553043653
12,kcat_175,3.622993753302508
13,kcat_175,3.624366880381379
14,kcat_175,3.6448268555395034
15,kcat_175,3.647082823609356
16,kcat_175,3.6445573612746016
17,kcat_175,3.643154867127181
18,kcat_175,3.63076315261155
19,kcat_175,3.6279876196132865
20,kcat_175,3.6148073333641557
21,kcat_175,3.6184659866180846
22,kcat_175,3.6187499878188776
23,kcat_175,3.6212103255430255
24,kcat_175,3.6218818300910445
25,kcat_175,3.621146878294472
26,kcat_175,3.6191039425143052
27,kcat_175,3.6206171967375895
28,kcat_175,3.6189264891701436
29,kcat_175,3.6313292996354765
30,kcat_175,3.6396701682261376
31,kcat_175,3.640979303676246
32,kcat_175,3.646718656461536
33,kcat_175,3.6437485897049045
34,kcat_175,3.6543122156499432
35,kcat_175,3.6585851792761157
36,kcat_175,3.65702506132624
37,kcat_175,3.658547910941125
38,kcat_175,3.669979845065773
39,kcat_175,3.664535140253032
40,kcat_175,3.668113350925501
41,kcat_175,3.6699529100649837
42,kcat_175,3.6649138058094604
43,kcat_175,3.671760475848492
44,kcat_175,3.6719025673137984
45,kcat_175,3.6803796353352953
46,kcat_175,3.680014670794489
47,kcat_175,3.672484798412168
48,kcat_175,3.673444887029264
49,kcat_175,3.677731048676275
0,kcat_176,4.454010276532236
1,kcat_176,4.44352519646503
2,kcat_176,4.453365609374517
3,kcat_176,4.46518245502945
4,kcat_176,4.461696911080915
5,kcat_176,4.442672884622404
6,kcat_176,4.445778977846404
7,kcat_176,4.458464978954855
8,kcat_176,4.440216392355088
9,kcat_176,4.453184382844264
10,kcat_176,4.447474055604927
11,kcat_176,4.449242757136234
12,kcat_176,4.448147536968121
13,kcat_176,4.445556819198293
14,kcat_176,4.44886714874771
15,kcat_176,4.4464905762965
16,kcat_176,4.455427642516831
17,kcat_176,4.4428321922891385
18,kcat_176,4.438890887891732
19,kcat_176,4.435662694265533
20,kcat_176,4.41701177604229
21,kcat_176,4.4097751357466395
22,kcat_176,4.411595066917402
23,kcat_176,4.410475523290622
24,kcat_176,4.410544117422892
25,kcat_176,4.404386011099334
26,kcat_176,4.41665709458577
27,kcat_176,4.415482929562769
28,kcat_176,4.419513653576783
29,kcat_176,4.419835184353044
30,kcat_176,4.424277001579643
31,kcat_176,4.425795773074554
32,kcat_176,4.423449868454029
33,kcat_176,4.421574245671401
34,kcat_176,4.423053987592561
35,kcat_176,4.427804413519298
36,kcat_176,4.422893223512547
37,kcat_176,4.42199912252355
38,kcat_176,4.425630160915286
39,kcat_176,4.431781492031046
40,kcat_176,4.435542887430816
41,kcat_176,4.433154766254515
42,kcat_176,4.432555453916742
43,kcat_176,4.435192789664271
44,kcat_176,4.430834988978887
45,kcat_176,4.425802074741994
46,kcat_176,4.425481867617904
47,kcat_176,4.426038577004553
48,kcat_176,4.415455408382624
49,kcat_176,4.418269660401577
0,kcat_177,4.122757645994464
1,kcat_177,4.114110198925467
2,kcat_177,4.117103252332993
3,kcat_177,4.116527794002476
4,kcat_177,4.112021848603255
5,kcat_177,4.129547257082078
6,kcat_177,4.130657572251372
7,kcat_177,4.132545524756657
8,kcat_177,4.153919564836824
9,kcat_177,4.150684675135459
10,kcat_177,4.15443791935655
11,kcat_177,4.152423321532824
12,kcat_177,4.155618103848275
13,kcat_177,4.163352438251457
14,kcat_177,4.1793234952329295
15,kcat_177,4.178118608700708
16,kcat_177,4.1749594206185305
17,kcat_177,4.171583594147796
18,kcat_177,4.176521950333605
19,kcat_177,4.1753529585202855
20,kcat_177,4.175980153107886
21,kcat_177,4.1769840129720155
22,kcat_177,4.169372922893459
23,kcat_177,4.162426178090198
24,kcat_177,4.155661775742002
25,kcat_177,4.154035124184487
26,kcat_177,4.139952471741392
27,kcat_177,4.141550831574008
28,kcat_177,4.138021863904303
29,kcat_177,4.134064554147988
30,kcat_177,4.130289241273781
31,kcat_177,4.135289783244489
32,kcat_177,4.139575866821784
33,kcat_177,4.140626943456816
34,kcat_177,4.149254546597011
35,kcat_177,4.153960415015137
36,kcat_177,4.137691377398712
37,kcat_177,4.140949078798919
38,kcat_177,4.146213547893793
39,kcat_177,4.151163347073544
40,kcat_177,4.159122042665031
41,kcat_177,4.165077421105743
42,kcat_177,4.162138470866844
43,kcat_177,4.165838055921596
44,kcat_177,4.161402451913146
45,kcat_177,4.159597518873194
46,kcat_177,4.165494177823109
47,kcat_177,4.164873155964516
48,kcat_177,4.159375883281354
49,kcat_177,4.16237127627046
0,kcat_178,3.9407213822449956
1,kcat_178,3.9343429224787667
2,kcat_178,3.936303692963753
3,kcat_178,3.9428639010646154
4,kcat_178,3.936742990625382
5,kcat_178,3.950147173233366
6,kcat_178,3.971391740577826
7,kcat_178,3.9650731434762125
8,kcat_178,3.9684933857974243
9,kcat_178,3.9747338925976963
10,kcat_178,3.9776755243211115
11,kcat_178,3.9875709986883607
12,kcat_178,3.9867001564734657
13,kcat_178,3.988514847819862
14,kcat_178,3.986927055197963
15,kcat_178,3.978486424527438
16,kcat_178,3.9732817980813944
17,kcat_178,3.975249391236058
18,kcat_178,3.978080208126785
19,kcat_178,3.975617166487685
20,kcat_178,3.9929296986591787
21,kcat_178,3.997685129482697
22,kcat_178,3.9932100657777987
23,kcat_178,3.9929220283616806
24,kcat_178,3.9917001548839983
25,kcat_178,3.994460465462389
26,kcat_178,3.9966969273665307
27,kcat_178,3.9947858482587293
28,kcat_178,3.9952137811585597
29,kcat_178,3.9847417486761825
30,kcat_178,3.982748538404651
31,kcat_178,3.986772126308607
32,kcat_178,3.996062121534516
33,kcat_178,3.9923923161385977
34,kcat_178,3.9904893898854477
35,kcat_178,3.9974981471378697
36,kcat_178,4.004988616319414
37,kcat_178,4.010136608193593
38,kcat_178,4.012703055996301
39,kcat_178,4.012836046682102
40,kcat_178,4.012150390602905
41,kcat_178,4.007627417967587
42,kcat_178,4.003092912810914
43,kcat_178,4.011288512163159
44,kcat_178,4.0026841568857305
45,kcat_178,3.999683559925267
46,kcat_178,4.00517392745396
47,kcat_178,4.007863646447095
48,kcat_178,4.0075529475667775
49,kcat_178,4.011672976994519
0,kcat_179,4.037549428430624
1,kcat_179,4.037453230944151
2,kcat_179,4.017605875553989
3,kcat_179,4.010024120381785
4,kcat_179,3.982504529229306
5,kcat_179,4.019559827491064
6,kcat_179,4.009279980196783
7,kcat_179,4.013179225063728
8,kcat_179,4.011257195095682
9,kcat_179,4.016657959813134
10,kcat_179,4.015405538492068
11,kcat_179,4.009240540251235
12,kcat_179,4.010632747762845
13,kcat_179,4.010665355662901
14,kcat_179,4.005285851275319
15,kcat_179,4.016056239503247
16,kcat_179,4.023697535851727
17,kcat_179,4.018494412041357
18,kcat_179,4.025313549440832
19,kcat_179,4.026979326687059
20,kcat_179,4.037763256839036
21,kcat_179,4.0457869235994925
22,kcat_179,4.036131398694499
23,kcat_179,4.0375719492717534
24,kcat_179,4.043577479772196
25,kcat_179,4.045081310055279
26,kcat_179,4.049442336845263
27,kcat_179,4.047970693605817
28,kcat_179,4.062291483390492
29,kcat_179,4.070122558129343
30,kcat_179,4.079858518821891
31,kcat_179,4.079035319418732
32,kcat_179,4.065750621065798
33,kcat_179,4.064071163309049
34,kcat_179,4.054735669512484
35,kcat_179,4.05593580393438
36,kcat_179,4.057211123373231
37,kcat_179,4.054403979659153
38,kcat_179,4.047990561781264
39,kcat_179,4.051254695624246
40,kcat_179,4.045593483794474
41,kcat_179,4.046277872362991
42,kcat_179,4.046066353801316
43,kcat_179,4.048543515592262
44,kcat_179,4.049229434531854
45,kcat_179,4.042391191937866
46,kcat_179,4.047028525314991
47,kcat_179,4.044946777538947
48,kcat_179,4.043772577600892
49,kcat_179,4.048978990124874
0,kcat_180,4.244429385698919
1,kcat_180,4.246704290541809
2,kcat_180,4.240398832848216
3,kcat_180,4.2243890423412065
4,kcat_180,4.233979769948177
5,kcat_180,4.230606636967841
6,kcat_180,4.2342327558541974
7,kcat_180,4.240122322942558
8,kcat_180,4.2262279659668405
9,kcat_180,4.2265466291566725
10,kcat_180,4.221491700661052
11,kcat_180,4.228276763757543
12,kcat_180,4.2451503017657
13,kcat_180,4.248722438045899
14,kcat_180,4.246420295231044
15,kcat_180,4.248393076583903
16,kcat_180,4.257294271391966
17,kcat_180,4.260671965656735
18,kcat_180,4.269001238789035
19,kcat_180,4.2631320340058165
20,kcat_180,4.265338977321085
21,kcat_180,4.259471274180772
22,kcat_180,4.26789197040013
23,kcat_180,4.264605672719188
24,kcat_180,4.2643512225019355
25,kcat_180,4.269448019957448
26,kcat_180,4.286834763038607
27,kcat_180,4.287673378892849
28,kcat_180,4.282981900928913
29,kcat_180,4.286075684192576
30,kcat_180,4.293040955553511
31,kcat_180,4.294613481256881
32,kcat_180,4.295677748066018
33,kcat_180,4.293975638137636
34,kcat_180,4.2837374802060415
35,kcat_180,4.287444972706532
36,kcat_180,4.289160938767665
37,kcat_180,4.288993530780452
38,kcat_180,4.290863868677029
39,kcat_180,4.29122898216075
40,kcat_180,4.294360430559384
41,kcat_180,4.2971505296485075
42,kcat_180,4.300332858455828
43,kcat_180,4.305779346384757
44,kcat_180,4.307762269207767
45,kcat_180,4.313328489739954
46,kcat_180,4.325814052477453
47,kcat_180,4.328731324713492
48,kcat_180,4.3194472292563635
49,kcat_180,4.320462065673252
0,kcat_181,4.092874756751629
1,kcat_181,4.077679747806482
2,kcat_181,4.089406226405326
3,kcat_181,4.125474164258904
4,kcat_181,4.131451208049687
5,kcat_181,4.140510827991293
6,kcat_181,4.12341729138766
7,kcat_181,4.116582909120394
8,kcat_181,4.0935895270975475
9,kcat_181,4.09778362309204
10,kcat_181,4.1237880045730035
11,kcat_181,4.139084088133672
12,kcat_181,4.14754185488065
13,kcat_181,4.152090901169527
14,kcat_181,4.1667876649831905
15,kcat_181,4.168330048713953
16,kcat_181,4.170140064253259
17,kcat_181,4.159573570501666
18,kcat_181,4.157286494942491
19,kcat_181,4.154192920443443
20,kcat_181,4.166680430382051
21,kcat_181,4.163889235924912
22,kcat_181,4.17334648178551
23,kcat_181,4.173615757865461
24,kcat_181,4.175074954400775
25,kcat_181,4.173074176246455
26,kcat_181,4.169302144855632
27,kcat_181,4.168013575078314
28,kcat_181,4.17046672664091
29,kcat_181,4.169592837703379
30,kcat_181,4.171831227408382
31,kcat_181,4.165338936564491
32,kcat_181,4.170992364643191
33,kcat_181,4.16827468620616
34,kcat_181,4.164937347185522
35,kcat_181,4.170984437380161
36,kcat_181,4.1769301083120265
37,kcat_181,4.180575999149944
38,kcat_181,4.190210181030799
39,kcat_181,4.191941411509139
40,kcat_181,4.189691478255867
41,kcat_181,4.185700034036615
42,kcat_181,4.193634274828293
43,kcat_181,4.1953518150232805
44,kcat_181,4.194941351355481
45,kcat_181,4.188243146897705
46,kcat_181,4.196499417730689
47,kcat_181,4.192752198245869
48,kcat_181,4.187940843862266
49,kcat_181,4.186706406477885
0,kcat_182,3.791241302551627
1,kcat_182,3.780707931564369
2,kcat_182,3.788656739798115
3,kcat_182,3.756435951313846
4,kcat_182,3.7482198600461873
5,kcat_182,3.7540816804891475
6,kcat_182,3.753170360450794
7,kcat_182,3.752944761880755
8,kcat_182,3.762982565059789
9,kcat_182,3.7614229536918162
10,kcat_182,3.7562285685663044
11,kcat_182,3.758876144007968
12,kcat_182,3.7728933944825824
13,kcat_182,3.7740701574761277
14,kcat_182,3.773320448221477
15,kcat_182,3.7638779787625527
16,kcat_182,3.7712655358821254
17,kcat_182,3.7563581123646133
18,kcat_182,3.7554744389927874
19,kcat_182,3.76094973064762
20,kcat_182,3.7551693246556925
21,kcat_182,3.759449756892982
22,kcat_182,3.7604509738852743
23,kcat_182,3.763389529349983
24,kcat_182,3.7583880952153783
25,kcat_182,3.7527262996671187
26,kcat_182,3.7488642475405882
27,kcat_182,3.7531650754205037
28,kcat_182,3.754793406609869
29,kcat_182,3.751362241803693
30,kcat_182,3.760128942255381
31,kcat_182,3.7603405964160186
32,kcat_182,3.7611405377901037
33,kcat_182,3.756789506473233
34,kcat_182,3.7583248223526877
35,kcat_182,3.758659423026827
36,kcat_182,3.7586383281274873
37,kcat_182,3.7556631741030855
38,kcat_182,3.75852402338044
39,kcat_182,3.7594982544142086
40,kcat_182,3.7624980938431056
41,kcat_182,3.765350454591168
42,kcat_182,3.767644872295004
43,kcat_182,3.7655175696527055
44,kcat_182,3.770660663979932
45,kcat_182,3.772125998787201
46,kcat_182,3.765238296105811
47,kcat_182,3.7642198223511074
48,kcat_182,3.7687416384470196
49,kcat_182,3.766499524213898
0,kcat_183,3.423917004604967
1,kcat_183,3.4198129856281683
2,kcat_183,3.3951705839338824
3,kcat_183,3.387948459214914
4,kcat_183,3.380877458723262
5,kcat_183,3.406208444111528
6,kcat_183,3.407552798615388
7,kcat_183,3.4164080965845747
8,kcat_183,3.4444146306490393
9,kcat_183,3.457776713586395
10,kcat_183,3.449571424053873
11,kcat_183,3.4401479446147727
12,kcat_183,3.4404310362533765
13,kcat_183,3.4459365316675963
14,kcat_183,3.4544108198551826
15,kcat_183,3.424660685971704
16,kcat_183,3.4310760456065226
17,kcat_183,3.433465435460648
18,kcat_183,3.4441171857764576
19,kcat_183,3.4417759497885916
20,kcat_183,3.427254881086555
21,kcat_183,3.4297053857657427
22,kcat_183,3.433493118458178
23,kcat_183,3.431019030130001
24,kcat_183,3.4387622373022677
25,kcat_183,3.441044401940322
26,kcat_183,3.437666690031296
27,kcat_183,3.449796815559241
28,kcat_183,3.4443449908752504
29,kcat_183,3.4519028693256035
30,kcat_183,3.4577451624975692
31,kcat_183,3.4469865988218444
32,kcat_183,3.440733701889767
33,kcat_183,3.4372992142764875
34,kcat_183,3.4449860296896873
35,kcat_183,3.4450467743217184
36,kcat_183,3.4453745714562207
37,kcat_183,3.441773372057782
38,kcat_183,3.445719161143032
39,kcat_183,3.450299897425734
40,kcat_183,3.450499303810647
41,kcat_183,3.4495999126842993
42,kcat_183,3.4470885697566827
43,kcat_183,3.445068554455903
44,kcat_183,3.4405478642444622
45,kcat_183,3.4401485191744205
46,kcat_183,3.4311479705866836
47,kcat_183,3.430693113925684
48,kcat_183,3.428371004377289
49,kcat_183,3.430260795855288
0,kcat_184,4.621308068629194
1,kcat_184,4.622208209664078
2,kcat_184,4.5872505249257385
3,kcat_184,4.583401212591883
4,kcat_184,4.609974260904863
5,kcat_184,4.617414816798268
6,kcat_184,4.619543214494283
7,kcat_184,4.61663838230573
8,kcat_184,4.623435449642865
9,kcat_184,4.626831254900812
10,kcat_184,4.636582820902669
11,kcat_184,4.635230013847239
12,kcat_184,4.641987161985977
13,kcat_184,4.63441098221338
14,kcat_184,4.635951666071618
15,kcat_184,4.63641281393411
16,kcat_184,4.636225515954102
17,kcat_184,4.643905843102486
18,kcat_184,4.645342701683066
19,kcat_184,4.645676379047212
20,kcat_184,4.642527583221794
21,kcat_184,4.631416381389391
22,kcat_184,4.637244835315905
23,kcat_184,4.6336953327088475
24,kcat_184,4.628548109991067
25,kcat_184,4.624832458496967
26,kcat_184,4.618914917298033
27,kcat_184,4.618990649288551
28,kcat_184,4.613850778817557
29,kcat_184,4.608430609615487
30,kcat_184,4.612116879097229
31,kcat_184,4.608428772488539
32,kcat_184,4.6031702548544
33,kcat_184,4.611599844198739
34,kcat_184,4.614000667191409
35,kcat_184,4.600546373554435
36,kcat_184,4.604236351318026
37,kcat_184,4.601325631148578
38,kcat_184,4.599408964859931
39,kcat_184,4.602563655231263
40,kcat_184,4.592896527449724
41,kcat_184,4.592625107525504
42,kcat_184,4.598345416480854
43,kcat_184,4.590455634685444
44,kcat_184,4.586732087200334
45,kcat_184,4.5920830176635254
46,kcat_184,4.582912219080143
47,kcat_184,4.577871695746536
48,kcat_184,4.577102876250282
49,kcat_184,4.569350866249137
0,kcat_185,3.6056443893551164
1,kcat_185,3.595359523011727
2,kcat_185,3.5838892671989107
3,kcat_185,3.6029322866155686
4,kcat_185,3.6211231709386698
5,kcat_185,3.6055991103567693
6,kcat_185,3.616174721597717
7,kcat_185,3.6322257828315747
8,kcat_185,3.6724657249812998
9,kcat_185,3.6605338494117214
10,kcat_185,3.660675971027813
11,kcat_185,3.667455018169322
12,kcat_185,3.665321165664253
13,kcat_185,3.6724965729233303
14,kcat_185,3.687208488686063
15,kcat_185,3.6918250175318
16,kcat_185,3.6925635110179544
17,kcat_185,3.6836667021531095
18,kcat_185,3.6986992235342875
19,kcat_185,3.702699827433525
20,kcat_185,3.7057114430243856
21,kcat_185,3.7133004060838912
22,kcat_185,3.7050103443599838
23,kcat_185,3.704395866135692
24,kcat_185,3.7097781914547006
25,kcat_185,3.7152111765962603
26,kcat_185,3.7103325833798895
27,kcat_185,3.71627406281373
28,kcat_185,3.7192133570427726
29,kcat_185,3.7131294278270865
30,kcat_185,3.719275598808145
31,kcat_185,3.724042384548509
32,kcat_185,3.731549682327216
33,kcat_185,3.7310697193610785
34,kcat_185,3.7384644924355683
35,kcat_185,3.738306061872899
36,kcat_185,3.7419444237527375
37,kcat_185,3.7359832930707557
38,kcat_185,3.7383916280413803
39,kcat_185,3.731541156676404
40,kcat_185,3.730555279652112
41,kcat_185,3.7311601235078635
42,kcat_185,3.7334825926210393
43,kcat_185,3.7294399325843117
44,kcat_185,3.729304132597014
45,kcat_185,3.731445577077025
46,kcat_185,3.738121809918246
47,kcat_185,3.74020951612342
48,kcat_185,3.7317298506918672
49,kcat_185,3.733164994703608
0,kcat_186,3.763113698081524
1,kcat_186,3.765747843400906
2,kcat_186,3.761627638981685
3,kcat_186,3.746021363417569
4,kcat_186,3.7535069261530842
5,kcat_186,3.7823492850054614
6,kcat_186,3.793899602684164
7,kcat_186,3.809743789751175
8,kcat_186,3.7842256643417698
9,kcat_186,3.7752053592864976
10,kcat_186,3.774080251685773
11,kcat_186,3.7895595065335494
12,kcat_186,3.7841734622046497
13,kcat_186,3.7833111906785644
14,kcat_186,3.7985346080892484
15,kcat_186,3.8059756474801145
16,kcat_186,3.8061594423378233
17,kcat_186,3.825428542790304
18,kcat_186,3.8226499530783404
19,kcat_186,3.8288202466683403
20,kcat_186,3.828929906966637
21,kcat_186,3.8309248826369116
22,kcat_186,3.8280451892398784
23,kcat_186,3.826661055791892
24,kcat_186,3.8303927174933516
25,kcat_186,3.8328120967444095
26,kcat_186,3.82764154183543
27,kcat_186,3.8260351170066325
28,kcat_186,3.837215506070331
29,kcat_186,3.8346486755512816
30,kcat_186,3.834551104793253
31,kcat_186,3.829445998738141
32,kcat_186,3.8401035950290785
33,kcat_186,3.8365334249406984
34,kcat_186,3.8330604326049835
35,kcat_186,3.8397709995984695
36,kcat_186,3.8468463493554825
37,kcat_186,3.8429772386615166
38,kcat_186,3.848735059412005
39,kcat_186,3.8423812775759516
40,kcat_186,3.842286325589813
41,kcat_186,3.8466263518608477
42,kcat_186,3.8434175853387584
43,kcat_186,3.8357890269938983
44,kcat_186,3.8431563293555913
45,kcat_186,3.8435489174203634
46,kcat_186,3.846821383653086
47,kcat_186,3.8490943618998292
48,kcat_186,3.8463845978959417
49,kcat_186,3.8452854222182817
0,kcat_187,3.8844032280340994
1,kcat_187,3.8828536598506167
2,kcat_187,3.880411296343099
3,kcat_187,3.871518735674693
4,kcat_187,3.8671662931670423
5,kcat_187,3.9047830309230136
6,kcat_187,3.898504349466562
7,kcat_187,3.911962441305831
8,kcat_187,3.945076211560768
9,kcat_187,3.942128351417364
10,kcat_187,3.9399817435712636
11,kcat_187,3.9372288520117698
12,kcat_187,3.9391648337253633
13,kcat_187,3.9295791622725873
14,kcat_187,3.9325991771829396
15,kcat_187,3.9412728597230333
16,kcat_187,3.93863414581759
17,kcat_187,3.9390992643523877
18,kcat_187,3.9337887353107055
19,kcat_187,3.9349460326459345
20,kcat_187,3.9333340577067686
21,kcat_187,3.929564316815659
22,kcat_187,3.922253193411206
23,kcat_187,3.9208072681917994
24,kcat_187,3.9187213691777822
25,kcat_187,3.9235913070994486
26,kcat_187,3.926824216490133
27,kcat_187,3.924435755678733
28,kcat_187,3.9258144155130736
29,kcat_187,3.9294958418203945
30,kcat_187,3.9284823474603576
31,kcat_187,3.93151562099372
32,kcat_187,3.9399726457660638
33,kcat_187,3.9413039794882594
34,kcat_187,3.938510257723479
35,kcat_187,3.933977532173768
36,kcat_187,3.9312719750270504
37,kcat_187,3.929520743673655
38,kcat_187,3.935764557021587
39,kcat_187,3.9314357016624597
40,kcat_187,3.9192362997231354
41,kcat_187,3.918599540762459
42,kcat_187,3.91985533625464
43,kcat_187,3.9253786228203307
44,kcat_187,3.9206634406149963
45,kcat_187,3.9257853843499624
46,kcat_187,3.926118662801844
47,kcat_187,3.925749418845127
48,kcat_187,3.9324194180778003
49,kcat_187,3.932054175283635
0,kcat_188,3.7486600847732223
1,kcat_188,3.75017957420373
2,kcat_188,3.771872185489622
3,kcat_188,3.776745429714389
4,kcat_188,3.7835230056569666
5,kcat_188,3.783770425971323
6,kcat_188,3.8019891096960183
7,kcat_188,3.837502304355222
8,kcat_188,3.867363181222957
9,kcat_188,3.8690000993316462
10,kcat_188,3.8648020646852226
11,kcat_188,3.8651146864680337
12,kcat_188,3.8542554438918906
13,kcat_188,3.8619406443075386
14,kcat_188,3.864503937184193
15,kcat_188,3.8632628977772723
16,kcat_188,3.8527983385156173
17,kcat_188,3.851945404184871
18,kcat_188,3.8548776565784126
19,kcat_188,3.8617202408993916
20,kcat_188,3.8723621405615405
21,kcat_188,3.8807003520874908
22,kcat_188,3.8755991382050334
23,kcat_188,3.8756942400147576
24,kcat_188,3.8811005555538762
25,kcat_188,3.8848789855353925
26,kcat_188,3.886629577815432
27,kcat_188,3.889554912935746
28,kcat_188,3.8795684041376255
29,kcat_188,3.8765189675259495
30,kcat_188,3.8817896076875695
31,kcat_188,3.8923642931718114
32,kcat_188,3.8912806136248417
33,kcat_188,3.8956352026647285
34,kcat_188,3.9035215969726718
35,kcat_188,3.9013369669043847
36,kcat_188,3.8975218784242287
37,kcat_188,3.9019120651632915
38,kcat_188,3.9085436427846436
39,kcat_188,3.9133974778330596
40,kcat_188,3.9147027694559675
41,kcat_188,3.9161810370975028
42,kcat_188,3.919117113724608
43,kcat_188,3.923189996212828
44,kcat_188,3.91462443491683
45,kcat_188,3.9195926499308773
46,kcat_188,3.9186380756566503
47,kcat_188,3.918256377604252
48,kcat_188,3.9181299640638736
49,kcat_188,3.913951069282447
0,kcat_189,3.9479033258206795
1,kcat_189,3.941640006546193
2,kcat_189,3.911287724240425
3,kcat_189,3.861619012380576
4,kcat_189,3.8739940763282323
5,kcat_189,3.898787824748208
6,kcat_189,3.8872275185362524
7,kcat_189,3.890878530568929
8,kcat_189,3.9285592906601265
9,kcat_189,3.932404417297733
10,kcat_189,3.956330829367181
11,kcat_189,3.965080426962204
12,kcat_189,3.9657562949046876
13,kcat_189,3.979236478038389
14,kcat_189,3.966059800037063
15,kcat_189,3.966967848239402
16,kcat_189,3.9588798231950832
17,kcat_189,3.9543464621661752
18,kcat_189,3.953175690648445
19,kcat_189,3.952308249065661
20,kcat_189,3.9545236900012406
21,kcat_189,3.9624024044689317
22,kcat_189,3.9643258621801327
23,kcat_189,3.964525334336712
24,kcat_189,3.9705110429855934
25,kcat_189,3.972195056130393
26,kcat_189,3.9670492421165022
27,kcat_189,3.9614204003881275
28,kcat_189,3.962257914001578
29,kcat_189,3.9594444498137538
30,kcat_189,3.9419263386628023
31,kcat_189,3.944927255995389
32,kcat_189,3.941845100691123
33,kcat_189,3.9409643451977314
34,kcat_189,3.9426721931658717
35,kcat_189,3.9408984531662696
36,kcat_189,3.946575852718513
37,kcat_189,3.9531209655106596
38,kcat_189,3.9546847139333874
39,kcat_189,3.955299605873512
40,kcat_189,3.9522854446325457
41,kcat_189,3.95083850066385
42,kcat_189,3.9496351402016634
43,kcat_189,3.9440970683016423
44,kcat_189,3.940477392981955
45,kcat_189,3.9392741021800366
46,kcat_189,3.9486434163835633
47,kcat_189,3.946115161482845
48,kcat_189,3.939172791422232
49,kcat_189,3.9454778346715718
0,kcat_190,3.858062564555288
1,kcat_190,3.8627083736372727
2,kcat_190,3.8735915187754144
3,kcat_190,3.906709959356077
4,kcat_190,3.9013792232993634
5,kcat_190,3.9172605968681062
6,kcat_190,3.9173123239784475
7,kcat_190,3.918661386012572
8,kcat_190,3.90709372569103
9,kcat_190,3.911144086603187
10,kcat_190,3.9012632373070395
11,kcat_190,3.896659646343531
12,kcat_190,3.8948928157844134
13,kcat_190,3.8908736813117453
14,kcat_190,3.8927697426689623
15,kcat_190,3.9045525802735703
16,kcat_190,3.906563691299673
17,kcat_190,3.8921633326108735
18,kcat_190,3.8835016485694815
19,kcat_190,3.8855404604085173
20,kcat_190,3.872325752349875
21,kcat_190,3.8773276419682827
22,kcat_190,3.878135092174887
23,kcat_190,3.881425592286499
24,kcat_190,3.8728589467657817
25,kcat_190,3.8732507477150326
26,kcat_190,3.8632460282553205
27,kcat_190,3.8648428033823126
28,kcat_190,3.8618997827895667
29,kcat_190,3.8719109795125175
30,kcat_190,3.874109048367426
31,kcat_190,3.8823747122632004
32,kcat_190,3.885968408070256
33,kcat_190,3.8841249439725916
34,kcat_190,3.889595021507063
35,kcat_190,3.884302651422154
36,kcat_190,3.884989893983362
37,kcat_190,3.888294235831196
38,kcat_190,3.8923036183818804
39,kcat_190,3.8925598224098903
40,kcat_190,3.8917911834775865
41,kcat_190,3.8952269627025227
42,kcat_190,3.8901385138612
43,kcat_190,3.8929157096283666
44,kcat_190,3.892090545407873
45,kcat_190,3.8948160406802383
46,kcat_190,3.8919010544024295
47,kcat_190,3.8895701661371764
48,kcat_190,3.8908302369477394
49,kcat_190,3.8928069114633344
0,kcat_191,2.955104566265624
1,kcat_191,2.9350907437015894
2,kcat_191,2.928898356017789
3,kcat_191,2.9443070547653307
4,kcat_191,2.937598192076212
5,kcat_191,2.9805200984772227
6,kcat_191,2.971284541224594
7,kcat_191,3.0027931195573268
8,kcat_191,3.077129782088521
9,kcat_191,3.0757659023577517
10,kcat_191,3.0781306180006323
11,kcat_191,3.0805058583581424
12,kcat_191,3.0908732909825605
13,kcat_191,3.097010152349452
14,kcat_191,3.1131983204042486
15,kcat_191,3.114042509327564
16,kcat_191,3.1096607372168408
17,kcat_191,3.11183139517101
18,kcat_191,3.1211305877365705
19,kcat_191,3.1189424378563158
20,kcat_191,3.125429494693439
21,kcat_191,3.130954060018015
22,kcat_191,3.1351662636583324
23,kcat_191,3.1359069852869914
24,kcat_191,3.138802976065855
25,kcat_191,3.141255544493094
26,kcat_191,3.150691627833786
27,kcat_191,3.158835506722211
28,kcat_191,3.169056752515735
29,kcat_191,3.168975487687662
30,kcat_191,3.171752756139572
31,kcat_191,3.1756855198739813
32,kcat_191,3.1706083603253727
33,kcat_191,3.174002960862448
34,kcat_191,3.183655751827078
35,kcat_191,3.184894344349531
36,kcat_191,3.1910903094817282
37,kcat_191,3.189101796439632
38,kcat_191,3.190315050563508
39,kcat_191,3.1878420088786146
40,kcat_191,3.189377131481195
41,kcat_191,3.1907905097252036
42,kcat_191,3.1846676511937124
43,kcat_191,3.1942367830982956
44,kcat_191,3.1982834830205875
45,kcat_191,3.2009927782172265
46,kcat_191,3.202988103659153
47,kcat_191,3.2112435856341475
48,kcat_191,3.2033641623751734
49,kcat_191,3.206664955759491
0,kcat_192,3.0791912049521124
1,kcat_192,3.0632877804457546
2,kcat_192,3.0465082677837696
3,kcat_192,3.07842085390821
4,kcat_192,3.0799919060375673
5,kcat_192,3.091428367834057
6,kcat_192,3.1035966425136277
7,kcat_192,3.1340186971513835
8,kcat_192,3.1857082412680295
9,kcat_192,3.1866499336729603
10,kcat_192,3.180919396015808
11,kcat_192,3.2021621935871667
12,kcat_192,3.200612596815026
13,kcat_192,3.2065110868985887
14,kcat_192,3.2212828371574895
15,kcat_192,3.2193303047056747
16,kcat_192,3.221080433063052
17,kcat_192,3.2180354890234617
18,kcat_192,3.2226386480809417
19,kcat_192,3.2229516356274606
20,kcat_192,3.248108382296716
21,kcat_192,3.2589963945171574
22,kcat_192,3.26259228733286
23,kcat_192,3.260981924917296
24,kcat_192,3.258306086112859
25,kcat_192,3.2542386108727976
26,kcat_192,3.2527307182055596
27,kcat_192,3.2579570793848336
28,kcat_192,3.2627646445976337
29,kcat_192,3.2637652340806325
30,kcat_192,3.2606683061558206
31,kcat_192,3.2571611035165935
32,kcat_192,3.2565399089001477
33,kcat_192,3.258092877461744
34,kcat_192,3.265331090163107
35,kcat_192,3.261984900277384
36,kcat_192,3.2689449046394956
37,kcat_192,3.2683816752627286
38,kcat_192,3.2680840360712886
39,kcat_192,3.268143690381414
40,kcat_192,3.2702380433036793
41,kcat_192,3.266020549835982
42,kcat_192,3.2524608463567786
43,kcat_192,3.2504091921217215
44,kcat_192,3.251068867412683
45,kcat_192,3.2533251106953847
46,kcat_192,3.2619557538675203
47,kcat_192,3.259802061691015
48,kcat_192,3.2523896906287244
49,kcat_192,3.2524838228624
0,kcat_193,3.896350986054715
1,kcat_193,3.9035703992268593
2,kcat_193,3.915642567475944
3,kcat_193,3.9342916038910407
4,kcat_193,3.937445827884645
5,kcat_193,3.9564135249765853
6,kcat_193,3.9534170059122715
7,kcat_193,3.969834615708314
8,kcat_193,3.989142777632754
9,kcat_193,3.988854924813166
10,kcat_193,3.976605691068834
11,kcat_193,3.9872413067130874
12,kcat_193,3.991587409567583
13,kcat_193,3.98423455569218
14,kcat_193,3.985729056927402
15,kcat_193,3.9892980682043357
16,kcat_193,4.005547323016441
17,kcat_193,4.003307973220188
18,kcat_193,4.012292008708737
19,kcat_193,4.009080092485088
20,kcat_193,4.014316176661489
21,kcat_193,4.024281156518972
22,kcat_193,4.032232657670335
23,kcat_193,4.0316579977436815
24,kcat_193,4.0320077601282245
25,kcat_193,4.033200547528304
26,kcat_193,4.0415109505494895
27,kcat_193,4.040909219288525
28,kcat_193,4.033275060565319
29,kcat_193,4.021063207814463
30,kcat_193,4.021241722923143
31,kcat_193,4.020969372189856
32,kcat_193,4.020802420071259
33,kcat_193,4.03067212650413
34,kcat_193,4.041406297459215
35,kcat_193,4.048452715214262
36,kcat_193,4.043564763901569
37,kcat_193,4.044944991822894
38,kcat_193,4.040128254708478
39,kcat_193,4.038742429230118
40,kcat_193,4.03470745396997
41,kcat_193,4.036445656983923
42,kcat_193,4.045133349934925
43,kcat_193,4.049622882116586
44,kcat_193,4.051081792240096
45,kcat_193,4.055559063684467
46,kcat_193,4.051429465282848
47,kcat_193,4.05302751101254
48,kcat_193,4.063390527463099
49,kcat_193,4.062143406979778
0,kcat_194,3.6161593008110993
1,kcat_194,3.617450861970289
2,kcat_194,3.6177834121751964
3,kcat_194,3.6068971715350284
4,kcat_194,3.6144387551026917
5,kcat_194,3.6559950643428114
6,kcat_194,3.6431451220144293
7,kcat_194,3.679333152331485
8,kcat_194,3.691595589480582
9,kcat_194,3.692122151803657
10,kcat_194,3.6930640880257335
11,kcat_194,3.703776209479959
12,kcat_194,3.710451927944912
13,kcat_194,3.7251615408214316
14,kcat_194,3.718428506432434
15,kcat_194,3.722798229916
16,kcat_194,3.7325400828152207
17,kcat_194,3.721868896559178
18,kcat_194,3.7279260470356737
19,kcat_194,3.728768957692625
20,kcat_194,3.723561658208822
21,kcat_194,3.728459661686135
22,kcat_194,3.7358676382667997
23,kcat_194,3.7330946837800427
24,kcat_194,3.7406348477028892
25,kcat_194,3.733691743504875
26,kcat_194,3.7398988416817005
27,kcat_194,3.7420071586421235
28,kcat_194,3.746788326730333
29,kcat_194,3.738741786580521
30,kcat_194,3.7427300068650378
31,kcat_194,3.7522303966735002
32,kcat_194,3.758718281812576
33,kcat_194,3.7521137530872033
34,kcat_194,3.760471495115804
35,kcat_194,3.7519415552925466
36,kcat_194,3.744667124289264
37,kcat_194,3.748282780484134
38,kcat_194,3.7423421696116366
39,kcat_194,3.7405386183717435
40,kcat_194,3.7447091432135013
41,kcat_194,3.7505341526609484
42,kcat_194,3.7530912831642977
43,kcat_194,3.7494851573657084
44,kcat_194,3.7458306891050777
45,kcat_194,3.7517799337931734
46,kcat_194,3.763220671643001
47,kcat_194,3.7604571599010455
48,kcat_194,3.7667036733016075
49,kcat_194,3.7666006393823963
0,kcat_195,3.505625996555428
1,kcat_195,3.5081597560305813
2,kcat_195,3.523699572085741
3,kcat_195,3.538503547524387
4,kcat_195,3.5295908397603446
5,kcat_195,3.5904147972894447
6,kcat_195,3.6064507550475353
7,kcat_195,3.6225501535524036
8,kcat_195,3.6547502769828784
9,kcat_195,3.656342562746658
10,kcat_195,3.651353368538653
11,kcat_195,3.660011489139828
12,kcat_195,3.655589959631237
13,kcat_195,3.664056525754715
14,kcat_195,3.661589696267222
15,kcat_195,3.6560707819030247
16,kcat_195,3.6461161161466045
17,kcat_195,3.6394950453551767
18,kcat_195,3.6464601357705653
19,kcat_195,3.6500419290938617
20,kcat_195,3.656697698631574
21,kcat_195,3.6606848877803877
22,kcat_195,3.6588639413493103
23,kcat_195,3.6586826537875905
24,kcat_195,3.6556932595336
25,kcat_195,3.649051560313593
26,kcat_195,3.6609236617783827
27,kcat_195,3.6603809646632324
28,kcat_195,3.658574324119659
29,kcat_195,3.653692439516678
30,kcat_195,3.655161855834786
31,kcat_195,3.6559586765812075
32,kcat_195,3.6471162992050776
33,kcat_195,3.650596712188272
34,kcat_195,3.6589709564616197
35,kcat_195,3.6581089483541973
36,kcat_195,3.653833009150182
37,kcat_195,3.662505376216877
38,kcat_195,3.656462694577997
39,kcat_195,3.6659191547322267
40,kcat_195,3.665731199545954
41,kcat_195,3.668533169370406
42,kcat_195,3.669379590389538
43,kcat_195,3.6645873222745564
44,kcat_195,3.6621280166514727
45,kcat_195,3.662708649320267
46,kcat_195,3.6822915154682168
47,kcat_195,3.6786803732258813
48,kcat_195,3.689528503811683
49,kcat_195,3.6884991339310447
0,kcat_196,3.494114179177893
1,kcat_196,3.502994119893352
2,kcat_196,3.5170739709167576
3,kcat_196,3.5279819021673475
4,kcat_196,3.514148586071258
5,kcat_196,3.521474071344731
6,kcat_196,3.515239678074647
7,kcat_196,3.5234047557549397
8,kcat_196,3.536627819295337
9,kcat_196,3.534436443182051
10,kcat_196,3.546141840289978
11,kcat_196,3.5579826502500946
12,kcat_196,3.5621109771890387
13,kcat_196,3.567694617993094
14,kcat_196,3.5824099537805703
15,kcat_196,3.5595705384474896
16,kcat_196,3.557394535363677
17,kcat_196,3.5551528111938393
18,kcat_196,3.562471547974068
19,kcat_196,3.5617102217071626
20,kcat_196,3.5646619987228054
21,kcat_196,3.5615416680213885
22,kcat_196,3.575087757067305
23,kcat_196,3.574924802329473
24,kcat_196,3.5787349621993356
25,kcat_196,3.578315235866134
26,kcat_196,3.5804604054510265
27,kcat_196,3.586114755355885
28,kcat_196,3.5922171308815933
29,kcat_196,3.5921742882766567
30,kcat_196,3.5937674602934973
31,kcat_196,3.5952965504010983
32,kcat_196,3.602077255923027
33,kcat_196,3.598008528715261
34,kcat_196,3.595356304199237
35,kcat_196,3.6022554511668115
36,kcat_196,3.611174292933388
37,kcat_196,3.61405581551857
38,kcat_196,3.6065907968394737
39,kcat_196,3.60155164979634
40,kcat_196,3.5970294527835054
41,kcat_196,3.5960328215906325
42,kcat_196,3.5971413340213427
43,kcat_196,3.591516108783703
44,kcat_196,3.5931594527618897
45,kcat_196,3.6074602044349944
46,kcat_196,3.599977167233916
47,kcat_196,3.6019117454131155
48,kcat_196,3.59533045738049
49,kcat_196,3.592940725190368
0,kcat_197,3.950401803009209
1,kcat_197,3.963614969746413
2,kcat_197,3.9386629073226502
3,kcat_197,3.950929856858462
4,kcat_197,3.937031662469021
5,kcat_197,3.9159681121576444
6,kcat_197,3.9097465924069104
7,kcat_197,3.9231725962629738
8,kcat_197,3.9528332420980585
9,kcat_197,3.955905612647766
10,kcat_197,3.9585171320559684
11,kcat_197,3.9692414648499836
12,kcat_197,3.9706956972824314
13,kcat_197,3.9720281463474842
14,kcat_197,3.982130812756499
15,kcat_197,4.000413945724396
16,kcat_197,3.997115800415313
17,kcat_197,4.001596129158645
18,kcat_197,4.004520885898938
19,kcat_197,4.005813176751645
20,kcat_197,4.038645401216636
21,kcat_197,4.036523203483073
22,kcat_197,4.0448755627487705
23,kcat_197,4.047902688845518
24,kcat_197,4.04940277652113
25,kcat_197,4.048112103291072
26,kcat_197,4.045506995042742
27,kcat_197,4.049736895956014
28,kcat_197,4.061220577679584
29,kcat_197,4.04784574164308
30,kcat_197,4.052070848116196
31,kcat_197,4.049585945488869
32,kcat_197,4.039087791471255
33,kcat_197,4.03446550980997
34,kcat_197,4.029151726339921
35,kcat_197,4.0259669962688065
36,kcat_197,4.0222152992839675
37,kcat_197,4.015636757853495
38,kcat_197,4.014764525554384
39,kcat_197,4.014025001103169
40,kcat_197,4.013993814899677
41,kcat_197,4.0171995302371535
42,kcat_197,4.026691494603733
43,kcat_197,4.023582397518824
44,kcat_197,4.033789969720462
45,kcat_197,4.035852164304555
46,kcat_197,4.041723824586723
47,kcat_197,4.0404628832171365
48,kcat_197,4.045183038579001
49,kcat_197,4.04138327027264
0,kcat_198,4.10544955346436
1,kcat_198,4.091279610024606
2,kcat_198,4.084298030879946
3,kcat_198,4.073618571511725
4,kcat_198,4.068197297450895
5,kcat_198,4.0680983936368325
6,kcat_198,4.078139769160213
7,kcat_198,4.069079419266141
8,kcat_198,4.063279216128361
9,kcat_198,4.067013679893031
10,kcat_198,4.0626320994711245
11,kcat_198,4.066882766702073
12,kcat_198,4.073277367737402
13,kcat_198,4.085065266030429
14,kcat_198,4.098405897322458
15,kcat_198,4.091169738028423
16,kcat_198,4.096042800532504
17,kcat_198,4.096482044845224
18,kcat_198,4.087729647946454
19,kcat_198,4.081280725067894
20,kcat_198,4.065192992980724
21,kcat_198,4.070324630980116
22,kcat_198,4.070008731562641
23,kcat_198,4.0652746517601095
24,kcat_198,4.072153139796461
25,kcat_198,4.070615742842703
26,kcat_198,4.07842444687625
27,kcat_198,4.08006242865257
28,kcat_198,4.0838295971278935
29,kcat_198,4.089129701661851
30,kcat_198,4.09142639874253
31,kcat_198,4.094420577495437
32,kcat_198,4.087757781540072
33,kcat_198,4.092050885267083
34,kcat_198,4.0918084686156755
35,kcat_198,4.09185426845786
36,kcat_198,4.085342637504878
37,kcat_198,4.080566374982668
38,kcat_198,4.086099997265811
39,kcat_198,4.082529338204383
40,kcat_198,4.091399938244149
41,kcat_198,4.092098183260744
42,kcat_198,4.093529907667301
43,kcat_198,4.0992819047519475
44,kcat_198,4.100271890765602
45,kcat_198,4.095107676275295
46,kcat_198,4.101258409505333
47,kcat_198,4.099578097349781
48,kcat_198,4.104376429394959
49,kcat_198,4.103009220030618
0,kcat_199,3.5381828866407194
1,kcat_199,3.5534502494107487
2,kcat_199,3.526511531629544
3,kcat_199,3.508716494054314
4,kcat_199,3.505797894987213
5,kcat_199,3.528726081968079
6,kcat_199,3.5369199633515236
7,kcat_199,3.5491339355170046
8,kcat_199,3.5725563198381622
9,kcat_199,3.56788914451309
10,kcat_199,3.567166389136748
11,kcat_199,3.559913961688782
12,kcat_199,3.5604841569532564
13,kcat_199,3.5539627491552226
14,kcat_199,3.552668220628761
15,kcat_199,3.561671886963672
16,kcat_199,3.557191421264446
17,kcat_199,3.561687083909293
18,kcat_199,3.5624105720705224
19,kcat_199,3.5611601321424198
20,kcat_199,3.5758482123659503
21,kcat_199,3.5841038987006733
22,kcat_199,3.585872812650055
23,kcat_199,3.587673168965052
24,kcat_199,3.582547421336421
25,kcat_199,3.5740472821120295
26,kcat_199,3.587822856600135
27,kcat_199,3.582871776887002
28,kcat_199,3.58366102880324
29,kcat_199,3.5843041676048757
30,kcat_199,3.594586673467551
31,kcat_199,3.595133980254612
32,kcat_199,3.589162996000183
33,kcat_199,3.5887668320712383
34,kcat_199,3.5920784110832593
35,kcat_199,3.5955476777578355
36,kcat_199,3.5977534332639274
37,kcat_199,3.597505543432445
38,kcat_199,3.595418604561432
39,kcat_199,3.602194869287983
40,kcat_199,3.6070941761878426
41,kcat_199,3.6062014248586705
42,kcat_199,3.605238816342264
43,kcat_199,3.611116619950539
44,kcat_199,3.6135774758655064
45,kcat_199,3.616200291950107
46,kcat_199,3.6213483501953307
47,kcat_199,3.6204395192168146
48,kcat_199,3.6225265624623137
49,kcat_199,3.625209134513643
0,kcat_200,4.225358927490403
1,kcat_200,4.23793473482829
2,kcat_200,4.242942441371238
3,kcat_200,4.256978551084051
4,kcat_200,4.24714830337944
5,kcat_200,4.243409558104341
6,kcat_200,4.258325954369079
7,kcat_200,4.246945501759267
8,kcat_200,4.240403534618273
9,kcat_200,4.247097440165862
10,kcat_200,4.255220867935623
11,kcat_200,4.242179063304214
12,kcat_200,4.240743540484313
13,kcat_200,4.229362806037387
14,kcat_200,4.22623178516812
15,kcat_200,4.2254349669175175
16,kcat_200,4.222912439597543
17,kcat_200,4.204987691987064
18,kcat_200,4.20962630356512
19,kcat_200,4.212100240311753
20,kcat_200,4.199356040444051
21,kcat_200,4.191953692502171
22,kcat_200,4.195813035044543
23,kcat_200,4.198678124585702
24,kcat_200,4.204727509323968
25,kcat_200,4.200934003754713
26,kcat_200,4.186190247033613
27,kcat_200,4.190338574855099
28,kcat_200,4.188722313043029
29,kcat_200,4.182997465531196
30,kcat_200,4.195654147129854
31,kcat_200,4.196597305670832
32,kcat_200,4.1840891288095055
33,kcat_200,4.187476880893163
34,kcat_200,4.196788781442843
35,kcat_200,4.196855688708692
36,kcat_200,4.191868662390768
37,kcat_200,4.19576870805063
38,kcat_200,4.207126016710112
39,kcat_200,4.203668975724861
40,kcat_200,4.205286320517801
41,kcat_200,4.203600633115386
42,kcat_200,4.196554742041425
43,kcat_200,4.190311503009214
44,kcat_200,4.185701079583075
45,kcat_200,4.179157182493634
46,kcat_200,4.177964774663406
47,kcat_200,4.1759442384099446
48,kcat_200,4.168412501936759
49,kcat_200,4.169109237737533
0,kcat_201,4.286594661634212
1,kcat_201,4.274945922320038
2,kcat_201,4.284289259871991
3,kcat_201,4.277481708493365
4,kcat_201,4.306785546894375
5,kcat_201,4.305442056349593
6,kcat_201,4.305368824363901
7,kcat_201,4.315601879772933
8,kcat_201,4.294671182130825
9,kcat_201,4.288670088347705
10,kcat_201,4.282170278229795
11,kcat_201,4.270195146229415
12,kcat_201,4.269430260406678
13,kcat_201,4.277607994826364
14,kcat_201,4.295646298675726
15,kcat_201,4.289411741736779
16,kcat_201,4.2903135938397945
17,kcat_201,4.295544002002529
18,kcat_201,4.3052897114512945
19,kcat_201,4.308343477122995
20,kcat_201,4.306588147508161
21,kcat_201,4.289265393056187
22,kcat_201,4.285897964836928
23,kcat_201,4.289889042653563
24,kcat_201,4.294541016082912
25,kcat_201,4.29766458192248
26,kcat_201,4.302846871461384
27,kcat_201,4.305662265782656
28,kcat_201,4.305356268014165
29,kcat_201,4.298720057284769
30,kcat_201,4.296108060761797
31,kcat_201,4.294276519624322
32,kcat_201,4.297780205258518
33,kcat_201,4.294294894289259
34,kcat_201,4.291545263475785
35,kcat_201,4.2940092920331985
36,kcat_201,4.296281739804038
37,kcat_201,4.293592227531555
38,kcat_201,4.297384301077634
39,kcat_201,4.30541494552647
40,kcat_201,4.308776596573456
41,kcat_201,4.308969347685578
42,kcat_201,4.313228405610472
43,kcat_201,4.315687075036959
44,kcat_201,4.314258184463895
45,kcat_201,4.318267687736974
46,kcat_201,4.326369345137899
47,kcat_201,4.32090346314307
48,kcat_201,4.322630531052892
49,kcat_201,4.325300121158038
0,kcat_202,4.568027274956033
1,kcat_202,4.554668342773926
2,kcat_202,4.580933314089933
3,kcat_202,4.55581043901468
4,kcat_202,4.565726415931546
5,kcat_202,4.558059850453902
6,kcat_202,4.548697180051391
7,kcat_202,4.544607434607463
8,kcat_202,4.535588869170843
9,kcat_202,4.536499402835639
10,kcat_202,4.518637167426204
11,kcat_202,4.529213402551029
12,kcat_202,4.527709287913535
13,kcat_202,4.529363620457239
14,kcat_202,4.520059581535145
15,kcat_202,4.514701385785595
16,kcat_202,4.506398188228112
17,kcat_202,4.498357305079448
18,kcat_202,4.488301439881491
19,kcat_202,4.48696671533062
20,kcat_202,4.488061170135594
21,kcat_202,4.487407726123251
22,kcat_202,4.484482248124586
23,kcat_202,4.484461180303074
24,kcat_202,4.485692389740228
25,kcat_202,4.484749653039236
26,kcat_202,4.485866039629393
27,kcat_202,4.481685850794515
28,kcat_202,4.484928316281413
29,kcat_202,4.484936546866417
30,kcat_202,4.4865076699381
31,kcat_202,4.478125387625659
32,kcat_202,4.486100613782823
33,kcat_202,4.4821709739151485
34,kcat_202,4.479092704754591
35,kcat_202,4.469854236217798
36,kcat_202,4.465368964733237
37,kcat_202,4.473548446971119
38,kcat_202,4.485284118243353
39,kcat_202,4.484149218333871
40,kcat_202,4.480707294356153
41,kcat_202,4.480055947937477
42,kcat_202,4.483796781323485
43,kcat_202,4.480303330527113
44,kcat_202,4.483536703850638
45,kcat_202,4.485276148498743
46,kcat_202,4.489153858354451
47,kcat_202,4.486232292964327
48,kcat_202,4.475300089169654
49,kcat_202,4.4791752756261625
0,kcat_203,4.864683750760059
1,kcat_203,4.8647968590658195
2,kcat_203,4.879447784344704
3,kcat_203,4.862724949529327
4,kcat_203,4.864354882437668
5,kcat_203,4.859817547553268
6,kcat_203,4.842609476672845
7,kcat_203,4.8444288086610445
8,kcat_203,4.825934027345804
9,kcat_203,4.827758763326596
10,kcat_203,4.825871795493451
11,kcat_203,4.836907219892143
12,kcat_203,4.821880793397488
13,kcat_203,4.814233055841193
14,kcat_203,4.802113103942863
15,kcat_203,4.790997008879308
16,kcat_203,4.803401327167444
17,kcat_203,4.8104956972995465
18,kcat_203,4.803077143398941
19,kcat_203,4.801893941177626
20,kcat_203,4.7938711937035405
21,kcat_203,4.792992187517379
22,kcat_203,4.789772116968614
23,kcat_203,4.786795384419079
24,kcat_203,4.78324779444831
25,kcat_203,4.783372335608545
26,kcat_203,4.786673425490925
27,kcat_203,4.790528416645645
28,kcat_203,4.788449513744569
29,kcat_203,4.785436931014966
30,kcat_203,4.791573317090035
31,kcat_203,4.792910353116186
32,kcat_203,4.791833751531521
33,kcat_203,4.795007855576101
34,kcat_203,4.7986349651905895
35,kcat_203,4.801396613611615
36,kcat_203,4.80008531687612
37,kcat_203,4.799296315957419
38,kcat_203,4.806756539178929
39,kcat_203,4.799562467688949
40,kcat_203,4.801100136311442
41,kcat_203,4.800803406468566
42,kcat_203,4.799874481077228
43,kcat_203,4.798109379224564
44,kcat_203,4.799808941745512
45,kcat_203,4.79619067255005
46,kcat_203,4.792645985836296
47,kcat_203,4.788727616842081
48,kcat_203,4.792477021168907
49,kcat_203,4.790076164328963
0,kcat_204,4.6830597856452
1,kcat_204,4.678574098463212
2,kcat_204,4.673084233777572
3,kcat_204,4.654203070136346
4,kcat_204,4.6728040022413175
5,kcat_204,4.674155436948257
6,kcat_204,4.686442399108968
7,kcat_204,4.677277472337804
8,kcat_204,4.687332282871175
9,kcat_204,4.698496460159337
10,kcat_204,4.713157416442287
11,kcat_204,4.711155962120984
12,kcat_204,4.717116913742752
13,kcat_204,4.718480483077603
14,kcat_204,4.715256245498852
15,kcat_204,4.735102657110475
16,kcat_204,4.7417247402287614
17,kcat_204,4.7378318403086315
18,kcat_204,4.732227995164719
19,kcat_204,4.730125911025144
20,kcat_204,4.733715968054664
21,kcat_204,4.734984047614013
22,kcat_204,4.728059714316367
23,kcat_204,4.731403487802224
24,kcat_204,4.7344955771285155
25,kcat_204,4.7361222352794465
26,kcat_204,4.735420177073182
27,kcat_204,4.741192094626769
28,kcat_204,4.743250943298921
29,kcat_204,4.740984884858591
30,kcat_204,4.7416713219825155
31,kcat_204,4.749064163624427
32,kcat_204,4.762947070018307
33,kcat_204,4.7649066238102895
34,kcat_204,4.76339275527253
35,kcat_204,4.762765958242192
36,kcat_204,4.7494305636698355
37,kcat_204,4.749587854018979
38,kcat_204,4.742811011735009
39,kcat_204,4.742724278207468
40,kcat_204,4.74026930313023
41,kcat_204,4.742860968131073
42,kcat_204,4.7389808009884336
43,kcat_204,4.736321946237726
44,kcat_204,4.736888474514019
45,kcat_204,4.732062652423942
46,kcat_204,4.7280312133981495
47,kcat_204,4.736729630656583
48,kcat_204,4.735144106647099
49,kcat_204,4.730697872913193
0,kcat_205,4.638049332251032
1,kcat_205,4.63620682615762
2,kcat_205,4.642460744829619
3,kcat_205,4.636508536733843
4,kcat_205,4.646021254639168
5,kcat_205,4.647276452560831
6,kcat_205,4.645337696156263
7,kcat_205,4.633516963615414
8,kcat_205,4.591518854748138
9,kcat_205,4.590630258181996
10,kcat_205,4.592496562401732
11,kcat_205,4.586072706289045
12,kcat_205,4.5960477304152745
13,kcat_205,4.595526415350009
14,kcat_205,4.595968641696984
15,kcat_205,4.6031687050504955
16,kcat_205,4.609333036569931
17,kcat_205,4.61303910556332
18,kcat_205,4.627060160952597
19,kcat_205,4.628542273221414
20,kcat_205,4.628793734597675
21,kcat_205,4.630212922398398
22,kcat_205,4.642694904645211
23,kcat_205,4.648825176444961
24,kcat_205,4.654660878903701
25,kcat_205,4.657523447332954
26,kcat_205,4.666277795344691
27,kcat_205,4.660193964347625
28,kcat_205,4.660732366337803
29,kcat_205,4.654567407990232
30,kcat_205,4.665767150532883
31,kcat_205,4.667042163911956
32,kcat_205,4.6619008876062145
33,kcat_205,4.660028109896762
34,kcat_205,4.6595314472655796
35,kcat_205,4.666864140244504
36,kcat_205,4.676961444386624
37,kcat_205,4.676712533672998
38,kcat_205,4.669728766175612
39,kcat_205,4.663873974108188
40,kcat_205,4.664740074501436
41,kcat_205,4.661569583469148
42,kcat_205,4.665550872019169
43,kcat_205,4.6735831337384655
44,kcat_205,4.668616112431167
45,kcat_205,4.671079027275947
46,kcat_205,4.663390222077962
47,kcat_205,4.6641554279031885
48,kcat_205,4.6635238442875115
49,kcat_205,4.654796978989671
0,kcat_206,4.353691743455105
1,kcat_206,4.345873705573071
2,kcat_206,4.346114383803158
3,kcat_206,4.353653941849403
4,kcat_206,4.365928235792868
5,kcat_206,4.3789981389159
6,kcat_206,4.373766068946222
7,kcat_206,4.3773277531228
8,kcat_206,4.383284011540207
9,kcat_206,4.374032334471491
10,kcat_206,4.385940252120663
11,kcat_206,4.3933029761588225
12,kcat_206,4.394424635799045
13,kcat_206,4.385945724039809
14,kcat_206,4.371900665947372
15,kcat_206,4.368603191755889
16,kcat_206,4.3714704988859046
17,kcat_206,4.361688785413046
18,kcat_206,4.357908327254271
19,kcat_206,4.3499541769003045
20,kcat_206,4.340087432109887
21,kcat_206,4.3451139761394595
22,kcat_206,4.344071785846079
23,kcat_206,4.345546826557274
24,kcat_206,4.352545131206389
25,kcat_206,4.354163866540715
26,kcat_206,4.364003909922751
27,kcat_206,4.361682059469532
28,kcat_206,4.361685640995978
29,kcat_206,4.359070530550977
30,kcat_206,4.356745254310654
31,kcat_206,4.355054999727956
32,kcat_206,4.3536371227506
33,kcat_206,4.352559284871161
34,kcat_206,4.351882332596969
35,kcat_206,4.353860696534266
36,kcat_206,4.3435546619396925
37,kcat_206,4.34256768379718
38,kcat_206,4.342378908065523
39,kcat_206,4.340925426262341
40,kcat_206,4.339975800086083
41,kcat_206,4.341242938866126
42,kcat_206,4.343168710356359
43,kcat_206,4.345410018726215
44,kcat_206,4.342751881318313
45,kcat_206,4.3450155826133665
46,kcat_206,4.359015766117633
47,kcat_206,4.353968367488194
48,kcat_206,4.353131522472021
49,kcat_206,4.356047453368821
0,kcat_207,5.047727645727643
1,kcat_207,5.0354622429948
2,kcat_207,5.050718985890337
3,kcat_207,5.074470530615094
4,kcat_207,5.0603402477098705
5,kcat_207,5.057333418942783
6,kcat_207,5.060516299606895
7,kcat_207,5.045227637662564
8,kcat_207,5.023254374216547
9,kcat_207,5.014757165380496
10,kcat_207,5.0174577024513916
11,kcat_207,5.012379672207962
12,kcat_207,5.01297926286173
13,kcat_207,5.0093162609697695
14,kcat_207,5.001464649789591
15,kcat_207,4.994767154045747
16,kcat_207,4.994143512482366
17,kcat_207,4.998758779802713
18,kcat_207,4.99022168999294
19,kcat_207,4.994201244735578
20,kcat_207,4.9947223425130485
21,kcat_207,4.999665587915393
22,kcat_207,5.002970446314951
23,kcat_207,5.00184560821011
24,kcat_207,5.006595100317086
25,kcat_207,5.004271546245378
26,kcat_207,4.999353791134445
27,kcat_207,4.999951899216392
28,kcat_207,4.999722151437039
29,kcat_207,5.003787752276823
30,kcat_207,5.0070573154290186
31,kcat_207,5.005100868117227
32,kcat_207,5.001361908554083
33,kcat_207,5.004563814550616
34,kcat_207,5.002963579777594
35,kcat_207,5.005979726703286
36,kcat_207,5.01146759636584
37,kcat_207,5.01156486346006
38,kcat_207,5.015867905821992
39,kcat_207,5.018207263187358
40,kcat_207,5.0127694983467554
41,kcat_207,5.0083655408207
42,kcat_207,5.006604431489692
43,kcat_207,4.995976101035815
44,kcat_207,4.998522034135661
45,kcat_207,5.002135603780514
46,kcat_207,4.994231884979183
47,kcat_207,5.002024481448653
48,kcat_207,4.994708570154621
49,kcat_207,4.997222560276305
0,kcat_208,4.005165698905397
1,kcat_208,4.005513579433235
2,kcat_208,4.009218656062641
3,kcat_208,3.993187164106881
4,kcat_208,3.990228580734268
5,kcat_208,3.9906859207491006
6,kcat_208,3.982753241289979
7,kcat_208,3.9864486542601067
8,kcat_208,3.973349513452866
9,kcat_208,3.9786266230996254
10,kcat_208,3.972471696828689
11,kcat_208,3.9845892109970897
12,kcat_208,3.9956818537469627
13,kcat_208,4.011101520861989
14,kcat_208,4.007150888721171
15,kcat_208,4.013702868000762
16,kcat_208,4.014477132858198
17,kcat_208,4.023225235559905
18,kcat_208,4.03087970461723
19,kcat_208,4.030079663385568
20,kcat_208,4.046359231268039
21,kcat_208,4.032985580706234
22,kcat_208,4.035450826026589
23,kcat_208,4.035214756869774
24,kcat_208,4.03372296939817
25,kcat_208,4.03105599819567
26,kcat_208,4.0333069118479035
27,kcat_208,4.036732946896742
28,kcat_208,4.038123951941748
29,kcat_208,4.042688295015743
30,kcat_208,4.0419810224872315
31,kcat_208,4.051181048507566
32,kcat_208,4.053326567463364
33,kcat_208,4.051018728927217
34,kcat_208,4.047191038457856
35,kcat_208,4.045595051545079
36,kcat_208,4.052391641817109
37,kcat_208,4.0516503763309135
38,kcat_208,4.05434319020177
39,kcat_208,4.052909120514282
40,kcat_208,4.050774047233908
41,kcat_208,4.048192341877542
42,kcat_208,4.048278202792242
43,kcat_208,4.043217032940588
44,kcat_208,4.042381280226113
45,kcat_208,4.050517833707809
46,kcat_208,4.050654771651143
47,kcat_208,4.048846783901131
48,kcat_208,4.047411755884104
49,kcat_208,4.044469505434129
0,kcat_209,4.4898607083599344
1,kcat_209,4.48440740927134
2,kcat_209,4.450886908896758
3,kcat_209,4.44030562203893
4,kcat_209,4.438621575930704
5,kcat_209,4.440602709263286
6,kcat_209,4.436006767923275
7,kcat_209,4.433701819103615
8,kcat_209,4.4263972124740505
9,kcat_209,4.431055766699276
10,kcat_209,4.434806083439434
11,kcat_209,4.437706008964735
12,kcat_209,4.4284093607057775
13,kcat_209,4.437351581655648
14,kcat_209,4.443790094572147
15,kcat_209,4.4535671996090205
16,kcat_209,4.453592162790292
17,kcat_209,4.4577439083672505
18,kcat_209,4.454034537599325
19,kcat_209,4.458799036063087
20,kcat_209,4.455819474493448
21,kcat_209,4.45936640250878
22,kcat_209,4.463487436401859
23,kcat_209,4.46882497349784
24,kcat_209,4.473939089236738
25,kcat_209,4.477894116592398
26,kcat_209,4.489080466130735
27,kcat_209,4.483086043082797
28,kcat_209,4.4855310867804485
29,kcat_209,4.491369416426479
30,kcat_209,4.490780307666955
31,kcat_209,4.488699469471357
32,kcat_209,4.487125665624308
33,kcat_209,4.483770705576217
34,kcat_209,4.482628127735597
35,kcat_209,4.480556204715314
36,kcat_209,4.485802427737075
37,kcat_209,4.484393490423737
38,kcat_209,4.478026783899835
39,kcat_209,4.4821515828515945
40,kcat_209,4.484937651144859
41,kcat_209,4.48647830846919
42,kcat_209,4.483592802204017
43,kcat_209,4.492084022152151
44,kcat_209,4.492655733306882
45,kcat_209,4.493899229856167
46,kcat_209,4.499202080921953
47,kcat_209,4.495484290025364
48,kcat_209,4.4825970776624695
49,kcat_209,4.479466831572618
0,kcat_210,3.75592360953314
1,kcat_210,3.748764847881212
2,kcat_210,3.73112555056716
3,kcat_210,3.753971760973891
4,kcat_210,3.7648578227471416
5,kcat_210,3.7739343002515513
6,kcat_210,3.7962478566766578
7,kcat_210,3.809383419798491
8,kcat_210,3.7921743234571625
9,kcat_210,3.7908989125881023
10,kcat_210,3.8048189398488463
11,kcat_210,3.8274038103541383
12,kcat_210,3.8326246519265044
13,kcat_210,3.836327493988676
14,kcat_210,3.839466935545397
15,kcat_210,3.8350042807922624
16,kcat_210,3.833646164548168
17,kcat_210,3.827331096357372
18,kcat_210,3.8289665984513537
19,kcat_210,3.827747390784605
20,kcat_210,3.8192878161280945
21,kcat_210,3.8223484688376
22,kcat_210,3.8275365381751443
23,kcat_210,3.8296446140533282
24,kcat_210,3.8338437255485873
25,kcat_210,3.8316670450915074
26,kcat_210,3.8260186537879872
27,kcat_210,3.8238907689980284
28,kcat_210,3.8196909221548068
29,kcat_210,3.8379974051923647
30,kcat_210,3.842286672978193
31,kcat_210,3.849304306563753
32,kcat_210,3.853479446875236
33,kcat_210,3.8556485545405907
34,kcat_210,3.856848671669014
35,kcat_210,3.8576145643487694
36,kcat_210,3.854172048588784
37,kcat_210,3.8543405081841806
38,kcat_210,3.8528042906711746
39,kcat_210,3.8552852291573037
40,kcat_210,3.8601432794680766
41,kcat_210,3.8546512349505284
42,kcat_210,3.845013114397936
43,kcat_210,3.858063986586477
44,kcat_210,3.8576257954142745
45,kcat_210,3.8580857832954747
46,kcat_210,3.8601980743499316
47,kcat_210,3.85750747961654
48,kcat_210,3.8667224500151907
49,kcat_210,3.8697663293022186
0,kcat_211,4.178074387913113
1,kcat_211,4.179498345998409
2,kcat_211,4.162583807807357
3,kcat_211,4.14514301371199
4,kcat_211,4.146272865868856
5,kcat_211,4.151366965114836
6,kcat_211,4.155313358346749
7,kcat_211,4.12416049663994
8,kcat_211,4.115270671151287
9,kcat_211,4.1243788613178225
10,kcat_211,4.131717621665841
11,kcat_211,4.122746293739578
12,kcat_211,4.131213832270628
13,kcat_211,4.146389441847013
14,kcat_211,4.132675303186979
15,kcat_211,4.125748404521798
16,kcat_211,4.118911090792658
17,kcat_211,4.136666613733376
18,kcat_211,4.1284905379723735
19,kcat_211,4.123729595686063
20,kcat_211,4.117295687030043
21,kcat_211,4.12481556704821
22,kcat_211,4.136681856169715
23,kcat_211,4.142632376627902
24,kcat_211,4.147551823583152
25,kcat_211,4.148677076883961
26,kcat_211,4.16336839702808
27,kcat_211,4.1649668564983715
28,kcat_211,4.164422262812051
29,kcat_211,4.154772589048823
30,kcat_211,4.137693587397663
31,kcat_211,4.140372446664991
32,kcat_211,4.149520599768067
33,kcat_211,4.14774108947355
34,kcat_211,4.146945558941269
35,kcat_211,4.144305834846795
36,kcat_211,4.134191118449358
37,kcat_211,4.135892795501057
38,kcat_211,4.137163007965981
39,kcat_211,4.136349570584502
40,kcat_211,4.133020162940034
41,kcat_211,4.134081866211999
42,kcat_211,4.131281607932528
43,kcat_211,4.130073558124541
44,kcat_211,4.127108482252057
45,kcat_211,4.130735404895209
46,kcat_211,4.121688008393248
47,kcat_211,4.122912752054342
48,kcat_211,4.128389436268204
49,kcat_211,4.1339301913814
0,kcat_212,4.68546766557716
1,kcat_212,4.699416561953318
2,kcat_212,4.680869106195354
3,kcat_212,4.692070878841469
4,kcat_212,4.709695013120094
5,kcat_212,4.7005241193464995
6,kcat_212,4.701896368041312
7,kcat_212,4.677979564404346
8,kcat_212,4.642976811675185
9,kcat_212,4.633198733660211
10,kcat_212,4.624725552005565
11,kcat_212,4.627189002860258
12,kcat_212,4.629153452860042
13,kcat_212,4.635400586755712
14,kcat_212,4.626515085580027
15,kcat_212,4.623665166142592
16,kcat_212,4.629523685381746
17,kcat_212,4.6401125929605325
18,kcat_212,4.6473774570197195
19,kcat_212,4.641746565150184
20,kcat_212,4.649307442359228
21,kcat_212,4.640606577015823
22,kcat_212,4.645519175120494
23,kcat_212,4.646793131541538
24,kcat_212,4.6482169034073735
25,kcat_212,4.653286964913835
26,kcat_212,4.645772804645849
27,kcat_212,4.6466110388582536
28,kcat_212,4.644602888175254
29,kcat_212,4.655178026623871
30,kcat_212,4.658914432189827
31,kcat_212,4.658533970472011
32,kcat_212,4.663302264172436
33,kcat_212,4.656133519981009
34,kcat_212,4.64995355349091
35,kcat_212,4.650507581142403
36,kcat_212,4.6464168228805125
37,kcat_212,4.645480039677857
38,kcat_212,4.647896445438047
39,kcat_212,4.648855200696602
40,kcat_212,4.648463398625664
41,kcat_212,4.642983488999245
42,kcat_212,4.643791502075681
43,kcat_212,4.632015753436035
44,kcat_212,4.638088727540697
45,kcat_212,4.635916836077154
46,kcat_212,4.632560308995858
47,kcat_212,4.631434672370157
48,kcat_212,4.63432983215079
49,kcat_212,4.633329365179201
0,kcat_213,4.179874563110944
1,kcat_213,4.181969762408497
2,kcat_213,4.174730233973404
3,kcat_213,4.181911644545015
4,kcat_213,4.183669738663681
5,kcat_213,4.1634743340710685
6,kcat_213,4.1683967953732
7,kcat_213,4.180900290144854
8,kcat_213,4.175695921679331
9,kcat_213,4.178863983950888
10,kcat_213,4.181499999059145
11,kcat_213,4.17849166014141
12,kcat_213,4.191024218231232
13,kcat_213,4.198870724022556
14,kcat_213,4.197654339352959
15,kcat_213,4.192451951651084
16,kcat_213,4.191631866989175
17,kcat_213,4.1956100377547925
18,kcat_213,4.197018063991646
19,kcat_213,4.205805937107275
20,kcat_213,4.212354622103756
21,kcat_213,4.226273640489396
22,kcat_213,4.231024454114358
23,kcat_213,4.230147637124268
24,kcat_213,4.233851659838063
25,kcat_213,4.234881748061172
26,kcat_213,4.227628535269322
27,kcat_213,4.230310998460802
28,kcat_213,4.237210334479112
29,kcat_213,4.231467522774512
30,kcat_213,4.219695673497111
31,kcat_213,4.225035940724023
32,kcat_213,4.2271734197535515
33,kcat_213,4.228097886526412
34,kcat_213,4.236139814833201
35,kcat_213,4.237964502758997
36,kcat_213,4.2320234510650065
37,kcat_213,4.229434612421295
38,kcat_213,4.232497038558854
39,kcat_213,4.235059116107674
40,kcat_213,4.2255326268297715
41,kcat_213,4.226537259164156
42,kcat_213,4.2292038509704355
43,kcat_213,4.232410694174397
44,kcat_213,4.236154887136823
45,kcat_213,4.231870964765906
46,kcat_213,4.225734668054825
47,kcat_213,4.22648334085579
48,kcat_213,4.21643311919313
49,kcat_213,4.215774201728208
0,kcat_214,4.5404646507047035
1,kcat_214,4.543024113667001
2,kcat_214,4.541182352085332
3,kcat_214,4.534442361653894
4,kcat_214,4.540030896427661
5,kcat_214,4.52785853424895
6,kcat_214,4.504244164987496
7,kcat_214,4.476776338995655
8,kcat_214,4.501025391022007
9,kcat_214,4.511983913644439
10,kcat_214,4.504084766062338
11,kcat_214,4.49760355578524
12,kcat_214,4.492739510224437
13,kcat_214,4.495064143093059
14,kcat_214,4.488548568473699
15,kcat_214,4.495719337002362
16,kcat_214,4.499655111061992
17,kcat_214,4.508273514887963
18,kcat_214,4.512221076290213
19,kcat_214,4.509040594920643
20,kcat_214,4.526828243637912
21,kcat_214,4.527305317489985
22,kcat_214,4.5237138591535615
23,kcat_214,4.517909647246935
24,kcat_214,4.52105673685841
25,kcat_214,4.514504428339047
26,kcat_214,4.506464931468685
27,kcat_214,4.513935179181202
28,kcat_214,4.511051727511244
29,kcat_214,4.51386785252795
30,kcat_214,4.518597975543215
31,kcat_214,4.51923523667962
32,kcat_214,4.52888722121066
33,kcat_214,4.5297223660752435
34,kcat_214,4.523071209796625
35,kcat_214,4.515738486172644
36,kcat_214,4.527782498379019
37,kcat_214,4.5263718479257085
38,kcat_214,4.527108152148904
39,kcat_214,4.5230802934956165
40,kcat_214,4.521302263351507
41,kcat_214,4.520914667099716
42,kcat_214,4.5255371651329215
43,kcat_214,4.52638701715543
44,kcat_214,4.524256162298152
45,kcat_214,4.525316283632847
46,kcat_214,4.5237245015452165
47,kcat_214,4.523172320463494
48,kcat_214,4.516546752802707
49,kcat_214,4.51401775572424
0,kcat_215,4.87471769191575
1,kcat_215,4.864488704284968
2,kcat_215,4.883773432889756
3,kcat_215,4.857666274377871
4,kcat_215,4.861595283082424
5,kcat_215,4.835701210468284
6,kcat_215,4.832110205892529
7,kcat_215,4.830289739322462
8,kcat_215,4.788252405587099
9,kcat_215,4.781570050647843
10,kcat_215,4.768335565573702
11,kcat_215,4.766805298207613
12,kcat_215,4.761940780762173
13,kcat_215,4.7609709159128935
14,kcat_215,4.775806965838817
15,kcat_215,4.7630095166280375
16,kcat_215,4.755187530309883
17,kcat_215,4.748050585239955
18,kcat_215,4.7586676140763595
19,kcat_215,4.760482147018638
20,kcat_215,4.783058246593073
21,kcat_215,4.789715372591126
22,kcat_215,4.781045050691012
23,kcat_215,4.78096404124731
24,kcat_215,4.781325906734262
25,kcat_215,4.781942787137848
26,kcat_215,4.781008181885878
27,kcat_215,4.783981968729125
28,kcat_215,4.78520193047659
29,kcat_215,4.786166330260276
30,kcat_215,4.785009629836927
31,kcat_215,4.783194508524359
32,kcat_215,4.774171442089714
33,kcat_215,4.767837439796366
34,kcat_215,4.759595384364428
35,kcat_215,4.755795816451489
36,kcat_215,4.751397272405073
37,kcat_215,4.747054929612962
38,kcat_215,4.750023247678533
39,kcat_215,4.750182469188506
40,kcat_215,4.746821016479991
41,kcat_215,4.749298236979902
42,kcat_215,4.751343535824168
43,kcat_215,4.756511148969875
44,kcat_215,4.753899776441278
45,kcat_215,4.75535753606949
46,kcat_215,4.753755668003165
47,kcat_215,4.756871666151046
48,kcat_215,4.753060800001493
49,kcat_215,4.75473670306106
0,kcat_216,4.790388868885937
1,kcat_216,4.805047203791041
2,kcat_216,4.806945474355377
3,kcat_216,4.8092674936152005
4,kcat_216,4.820248312213667
5,kcat_216,4.789758404006013
6,kcat_216,4.785128637551078
7,kcat_216,4.7873171912409545
8,kcat_216,4.78110854830278
9,kcat_216,4.780578443536436
10,kcat_216,4.767045214748265
11,kcat_216,4.764330892955707
12,kcat_216,4.772319752364639
13,kcat_216,4.765084025580056
14,kcat_216,4.753707799418659
15,kcat_216,4.774780363977786
16,kcat_216,4.777150577543906
17,kcat_216,4.783441167832466
18,kcat_216,4.780981809971545
19,kcat_216,4.77808465591891
20,kcat_216,4.758743620573502
21,kcat_216,4.761897620761681
22,kcat_216,4.763459996615645
23,kcat_216,4.762811772910798
24,kcat_216,4.762077907757796
25,kcat_216,4.758716803939243
26,kcat_216,4.753873645368697
27,kcat_216,4.748424625443945
28,kcat_216,4.7454464978695565
29,kcat_216,4.752898330419835
30,kcat_216,4.758629800079865
31,kcat_216,4.7568031521532905
32,kcat_216,4.7643496755720625
33,kcat_216,4.7732614558919595
34,kcat_216,4.771756304659442
35,kcat_216,4.770861996793593
36,kcat_216,4.769150637674038
37,kcat_216,4.767819593009104
38,kcat_216,4.754847932095329
39,kcat_216,4.7530243146040085
40,kcat_216,4.749721300706034
41,kcat_216,4.750026127645205
42,kcat_216,4.752124186294357
43,kcat_216,4.7408233606981955
44,kcat_216,4.741544123399211
45,kcat_216,4.744899937614122
46,kcat_216,4.745667329922065
47,kcat_216,4.75405689725029
48,kcat_216,4.758122663880168
49,kcat_216,4.7557631792902475
0,kcat_217,4.364345399084034
1,kcat_217,4.368293880117517
2,kcat_217,4.406897422134877
3,kcat_217,4.412536519181811
4,kcat_217,4.438526524818089
5,kcat_217,4.439483959380744
6,kcat_217,4.432752805343697
7,kcat_217,4.4166180015617025
8,kcat_217,4.400751850253943
9,kcat_217,4.3958323108805475
10,kcat_217,4.413611343582503
11,kcat_217,4.410074500641184
12,kcat_217,4.41338706916608
13,kcat_217,4.415101946597727
14,kcat_217,4.410958413419707
15,kcat_217,4.413097365134608
16,kcat_217,4.405764953102028
17,kcat_217,4.403233581820934
18,kcat_217,4.395558754519567
19,kcat_217,4.39982102929344
20,kcat_217,4.414545570730498
21,kcat_217,4.407148680246848
22,kcat_217,4.399255992030886
23,kcat_217,4.40074571731628
24,kcat_217,4.404978874162512
25,kcat_217,4.406548009304083
26,kcat_217,4.391723511273131
27,kcat_217,4.387077598372079
28,kcat_217,4.389352484510757
29,kcat_217,4.388860039850111
30,kcat_217,4.39096155851224
31,kcat_217,4.3863531940852605
32,kcat_217,4.394078363221472
33,kcat_217,4.392246189190174
34,kcat_217,4.383207452967006
35,kcat_217,4.391202812869218
36,kcat_217,4.399706288252215
37,kcat_217,4.40261305462849
38,kcat_217,4.405337534429309
39,kcat_217,4.393090272978119
40,kcat_217,4.401922850889825
41,kcat_217,4.397501933708793
42,kcat_217,4.399532740024648
43,kcat_217,4.397259870504765
44,kcat_217,4.394467335626665
45,kcat_217,4.387966817262843
46,kcat_217,4.38082158173947
47,kcat_217,4.37949631199967
48,kcat_217,4.3808775515419995
49,kcat_217,4.383039385728664
0,kcat_218,4.2905670174460955
1,kcat_218,4.279880144367536
2,kcat_218,4.273000348605219
3,kcat_218,4.271607033848158
4,kcat_218,4.2586430118713885
5,kcat_218,4.259377759379387
6,kcat_218,4.2593283726058715
7,kcat_218,4.272781596969682
8,kcat_218,4.290359450627646
9,kcat_218,4.297161942546793
10,kcat_218,4.292534838844332
11,kcat_218,4.290730653741692
12,kcat_218,4.300094410922312
13,kcat_218,4.310860293629151
14,kcat_218,4.306710798937088
15,kcat_218,4.315887867025119
16,kcat_218,4.314463739641045
17,kcat_218,4.319979838711711
18,kcat_218,4.320434406975399
19,kcat_218,4.315068949898033
20,kcat_218,4.31018165130985
21,kcat_218,4.31461435360392
22,kcat_218,4.315084369131317
23,kcat_218,4.3085881935591255
24,kcat_218,4.308816327042423
25,kcat_218,4.306196262241262
26,kcat_218,4.29959889749797
27,kcat_218,4.296183655607188
28,kcat_218,4.298093640646056
29,kcat_218,4.292110358711916
30,kcat_218,4.304815909202258
31,kcat_218,4.3001727053554
32,kcat_218,4.2966908409429045
33,kcat_218,4.297651760074294
34,kcat_218,4.308227382866779
35,kcat_218,4.3128463016022405
36,kcat_218,4.316717847421727
37,kcat_218,4.319580797707442
38,kcat_218,4.315240276492292
39,kcat_218,4.313979121210082
40,kcat_218,4.3197105135843845
41,kcat_218,4.3213057273804365
42,kcat_218,4.317037879116202
43,kcat_218,4.32580194102725
44,kcat_218,4.331050059359378
45,kcat_218,4.334661119756749
46,kcat_218,4.331775697606294
47,kcat_218,4.333893390200484
48,kcat_218,4.327069691399286
49,kcat_218,4.326134631666131
0,kcat_219,4.185404765440096
1,kcat_219,4.181835299410481
2,kcat_219,4.190350445377094
3,kcat_219,4.188759494083895
4,kcat_219,4.182239937661392
5,kcat_219,4.1985044474986895
6,kcat_219,4.207482603486965
7,kcat_219,4.207872465193978
8,kcat_219,4.223625447041725
9,kcat_219,4.221163722212856
10,kcat_219,4.221159921642361
11,kcat_219,4.225106041980018
12,kcat_219,4.234466761327046
13,kcat_219,4.2443630779419195
14,kcat_219,4.237858026680862
15,kcat_219,4.226616057232547
16,kcat_219,4.216942744613948
17,kcat_219,4.2187177100482085
18,kcat_219,4.214767542726711
19,kcat_219,4.2214516006891305
20,kcat_219,4.216963089720983
21,kcat_219,4.22353123894295
22,kcat_219,4.207527306100936
23,kcat_219,4.207957372245246
24,kcat_219,4.197235432254606
25,kcat_219,4.201826518692763
26,kcat_219,4.209420239050615
27,kcat_219,4.215477600980623
28,kcat_219,4.217254350351951
29,kcat_219,4.209268093272038
30,kcat_219,4.206025123816051
31,kcat_219,4.2089451981122235
32,kcat_219,4.214248036856198
33,kcat_219,4.211823113059768
34,kcat_219,4.215013816521222
35,kcat_219,4.224332633419109
36,kcat_219,4.221318917194907
37,kcat_219,4.226874554004009
38,kcat_219,4.2313491196775255
39,kcat_219,4.228468809711386
40,kcat_219,4.230908694532235
41,kcat_219,4.234228921929159
42,kcat_219,4.2297468693463705
43,kcat_219,4.224515281227953
44,kcat_219,4.230351341205417
45,kcat_219,4.2348036269400025
46,kcat_219,4.242212270471912
47,kcat_219,4.2382058174901855
48,kcat_219,4.229617114113219
49,kcat_219,4.22755187604712
0,kcat_220,4.226675919968682
1,kcat_220,4.228129266053719
2,kcat_220,4.237024460664983
3,kcat_220,4.215269975845748
4,kcat_220,4.202377079016168
5,kcat_220,4.210665704397799
6,kcat_220,4.209421288505202
7,kcat_220,4.208431929908599
8,kcat_220,4.225133265196016
9,kcat_220,4.225352855893364
10,kcat_220,4.224503733016606
11,kcat_220,4.220301989807322
12,kcat_220,4.212934706692774
13,kcat_220,4.225340130237424
14,kcat_220,4.238243029019978
15,kcat_220,4.244288973454153
16,kcat_220,4.250928701140988
17,kcat_220,4.242003070339522
18,kcat_220,4.2427273837507125
19,kcat_220,4.241661042383076
20,kcat_220,4.24824293589948
21,kcat_220,4.252571921826736
22,kcat_220,4.246509915282277
23,kcat_220,4.253340512659938
24,kcat_220,4.248849043013791
25,kcat_220,4.257690684483492
26,kcat_220,4.256362904774927
27,kcat_220,4.254674709031326
28,kcat_220,4.251376126840725
29,kcat_220,4.261577999484601
30,kcat_220,4.265237498368927
31,kcat_220,4.261640017085117
32,kcat_220,4.266978534021582
33,kcat_220,4.2689263024256325
34,kcat_220,4.2638078276866995
35,kcat_220,4.258449082133024
36,kcat_220,4.256944940596275
37,kcat_220,4.256143339155719
38,kcat_220,4.248704716554665
39,kcat_220,4.247374425854088
40,kcat_220,4.24065426904431
41,kcat_220,4.237956769243096
42,kcat_220,4.235126853956534
43,kcat_220,4.237681101937695
44,kcat_220,4.237156151559445
45,kcat_220,4.237858674135776
46,kcat_220,4.230996666720142
47,kcat_220,4.228955217316982
48,kcat_220,4.224063611691547
49,kcat_220,4.222413803854511
0,kcat_221,4.2575546338680335
1,kcat_221,4.263047679555186
2,kcat_221,4.267579918127021
3,kcat_221,4.278251501379923
4,kcat_221,4.2791291044802025
5,kcat_221,4.273826051657784
6,kcat_221,4.271734634405744
7,kcat_221,4.262825333848776
8,kcat_221,4.271200728169555
9,kcat_221,4.276073328205944
10,kcat_221,4.287964963513339
11,kcat_221,4.287214929319742
12,kcat_221,4.283555655066965
13,kcat_221,4.288460554422483
14,kcat_221,4.30221713531713
15,kcat_221,4.2915154350798765
16,kcat_221,4.3022376678598295
17,kcat_221,4.304734332756999
18,kcat_221,4.309781846415401
19,kcat_221,4.30957696308688
20,kcat_221,4.295503969014821
21,kcat_221,4.300863950358002
22,kcat_221,4.308636525139082
23,kcat_221,4.306946662186433
24,kcat_221,4.304660976931926
25,kcat_221,4.299806527124293
26,kcat_221,4.297710413091542
27,kcat_221,4.292939800139225
28,kcat_221,4.299255060701568
29,kcat_221,4.302527442922835
30,kcat_221,4.292768567765681
31,kcat_221,4.2935336339491394
32,kcat_221,4.2946030161535145
33,kcat_221,4.295493171837122
34,kcat_221,4.288352137657824
35,kcat_221,4.283163682197741
36,kcat_221,4.285723156730113
37,kcat_221,4.286095949579705
38,kcat_221,4.288883890355775
39,kcat_221,4.292435722890029
40,kcat_221,4.297874182537346
41,kcat_221,4.2932310440622885
42,kcat_221,4.295624951154654
43,kcat_221,4.298734946453471
44,kcat_221,4.295706638873963
45,kcat_221,4.29356403214885
46,kcat_221,4.31074687116661
47,kcat_221,4.316594765977904
48,kcat_221,4.311390100051509
49,kcat_221,4.314628442053644
0,kcat_222,4.692648480118415
1,kcat_222,4.696333439965846
2,kcat_222,4.728953174157496
3,kcat_222,4.753954692743077
4,kcat_222,4.744209801634908
5,kcat_222,4.745230120923302
6,kcat_222,4.74870184821419
7,kcat_222,4.736867881871165
8,kcat_222,4.749159249681472
9,kcat_222,4.7537572613095564
10,kcat_222,4.747248009552537
11,kcat_222,4.750737704422992
12,kcat_222,4.745284051449917
13,kcat_222,4.746154823633675
14,kcat_222,4.760284200041634
15,kcat_222,4.747098711165549
16,kcat_222,4.7464744013065925
17,kcat_222,4.738259648840886
18,kcat_222,4.7306136574590125
19,kcat_222,4.741835238084738
20,kcat_222,4.742301752759234
21,kcat_222,4.734427436237455
22,kcat_222,4.720988837637184
23,kcat_222,4.718252318934992
24,kcat_222,4.721234974568291
25,kcat_222,4.721527021906743
26,kcat_222,4.721290826637179
27,kcat_222,4.723387335082522
28,kcat_222,4.718530279004736
29,kcat_222,4.724935068623797
30,kcat_222,4.732534583708609
31,kcat_222,4.737278404179781
32,kcat_222,4.739285900671815
33,kcat_222,4.7332677318446255
34,kcat_222,4.739172636771639
35,kcat_222,4.735967889892994
36,kcat_222,4.7291095714563545
37,kcat_222,4.72802528180973
38,kcat_222,4.734296860553786
39,kcat_222,4.735798370009101
40,kcat_222,4.745837563588651
41,kcat_222,4.743802007024064
42,kcat_222,4.742669056112103
43,kcat_222,4.746553230273742
44,kcat_222,4.745180058266327
45,kcat_222,4.749260640260969
46,kcat_222,4.737729129418221
47,kcat_222,4.73099765646996
48,kcat_222,4.735772885987764
49,kcat_222,4.735194819602142
0,kcat_223,4.53130860663597
1,kcat_223,4.52755429257398
2,kcat_223,4.521533261063371
3,kcat_223,4.541596667275957
4,kcat_223,4.559486372293954
5,kcat_223,4.565379581257449
6,kcat_223,4.58006892891208
7,kcat_223,4.554863805668736
8,kcat_223,4.553055613285739
9,kcat_223,4.559212844178226
10,kcat_223,4.5669334783957956
11,kcat_223,4.576681638754731
12,kcat_223,4.5785380103235935
13,kcat_223,4.5837247976088955
14,kcat_223,4.596934804986913
15,kcat_223,4.575680198056468
16,kcat_223,4.574355743863377
17,kcat_223,4.574570023390629
18,kcat_223,4.575022916132169
19,kcat_223,4.570647005374613
20,kcat_223,4.571331121983263
21,kcat_223,4.562530076390856
22,kcat_223,4.573997175751695
23,kcat_223,4.576027864381665
24,kcat_223,4.5787309776240255
25,kcat_223,4.57463638420089
26,kcat_223,4.574259448290362
27,kcat_223,4.571806113320743
28,kcat_223,4.5739949406421125
29,kcat_223,4.569694794660442
30,kcat_223,4.573125051428236
31,kcat_223,4.56965195971314
32,kcat_223,4.562598346474448
33,kcat_223,4.562625112689109
34,kcat_223,4.561159700734602
35,kcat_223,4.567986582186744
36,kcat_223,4.575875145534451
37,kcat_223,4.5811634050391055
38,kcat_223,4.592151278123996
39,kcat_223,4.596452233751196
40,kcat_223,4.60353337504612
41,kcat_223,4.610062173304751
42,kcat_223,4.608951180102874
43,kcat_223,4.616563685122796
44,kcat_223,4.622181415751762
45,kcat_223,4.619749406066929
46,kcat_223,4.622724567945137
47,kcat_223,4.625169958704364
48,kcat_223,4.6301771979651125
49,kcat_223,4.6324791637979645
0,kcat_224,4.153811488894065
1,kcat_224,4.155043723943797
2,kcat_224,4.158695102193764
3,kcat_224,4.170775222160939
4,kcat_224,4.175659176445613
5,kcat_224,4.170052181406115
6,kcat_224,4.174292375140847
7,kcat_224,4.174803728081163
8,kcat_224,4.207210728969859
9,kcat_224,4.21650618751902
10,kcat_224,4.2104462843586905
11,kcat_224,4.204738763890974
12,kcat_224,4.210716717483624
13,kcat_224,4.208839166731907
14,kcat_224,4.225317044516489
15,kcat_224,4.226141320936245
16,kcat_224,4.231491589333595
17,kcat_224,4.235680881326771
18,kcat_224,4.235234436757497
19,kcat_224,4.238464533368463
20,kcat_224,4.207296892336722
21,kcat_224,4.207603373282487
22,kcat_224,4.198809846062722
23,kcat_224,4.198867194959032
24,kcat_224,4.197520940405765
25,kcat_224,4.20394173731929
26,kcat_224,4.208439762404937
27,kcat_224,4.207943204218346
28,kcat_224,4.201787000258593
29,kcat_224,4.19351355939739
30,kcat_224,4.1991731778786265
31,kcat_224,4.201768033318297
32,kcat_224,4.207060723047009
33,kcat_224,4.209110941609445
34,kcat_224,4.212998600927357
35,kcat_224,4.210699341882025
36,kcat_224,4.2120663934615274
37,kcat_224,4.213094481638827
38,kcat_224,4.222659717512165
39,kcat_224,4.224294833218454
40,kcat_224,4.218890375277532
41,kcat_224,4.217199745747116
42,kcat_224,4.215393186650324
43,kcat_224,4.225335339717649
44,kcat_224,4.226664821938237
45,kcat_224,4.225082713392295
46,kcat_224,4.2221120429563115
47,kcat_224,4.219346582612863
48,kcat_224,4.219178806404005
49,kcat_224,4.218302320543504
0,kcat_225,3.7618594185921377
1,kcat_225,3.749435114744929
2,kcat_225,3.7135476739756457
3,kcat_225,3.7088629088169345
4,kcat_225,3.7142603138758874
5,kcat_225,3.710770705012629
6,kcat_225,3.711873990289386
7,kcat_225,3.729291693176005
8,kcat_225,3.75236110812277
9,kcat_225,3.742804774588759
10,kcat_225,3.744875197458721
11,kcat_225,3.748607641239824
12,kcat_225,3.761842824138423
13,kcat_225,3.7718359744000107
14,kcat_225,3.7873114803549512
15,kcat_225,3.7919308700667727
16,kcat_225,3.7977275341597876
17,kcat_225,3.790891501694313
18,kcat_225,3.7964207684729576
19,kcat_225,3.7921628536821057
20,kcat_225,3.8079404946423083
21,kcat_225,3.8044715145152903
22,kcat_225,3.8028187702409046
23,kcat_225,3.8085392617950413
24,kcat_225,3.8035551387702893
25,kcat_225,3.801523614874118
26,kcat_225,3.795763007549115
27,kcat_225,3.804967473443739
28,kcat_225,3.8063018434800986
29,kcat_225,3.8042573072597934
30,kcat_225,3.801233971735919
31,kcat_225,3.8020164855091965
32,kcat_225,3.8064752013737246
33,kcat_225,3.8092815186021087
34,kcat_225,3.800460346056976
35,kcat_225,3.8021392083025125
36,kcat_225,3.8046716012755173
37,kcat_225,3.7983686947798123
38,kcat_225,3.795866701912085
39,kcat_225,3.797064893230261
40,kcat_225,3.8018434395606535
41,kcat_225,3.807826931576489
42,kcat_225,3.8065885839878715
43,kcat_225,3.8150428098755476
44,kcat_225,3.8087413153204808
45,kcat_225,3.8084808814790825
46,kcat_225,3.8212253254306603
47,kcat_225,3.819527936777885
48,kcat_225,3.8183169105263857
49,kcat_225,3.8202627644882203
0,kcat_226,4.814971537813393
1,kcat_226,4.8004657763144785
2,kcat_226,4.776361562234069
3,kcat_226,4.770914354518609
4,kcat_226,4.7916130304343065
5,kcat_226,4.780289991207185
6,kcat_226,4.781430583880118
7,kcat_226,4.77812858260614
8,kcat_226,4.761037928952473
9,kcat_226,4.758679393898695
10,kcat_226,4.756909275155575
11,kcat_226,4.738909681095712
12,kcat_226,4.7371013496774905
13,kcat_226,4.732544552130664
14,kcat_226,4.711892610687463
15,kcat_226,4.713591488127035
16,kcat_226,4.7057004841104915
17,kcat_226,4.69959819609121
18,kcat_226,4.708443001595007
19,kcat_226,4.711130095678189
20,kcat_226,4.71556777857137
21,kcat_226,4.7122887735511965
22,kcat_226,4.712851998700164
23,kcat_226,4.7156688024959035
24,kcat_226,4.724519708447191
25,kcat_226,4.726751886103753
26,kcat_226,4.731445837895871
27,kcat_226,4.7297792195339685
28,kcat_226,4.73233159085494
29,kcat_226,4.736298525420147
30,kcat_226,4.737786156774249
31,kcat_226,4.737948192586027
32,kcat_226,4.729843703549321
33,kcat_226,4.731412329038759
34,kcat_226,4.726728296397948
35,kcat_226,4.717288110077849
36,kcat_226,4.707039632673187
37,kcat_226,4.707588401355926
38,kcat_226,4.714540516669108
39,kcat_226,4.709053775360141
40,kcat_226,4.697126439225138
41,kcat_226,4.698792925699963
42,kcat_226,4.706394125518293
43,kcat_226,4.713210195171695
44,kcat_226,4.714251076638637
45,kcat_226,4.714626076066883
46,kcat_226,4.7148114706009485
47,kcat_226,4.713102450210734
48,kcat_226,4.702935136278424
49,kcat_226,4.701196795366965
0,kcat_227,4.31887627683449
1,kcat_227,4.334767386245628
2,kcat_227,4.322970737721648
3,kcat_227,4.353133693920037
4,kcat_227,4.3712216409141
5,kcat_227,4.382845764531745
6,kcat_227,4.380404869930005
7,kcat_227,4.3675450808168135
8,kcat_227,4.339565646214945
9,kcat_227,4.326391702893881
10,kcat_227,4.3165186948957635
11,kcat_227,4.322973154795445
12,kcat_227,4.3283808029887165
13,kcat_227,4.329278669264917
14,kcat_227,4.327533555926478
15,kcat_227,4.321714506824472
16,kcat_227,4.3176203688563435
17,kcat_227,4.310917317842913
18,kcat_227,4.311309704205832
19,kcat_227,4.314675508056179
20,kcat_227,4.304531300745247
21,kcat_227,4.302893294687338
22,kcat_227,4.303439788743592
23,kcat_227,4.306321648619134
24,kcat_227,4.316255850335571
25,kcat_227,4.313443600945593
26,kcat_227,4.31952575106419
27,kcat_227,4.314483378386907
28,kcat_227,4.3132418125424286
29,kcat_227,4.309142800743389
30,kcat_227,4.305462122667571
31,kcat_227,4.298712046268237
32,kcat_227,4.282165760627962
33,kcat_227,4.286817402580218
34,kcat_227,4.291536569213736
35,kcat_227,4.285738586515519
36,kcat_227,4.288453536653053
37,kcat_227,4.292558299047599
38,kcat_227,4.292135026459162
39,kcat_227,4.295729865617875
40,kcat_227,4.278630724484372
41,kcat_227,4.276880628428363
42,kcat_227,4.287385695006248
43,kcat_227,4.288988164451472
44,kcat_227,4.279265314194411
45,kcat_227,4.28155490280651
46,kcat_227,4.287590245374145
47,kcat_227,4.285378896981055
48,kcat_227,4.294439489949772
49,kcat_227,4.293496831363855
0,kcat_228,5.01224115887229
1,kcat_228,5.006686720407506
2,kcat_228,5.018566891623684
3,kcat_228,5.001593456984995
4,kcat_228,5.016204310566694
5,kcat_228,4.992043162260243
6,kcat_228,4.992337989150373
7,kcat_228,4.965380217208646
8,kcat_228,4.969625556625548
9,kcat_228,4.9710586827817975
10,kcat_228,4.9785271581818815
11,kcat_228,4.9745821642703305
12,kcat_228,4.970071787361287
13,kcat_228,4.9737412153603975
14,kcat_228,4.982966866054948
15,kcat_228,5.002900441177598
16,kcat_228,5.000681058912372
17,kcat_228,5.011578215706316
18,kcat_228,5.024270731801384
19,kcat_228,5.029510486960591
20,kcat_228,5.031117216147279
21,kcat_228,5.032023863328483
22,kcat_228,5.027481701223287
23,kcat_228,5.031480514628316
24,kcat_228,5.037345701842344
25,kcat_228,5.0390551845072356
26,kcat_228,5.025645645455696
27,kcat_228,5.014447190732551
28,kcat_228,5.008222667914583
29,kcat_228,5.00898777903354
30,kcat_228,4.997716213405452
31,kcat_228,4.997881949043582
32,kcat_228,4.989136414113751
33,kcat_228,4.981025162196976
34,kcat_228,4.982344352689266
35,kcat_228,4.983046215793333
36,kcat_228,4.979213082454914
37,kcat_228,4.980855623832456
38,kcat_228,4.987869888307738
39,kcat_228,4.994964572490126
40,kcat_228,4.998276564963364
41,kcat_228,4.996511948337804
42,kcat_228,4.9996686549711455
43,kcat_228,5.00622510709161
44,kcat_228,5.006621160789035
45,kcat_228,5.000529397504879
46,kcat_228,4.99151186694551
47,kcat_228,4.995113582329415
48,kcat_228,4.994549934628741
49,kcat_228,4.9965345355654955
0,kcat_229,4.591528096076877
1,kcat_229,4.563486786087078
2,kcat_229,4.559490358077063
3,kcat_229,4.540623412945047
4,kcat_229,4.50697891024151
5,kcat_229,4.481898822666313
6,kcat_229,4.483191508253642
7,kcat_229,4.47028191702567
8,kcat_229,4.456020817591251
9,kcat_229,4.457898752683059
10,kcat_229,4.463248633949929
11,kcat_229,4.453792178816325
12,kcat_229,4.4584355461085075
13,kcat_229,4.457015119069338
14,kcat_229,4.4513403404007335
15,kcat_229,4.462855493785681
16,kcat_229,4.459965373864335
17,kcat_229,4.463741006598906
18,kcat_229,4.459309185381245
19,kcat_229,4.4554699384787515
20,kcat_229,4.45394101286719
21,kcat_229,4.467909960056232
22,kcat_229,4.45904788605234
23,kcat_229,4.464296108860309
24,kcat_229,4.46349360290719
25,kcat_229,4.462494356761959
26,kcat_229,4.469444424587802
27,kcat_229,4.463859559975016
28,kcat_229,4.463418743225693
29,kcat_229,4.460828876984849
30,kcat_229,4.469296554140908
31,kcat_229,4.467846472760348
32,kcat_229,4.469698513600256
33,kcat_229,4.472464703435442
34,kcat_229,4.466141468308832
35,kcat_229,4.466848914539725
36,kcat_229,4.471610477814085
37,kcat_229,4.466456810375668
38,kcat_229,4.458382976921078
39,kcat_229,4.459924156492802
40,kcat_229,4.466253119424877
41,kcat_229,4.471088394295741
42,kcat_229,4.480198360294532
43,kcat_229,4.475287647907445
44,kcat_229,4.477175980540046
45,kcat_229,4.472515407393062
46,kcat_229,4.476269269915445
47,kcat_229,4.475004016414748
48,kcat_229,4.4821329003365955
49,kcat_229,4.486478989489567
0,kcat_230,4.932574256659697
1,kcat_230,4.927373632165252
2,kcat_230,4.907394845050125
3,kcat_230,4.913086423010607
4,kcat_230,4.912429964554961
5,kcat_230,4.9082853382624
6,kcat_230,4.913173250246762
7,kcat_230,4.905623223491902
8,kcat_230,4.885618225273824
9,kcat_230,4.883886702449657
10,kcat_230,4.885073176803064
11,kcat_230,4.896317807327845
12,kcat_230,4.906554148160466
13,kcat_230,4.914078393307588
14,kcat_230,4.921080242833249
15,kcat_230,4.908836451524479
16,kcat_230,4.9021411420529315
17,kcat_230,4.907248781922291
18,kcat_230,4.901090896360035
19,kcat_230,4.901583916125746
20,kcat_230,4.926293533457507
21,kcat_230,4.926545257438127
22,kcat_230,4.930923056871691
23,kcat_230,4.92971543116999
24,kcat_230,4.943117256447334
25,kcat_230,4.936026859146446
26,kcat_230,4.936523137295232
27,kcat_230,4.93530346601263
28,kcat_230,4.933662939494096
29,kcat_230,4.93141373648792
30,kcat_230,4.937212817496204
31,kcat_230,4.928121029383774
32,kcat_230,4.9241004757727485
33,kcat_230,4.924962908999023
34,kcat_230,4.9277110776838455
35,kcat_230,4.929505181138167
36,kcat_230,4.938183531151457
37,kcat_230,4.936843152024727
38,kcat_230,4.9452657526982415
39,kcat_230,4.945750926333799
40,kcat_230,4.947831842230383
41,kcat_230,4.951427029441698
42,kcat_230,4.953422569575696
43,kcat_230,4.951193765610487
44,kcat_230,4.952435593475576
45,kcat_230,4.952587696852993
46,kcat_230,4.9570336252179
47,kcat_230,4.954105210873139
48,kcat_230,4.955131161945642
49,kcat_230,4.95635608875877
0,kcat_231,4.542695131332774
1,kcat_231,4.541960912924623
2,kcat_231,4.537578421613848
3,kcat_231,4.527620698687425
4,kcat_231,4.5247535881090934
5,kcat_231,4.517216999532057
6,kcat_231,4.495376108062772
7,kcat_231,4.498405256732029
8,kcat_231,4.482549341350407
9,kcat_231,4.484829897407556
10,kcat_231,4.478310976447467
11,kcat_231,4.4774375817745735
12,kcat_231,4.473197620763455
13,kcat_231,4.459847732953328
14,kcat_231,4.4541304452434165
15,kcat_231,4.477696238995667
16,kcat_231,4.482696662800427
17,kcat_231,4.484464101703807
18,kcat_231,4.480291882671906
19,kcat_231,4.471293249611745
20,kcat_231,4.487879941595609
21,kcat_231,4.4914187384431585
22,kcat_231,4.487868275087241
23,kcat_231,4.493882325625455
24,kcat_231,4.493483317721822
25,kcat_231,4.49750861851634
26,kcat_231,4.493328005863951
27,kcat_231,4.4979325090228075
28,kcat_231,4.499410737163751
29,kcat_231,4.504729706851963
30,kcat_231,4.52059765199568
31,kcat_231,4.522846865845232
32,kcat_231,4.524844221118723
33,kcat_231,4.514979928364668
34,kcat_231,4.518922092112626
35,kcat_231,4.516472423701602
36,kcat_231,4.5238793566819
37,kcat_231,4.52215829558903
38,kcat_231,4.5157023006192185
39,kcat_231,4.512867103409651
40,kcat_231,4.52260333469547
41,kcat_231,4.52367707738545
42,kcat_231,4.520671683286682
43,kcat_231,4.5188473606781505
44,kcat_231,4.517326823259856
45,kcat_231,4.508406336066178
46,kcat_231,4.4929600808292705
47,kcat_231,4.48449024868083
48,kcat_231,4.484807016964243
49,kcat_231,4.481263823530058
0,kcat_232,4.508314273591613
1,kcat_232,4.50084405474293
2,kcat_232,4.490641180921312
3,kcat_232,4.476195689047703
4,kcat_232,4.492045874084821
5,kcat_232,4.487678582346148
6,kcat_232,4.4811553222997045
7,kcat_232,4.487096926032965
8,kcat_232,4.4866189823582925
9,kcat_232,4.488742784011169
10,kcat_232,4.495259162385532
11,kcat_232,4.490055674360648
12,kcat_232,4.503320358285567
13,kcat_232,4.506677785281729
14,kcat_232,4.5154241446910355
15,kcat_232,4.52160605241877
16,kcat_232,4.52646823662548
17,kcat_232,4.526999866214184
18,kcat_232,4.529532892141096
19,kcat_232,4.52883443174431
20,kcat_232,4.5457901263334195
21,kcat_232,4.547281584158178
22,kcat_232,4.5475915645998
23,kcat_232,4.541805519961242
24,kcat_232,4.541950579236543
25,kcat_232,4.5395730437949
26,kcat_232,4.538164598564876
27,kcat_232,4.533137652963075
28,kcat_232,4.533867494586241
29,kcat_232,4.53454697482065
30,kcat_232,4.533694160513215
31,kcat_232,4.532037842351016
32,kcat_232,4.526786678567325
33,kcat_232,4.5243440444583625
34,kcat_232,4.523767283626829
35,kcat_232,4.527456273529572
36,kcat_232,4.521090128239563
37,kcat_232,4.525344083379005
38,kcat_232,4.534859057563559
39,kcat_232,4.530996976377537
40,kcat_232,4.5244086077419166
41,kcat_232,4.5238073634035985
42,kcat_232,4.515767120321009
43,kcat_232,4.5123650443564935
44,kcat_232,4.512508176652086
45,kcat_232,4.50911937564999
46,kcat_232,4.51099821317666
47,kcat_232,4.5020609847666275
48,kcat_232,4.498105114451256
49,kcat_232,4.496926199124586
0,kcat_233,3.967085567609817
1,kcat_233,3.9716478124231744
2,kcat_233,3.9606877465086594
3,kcat_233,3.959704397155859
4,kcat_233,3.967087796908933
5,kcat_233,3.977853470880887
6,kcat_233,3.9907756546224253
7,kcat_233,4.0047828045341385
8,kcat_233,4.051384904921067
9,kcat_233,4.055614959449436
10,kcat_233,4.0638976084411125
11,kcat_233,4.077036092595207
12,kcat_233,4.091497364767585
13,kcat_233,4.085873378511407
14,kcat_233,4.086113252189161
15,kcat_233,4.111203924119193
16,kcat_233,4.116763165639369
17,kcat_233,4.118936104223433
18,kcat_233,4.117779323933517
19,kcat_233,4.116297039483869
20,kcat_233,4.10495632799352
21,kcat_233,4.112017961451425
22,kcat_233,4.101561723681438
23,kcat_233,4.102650569810088
24,kcat_233,4.100652115726136
25,kcat_233,4.1088459413983545
26,kcat_233,4.122180270704635
27,kcat_233,4.131120965460696
28,kcat_233,4.1226091258261475
29,kcat_233,4.111117806763248
30,kcat_233,4.108252619066081
31,kcat_233,4.106822817602232
32,kcat_233,4.103283003011688
33,kcat_233,4.100121969059353
34,kcat_233,4.107529324329242
35,kcat_233,4.107000878488647
36,kcat_233,4.10062547384029
37,kcat_233,4.101174055923475
38,kcat_233,4.111268265875366
39,kcat_233,4.1020721285270625
40,kcat_233,4.102478355687341
41,kcat_233,4.104142740821052
42,kcat_233,4.107646872188459
43,kcat_233,4.103692995023564
44,kcat_233,4.106760721125702
45,kcat_233,4.101425183061616
46,kcat_233,4.106686673522687
47,kcat_233,4.108514366789987
48,kcat_233,4.101585172612043
49,kcat_233,4.098427497071628
0,kcat_234,4.515941382480452
1,kcat_234,4.506865792545445
2,kcat_234,4.487045778472509
3,kcat_234,4.45412944002879
4,kcat_234,4.45422651041127
5,kcat_234,4.459528508873492
6,kcat_234,4.460636664342744
7,kcat_234,4.452837462259773
8,kcat_234,4.474207378444734
9,kcat_234,4.4662554381135315
10,kcat_234,4.461324715920371
11,kcat_234,4.449967567079334
12,kcat_234,4.455939320859327
13,kcat_234,4.453462552775634
14,kcat_234,4.451696100233913
15,kcat_234,4.45503616461053
16,kcat_234,4.450213525180502
17,kcat_234,4.456724479282952
18,kcat_234,4.435645498112751
19,kcat_234,4.437591210622652
20,kcat_234,4.436282924744697
21,kcat_234,4.438084403336471
22,kcat_234,4.419410718948485
23,kcat_234,4.4176318123521625
24,kcat_234,4.414220948299452
25,kcat_234,4.411399369559414
26,kcat_234,4.40646959609241
27,kcat_234,4.395804307360898
28,kcat_234,4.393016878443198
29,kcat_234,4.393713542936939
30,kcat_234,4.399243986953569
31,kcat_234,4.40222583370732
32,kcat_234,4.409817416635457
33,kcat_234,4.410823361517905
34,kcat_234,4.416714824741224
35,kcat_234,4.420263383313765
36,kcat_234,4.4262432500078415
37,kcat_234,4.426371466134966
38,kcat_234,4.421418059527556
39,kcat_234,4.423045167817281
40,kcat_234,4.411945986663636
41,kcat_234,4.412686932483229
42,kcat_234,4.407765508482127
43,kcat_234,4.414328920113074
44,kcat_234,4.4178191533406395
45,kcat_234,4.418435737348271
46,kcat_234,4.4142730750383405
47,kcat_234,4.411514875744
48,kcat_234,4.416807507380615
49,kcat_234,4.414260629502176
0,kcat_235,4.678537014988123
1,kcat_235,4.6788095184236935
2,kcat_235,4.689921122062705
3,kcat_235,4.702037093961168
4,kcat_235,4.709235171182263
5,kcat_235,4.703329536415438
6,kcat_235,4.692203457170815
7,kcat_235,4.694422117149353
8,kcat_235,4.695208482676116
9,kcat_235,4.695576768586566
10,kcat_235,4.6891749563659975
11,kcat_235,4.70925259010331
12,kcat_235,4.710832159862955
13,kcat_235,4.7157962743947985
14,kcat_235,4.702270700404876
15,kcat_235,4.6944264388449275
16,kcat_235,4.69103660909842
17,kcat_235,4.685081505673178
18,kcat_235,4.683003034729927
19,kcat_235,4.682094865259547
20,kcat_235,4.675819254970424
21,kcat_235,4.677814234771552
22,kcat_235,4.68358663464501
23,kcat_235,4.678099342263843
24,kcat_235,4.68010171594
25,kcat_235,4.684658410854932
26,kcat_235,4.677742564036365
27,kcat_235,4.683181788399373
28,kcat_235,4.684336379434965
29,kcat_235,4.681791856279224
30,kcat_235,4.690768954707723
31,kcat_235,4.688378784656003
32,kcat_235,4.683819201034673
33,kcat_235,4.679922470094261
34,kcat_235,4.687317184979201
35,kcat_235,4.688101792261835
36,kcat_235,4.690668652321216
37,kcat_235,4.689410638843834
38,kcat_235,4.693688593380402
39,kcat_235,4.6962043402581335
40,kcat_235,4.6968940098096095
41,kcat_235,4.694142898013868
42,kcat_235,4.688433832310778
43,kcat_235,4.680937684947746
44,kcat_235,4.684767741174902
45,kcat_235,4.68430365524667
46,kcat_235,4.681313497381383
47,kcat_235,4.682026470032367
48,kcat_235,4.673815310217831
49,kcat_235,4.671622482698313
0,kcat_236,4.509465508545451
1,kcat_236,4.5117134893162
2,kcat_236,4.531813149283222
3,kcat_236,4.515891395372153
4,kcat_236,4.51750627773729
5,kcat_236,4.505575142511169
6,kcat_236,4.493004247850222
7,kcat_236,4.467462503445959
8,kcat_236,4.469857073494052
9,kcat_236,4.461249082632858
10,kcat_236,4.473315959153528
11,kcat_236,4.474373263697082
12,kcat_236,4.4716668065768355
13,kcat_236,4.479499656362741
14,kcat_236,4.48476383823244
15,kcat_236,4.505557852601125
16,kcat_236,4.50792111197158
17,kcat_236,4.5057049218730585
18,kcat_236,4.5053682350808755
19,kcat_236,4.512791732746095
20,kcat_236,4.532168786668772
21,kcat_236,4.526530642104479
22,kcat_236,4.515065811380933
23,kcat_236,4.511073891737644
24,kcat_236,4.5149766337115
25,kcat_236,4.513542442844595
26,kcat_236,4.502628655739343
27,kcat_236,4.501640494890037
28,kcat_236,4.5035568191375335
29,kcat_236,4.503871369627253
30,kcat_236,4.49970175841531
31,kcat_236,4.499528133621501
32,kcat_236,4.5045083499452
33,kcat_236,4.502321048083595
34,kcat_236,4.495705769771043
35,kcat_236,4.494094866446309
36,kcat_236,4.486547168779972
37,kcat_236,4.489033066356396
38,kcat_236,4.491723523931692
39,kcat_236,4.492548373685677
40,kcat_236,4.495074194073274
41,kcat_236,4.4966721981758635
42,kcat_236,4.495412194039194
43,kcat_236,4.487330449272434
44,kcat_236,4.483750083388027
45,kcat_236,4.4793804152647105
46,kcat_236,4.48841166952872
47,kcat_236,4.4824314616940395
48,kcat_236,4.485242024994359
49,kcat_236,4.484918697800257
0,kcat_237,3.8755393230108557
1,kcat_237,3.867248404216854
2,kcat_237,3.8548859892601355
3,kcat_237,3.8632458092215884
4,kcat_237,3.845222065582043
5,kcat_237,3.8641289821756906
6,kcat_237,3.863349111648071
7,kcat_237,3.8759105430471665
8,kcat_237,3.8961199121980625
9,kcat_237,3.8999315910556644
10,kcat_237,3.9005226171875935
11,kcat_237,3.908870941906371
12,kcat_237,3.9105463053861613
13,kcat_237,3.918830714546048
14,kcat_237,3.9351398889059634
15,kcat_237,3.903687669007779
16,kcat_237,3.9165970518142195
17,kcat_237,3.908397065320098
18,kcat_237,3.8960886988282475
19,kcat_237,3.8973288214972506
20,kcat_237,3.898272656357671
21,kcat_237,3.903976118214422
22,kcat_237,3.898668082315815
23,kcat_237,3.898818792499898
24,kcat_237,3.9023735464166327
25,kcat_237,3.9072970629313306
26,kcat_237,3.9059660721729346
27,kcat_237,3.910405642799229
28,kcat_237,3.9092330435008513
29,kcat_237,3.917228805482103
30,kcat_237,3.913781298127378
31,kcat_237,3.9166755289093533
32,kcat_237,3.9112016970249077
33,kcat_237,3.9142375405781102
34,kcat_237,3.916274391228537
35,kcat_237,3.9170764146701775
36,kcat_237,3.9136129089856437
37,kcat_237,3.917108176994163
38,kcat_237,3.925011135232666
39,kcat_237,3.9241709458341005
40,kcat_237,3.9241987064199733
41,kcat_237,3.928666186536462
42,kcat_237,3.935098015492545
43,kcat_237,3.925484435028822
44,kcat_237,3.935747574341787
45,kcat_237,3.9402073040883603
46,kcat_237,3.9463323717098016
47,kcat_237,3.9463458043423967
48,kcat_237,3.9505642724382044
49,kcat_237,3.954600485346847
0,kcat_238,3.983507257187242
1,kcat_238,3.9845886997047644
2,kcat_238,3.9810596168051893
3,kcat_238,3.9784929231199233
4,kcat_238,3.971017323849766
5,kcat_238,3.9752128721779836
6,kcat_238,3.9816587974437403
7,kcat_238,3.987864753011
8,kcat_238,3.9834352844616885
9,kcat_238,3.9817033094760803
10,kcat_238,3.9915635410358634
11,kcat_238,3.9886996532491414
12,kcat_238,3.9903143535559153
13,kcat_238,3.990117411011017
14,kcat_238,3.9755866313173978
15,kcat_238,4.008146220001115
16,kcat_238,4.011549968545685
17,kcat_238,4.010102233107365
18,kcat_238,4.021219587073375
19,kcat_238,4.020157523198268
20,kcat_238,4.022256593739856
21,kcat_238,4.013963189142931
22,kcat_238,4.018281405418559
23,kcat_238,4.025700233695794
24,kcat_238,4.027163214321431
25,kcat_238,4.030511133398826
26,kcat_238,4.028751368777508
27,kcat_238,4.0275852233345875
28,kcat_238,4.016385302105067
29,kcat_238,4.021997088312528
30,kcat_238,4.0256340351480855
31,kcat_238,4.023254513563576
32,kcat_238,4.03241278618103
33,kcat_238,4.039555267805639
34,kcat_238,4.036740804143339
35,kcat_238,4.030288995289783
36,kcat_238,4.035717036997392
37,kcat_238,4.034780031643698
38,kcat_238,4.042447317892707
39,kcat_238,4.054692047921278
40,kcat_238,4.053870075241167
41,kcat_238,4.045088539624198
42,kcat_238,4.043197393056324
43,kcat_238,4.043039760764825
44,kcat_238,4.0454576843652985
45,kcat_238,4.050585552961148
46,kcat_238,4.033814291323564
47,kcat_238,4.036109967994479
48,kcat_238,4.033485056288854
49,kcat_238,4.030442383706477
0,kcat_239,4.025922834293678
1,kcat_239,4.024854446096014
2,kcat_239,4.061566135361861
3,kcat_239,4.067551067209124
4,kcat_239,4.065221970154344
5,kcat_239,4.071644551331295
6,kcat_239,4.065579596262585
7,kcat_239,4.072560706309913
8,kcat_239,4.096897127611602
9,kcat_239,4.1053074113011645
10,kcat_239,4.099619928889778
11,kcat_239,4.107234443944779
12,kcat_239,4.105778445995378
13,kcat_239,4.111161744801883
14,kcat_239,4.1143964904566666
15,kcat_239,4.1321682357471685
16,kcat_239,4.137107332018941
17,kcat_239,4.130967600152785
18,kcat_239,4.1422170504019835
19,kcat_239,4.150330046640698
20,kcat_239,4.167965620465083
21,kcat_239,4.161323359897909
22,kcat_239,4.17777145630174
23,kcat_239,4.179062716937641
24,kcat_239,4.178839018229263
25,kcat_239,4.175836578148015
26,kcat_239,4.176759914819006
27,kcat_239,4.1837837131899525
28,kcat_239,4.179256890581262
29,kcat_239,4.174574869498176
30,kcat_239,4.164678910379632
31,kcat_239,4.167655388393462
32,kcat_239,4.172997906588909
33,kcat_239,4.165027981719822
34,kcat_239,4.174725786318362
35,kcat_239,4.172611191844854
36,kcat_239,4.17718795175347
37,kcat_239,4.170388499703423
38,kcat_239,4.1686291718718325
39,kcat_239,4.181032109294123
40,kcat_239,4.178570525490602
41,kcat_239,4.176905594348456
42,kcat_239,4.185509072112385
43,kcat_239,4.182583786000994
44,kcat_239,4.182757175983544
45,kcat_239,4.182913760491933
46,kcat_239,4.188570122706921
47,kcat_239,4.184118656911159
48,kcat_239,4.187432785952143
49,kcat_239,4.19046031536114
0,kcat_240,4.1234363024112
1,kcat_240,4.119068962711112
2,kcat_240,4.076339366148261
3,kcat_240,4.102346374557938
4,kcat_240,4.105201496743561
5,kcat_240,4.110264750198583
6,kcat_240,4.1140034119451645
7,kcat_240,4.11234188345477
8,kcat_240,4.112509579541181
9,kcat_240,4.117305668592146
10,kcat_240,4.111306032785872
11,kcat_240,4.110558538724066
12,kcat_240,4.104493031669105
13,kcat_240,4.104892478947412
14,kcat_240,4.114767714207245
15,kcat_240,4.134603890598877
16,kcat_240,4.1486507485301285
17,kcat_240,4.152012134821929
18,kcat_240,4.156673134788855
19,kcat_240,4.146132066011206
20,kcat_240,4.164455548762234
21,kcat_240,4.149281985728992
22,kcat_240,4.156618875889797
23,kcat_240,4.153184905595893
24,kcat_240,4.155192127699671
25,kcat_240,4.167136030227148
26,kcat_240,4.1624546471532895
27,kcat_240,4.1657967288839615
28,kcat_240,4.167323304183343
29,kcat_240,4.170365350145916
30,kcat_240,4.166796419135272
31,kcat_240,4.163091981733683
32,kcat_240,4.160517335753469
33,kcat_240,4.160148125283486
34,kcat_240,4.152633275888046
35,kcat_240,4.156502405948454
36,kcat_240,4.152524415211728
37,kcat_240,4.155229236698753
38,kcat_240,4.168318161222727
39,kcat_240,4.16917781276399
40,kcat_240,4.16556544667181
41,kcat_240,4.161444446105105
42,kcat_240,4.160934175016254
43,kcat_240,4.158669787151202
44,kcat_240,4.1597395303145746
45,kcat_240,4.161663579977121
46,kcat_240,4.163604645831127
47,kcat_240,4.168368816111974
48,kcat_240,4.174571410623395
49,kcat_240,4.176815926715229
0,kcat_241,3.361753883992944
1,kcat_241,3.3608885367967716
2,kcat_241,3.335278834365157
3,kcat_241,3.3416486144535082
4,kcat_241,3.336080754860411
5,kcat_241,3.366169584867014
6,kcat_241,3.3642805595403513
7,kcat_241,3.3746156855582474
8,kcat_241,3.3959866176317344
9,kcat_241,3.392151005727879
10,kcat_241,3.3953673249168035
11,kcat_241,3.401348601284342
12,kcat_241,3.404286304072079
13,kcat_241,3.420841079654439
14,kcat_241,3.40811569609083
15,kcat_241,3.3992223727611433
16,kcat_241,3.3974821993552933
17,kcat_241,3.400115952943799
18,kcat_241,3.3970697080183987
19,kcat_241,3.401172343131405
20,kcat_241,3.4290918173718987
21,kcat_241,3.418660862734019
22,kcat_241,3.42965213549022
23,kcat_241,3.4330501431186264
24,kcat_241,3.4316681817824577
25,kcat_241,3.4345583008620135
26,kcat_241,3.451359553517992
27,kcat_241,3.453351933624485
28,kcat_241,3.450489079560382
29,kcat_241,3.4481192324277945
30,kcat_241,3.453269794183357
31,kcat_241,3.4531637352920437
32,kcat_241,3.456993637095354
33,kcat_241,3.4512456614903684
34,kcat_241,3.452950939984828
35,kcat_241,3.4474117858792246
36,kcat_241,3.451648377195078
37,kcat_241,3.455939871280541
38,kcat_241,3.4498810782551455
39,kcat_241,3.4560823071354076
40,kcat_241,3.4651416447729253
41,kcat_241,3.458114320330387
42,kcat_241,3.455558122797186
43,kcat_241,3.4600164762595353
44,kcat_241,3.460980347572535
45,kcat_241,3.465054312829354
46,kcat_241,3.455408965732922
47,kcat_241,3.4587794426766614
48,kcat_241,3.4602271260858433
49,kcat_241,3.4617272590925263
0,kcat_242,4.578648311448008
1,kcat_242,4.58172687068279
2,kcat_242,4.620656986312356
3,kcat_242,4.629650271170755
4,kcat_242,4.6365992198241655
5,kcat_242,4.627968931029172
6,kcat_242,4.6286679545467475
7,kcat_242,4.615676370915981
8,kcat_242,4.604429066574931
9,kcat_242,4.602272317045549
10,kcat_242,4.610582069458915
11,kcat_242,4.61210215519383
12,kcat_242,4.595471221768162
13,kcat_242,4.590990666690618
14,kcat_242,4.5961329260574
15,kcat_242,4.5819957519235315
16,kcat_242,4.576828204714159
17,kcat_242,4.583673976262936
18,kcat_242,4.580150171366797
19,kcat_242,4.578898359967612
20,kcat_242,4.57755562889455
21,kcat_242,4.569703737852639
22,kcat_242,4.55540587031284
23,kcat_242,4.547611497911959
24,kcat_242,4.550958195145891
25,kcat_242,4.552280534798634
26,kcat_242,4.569214748630877
27,kcat_242,4.570967162202983
28,kcat_242,4.562139554810142
29,kcat_242,4.563289983653179
30,kcat_242,4.555978371418979
31,kcat_242,4.552950415071289
32,kcat_242,4.555830850924134
33,kcat_242,4.5586625926602355
34,kcat_242,4.567177076794388
35,kcat_242,4.569846795704821
36,kcat_242,4.574208876800352
37,kcat_242,4.566534340802096
38,kcat_242,4.554831334925704
39,kcat_242,4.550713896765683
40,kcat_242,4.558664695788228
41,kcat_242,4.558809475396967
42,kcat_242,4.558921574329929
43,kcat_242,4.561695830164667
44,kcat_242,4.568799060555624
45,kcat_242,4.570117129057958
46,kcat_242,4.570035794711852
47,kcat_242,4.571068327514252
48,kcat_242,4.577251673079987
49,kcat_242,4.5772487910761495
0,kcat_243,4.727194086509673
1,kcat_243,4.7320883176748145
2,kcat_243,4.766188421869351
3,kcat_243,4.77124707443587
4,kcat_243,4.770421509530721
5,kcat_243,4.740260595483092
6,kcat_243,4.750905089168966
7,kcat_243,4.719758617884351
8,kcat_243,4.716985949554253
9,kcat_243,4.7188563607720315
10,kcat_243,4.713511797681053
11,kcat_243,4.704785333996005
12,kcat_243,4.709087402923016
13,kcat_243,4.708040388443375
14,kcat_243,4.692162002546826
15,kcat_243,4.686827557691426
16,kcat_243,4.6930119841525935
17,kcat_243,4.7077227550228615
18,kcat_243,4.711361666148795
19,kcat_243,4.720459751935798
20,kcat_243,4.708285285859715
21,kcat_243,4.721065480858321
22,kcat_243,4.721959393790578
23,kcat_243,4.718179523663413
24,kcat_243,4.7119840847410375
25,kcat_243,4.710637496310689
26,kcat_243,4.719473892545478
27,kcat_243,4.716641491875234
28,kcat_243,4.714667909106724
29,kcat_243,4.704096373075519
30,kcat_243,4.699577360203445
31,kcat_243,4.701499670662846
32,kcat_243,4.701824560397677
33,kcat_243,4.697263643897427
34,kcat_243,4.690450844389634
35,kcat_243,4.690176980013245
36,kcat_243,4.682480404922656
37,kcat_243,4.686248025024159
38,kcat_243,4.6967049880674825
39,kcat_243,4.694334438170158
40,kcat_243,4.687168455628475
41,kcat_243,4.683089487367894
42,kcat_243,4.6883754961069455
43,kcat_243,4.679090089863315
44,kcat_243,4.6829970951469155
45,kcat_243,4.688857536185476
46,kcat_243,4.684924834280043
47,kcat_243,4.683718401249658
48,kcat_243,4.67818009055554
49,kcat_243,4.678975810563139
0,kcat_244,5.044187966060425
1,kcat_244,5.05727028834595
2,kcat_244,5.056398090756376
3,kcat_244,5.051597942967451
4,kcat_244,5.0561127862432205
5,kcat_244,5.041207307724229
6,kcat_244,5.050216924397503
7,kcat_244,5.043408228152611
8,kcat_244,5.01657927758647
9,kcat_244,4.9998597495532575
10,kcat_244,4.990652640744189
11,kcat_244,4.994726196642477
12,kcat_244,4.991786979683135
13,kcat_244,4.999577319208259
14,kcat_244,4.99491773570965
15,kcat_244,5.019957903744429
16,kcat_244,5.021652972834368
17,kcat_244,5.020224957165072
18,kcat_244,5.019608877426502
19,kcat_244,5.015750391712186
20,kcat_244,5.015619868251999
21,kcat_244,5.01103508652363
22,kcat_244,5.006479663106803
23,kcat_244,5.001246137117615
24,kcat_244,5.003725876843608
25,kcat_244,5.000889997697353
26,kcat_244,5.00322318331249
27,kcat_244,5.004064152270174
28,kcat_244,5.001312870541006
29,kcat_244,5.011090074808357
30,kcat_244,5.018750640612795
31,kcat_244,5.01350363558692
32,kcat_244,5.0146256486921885
33,kcat_244,5.017120667537851
34,kcat_244,5.016341352267205
35,kcat_244,5.013496687351041
36,kcat_244,5.012670032333212
37,kcat_244,5.011857398473423
38,kcat_244,4.997120347280938
39,kcat_244,4.998497667838741
40,kcat_244,4.999943537936308
41,kcat_244,4.997648188557911
42,kcat_244,4.999275066294695
43,kcat_244,5.010365991719518
44,kcat_244,5.008996657043159
45,kcat_244,5.007125750959856
46,kcat_244,4.991848901114736
47,kcat_244,4.989021374504789
48,kcat_244,4.977020358368162
49,kcat_244,4.977207685002202
0,kcat_245,5.1078576232851285
1,kcat_245,5.100562089174789
2,kcat_245,5.09722094719343
3,kcat_245,5.106059196006908
4,kcat_245,5.113372615394536
5,kcat_245,5.08329277605924
6,kcat_245,5.077321351719848
7,kcat_245,5.042499224686676
8,kcat_245,5.035862372212554
9,kcat_245,5.027915484163281
10,kcat_245,5.040114291967496
11,kcat_245,5.027309107139341
12,kcat_245,5.035433706856839
13,kcat_245,5.038354425105753
14,kcat_245,5.020286322466765
15,kcat_245,5.0218788049450565
16,kcat_245,5.029915026756159
17,kcat_245,5.03643280263715
18,kcat_245,5.038157369885077
19,kcat_245,5.036074761949315
20,kcat_245,5.030199825257036
21,kcat_245,5.025028349312195
22,kcat_245,5.028313518409783
23,kcat_245,5.030733200293964
24,kcat_245,5.035333982344618
25,kcat_245,5.0361113682156855
26,kcat_245,5.035771426657413
27,kcat_245,5.033074268025529
28,kcat_245,5.036048015094808
29,kcat_245,5.027518997942059
30,kcat_245,5.018293580454463
31,kcat_245,5.024889135318994
32,kcat_245,5.029764167881454
33,kcat_245,5.029126895340594
34,kcat_245,5.020369634139864
35,kcat_245,5.010279771633382
36,kcat_245,5.005730298171239
37,kcat_245,5.0046889661471665
38,kcat_245,5.014403658904176
39,kcat_245,5.020210356726617
40,kcat_245,5.023359346496884
41,kcat_245,5.016023370366748
42,kcat_245,5.019631133527573
43,kcat_245,5.028437936037876
44,kcat_245,5.032207523567281
45,kcat_245,5.029735818058363
46,kcat_245,5.021994831582198
47,kcat_245,5.024823665750374
48,kcat_245,5.025075805289715
49,kcat_245,5.0310543647058665
0,kcat_246,4.213923130910797
1,kcat_246,4.220339208024118
2,kcat_246,4.223096082701448
3,kcat_246,4.2163602250528225
4,kcat_246,4.213764400371075
5,kcat_246,4.232968001453896
6,kcat_246,4.2125662294242465
7,kcat_246,4.186317665376277
8,kcat_246,4.186981943549804
9,kcat_246,4.196717647285148
10,kcat_246,4.2028507839438465
11,kcat_246,4.210195170723224
12,kcat_246,4.207795174714966
13,kcat_246,4.204649591211128
14,kcat_246,4.211694939989641
15,kcat_246,4.242392960011715
16,kcat_246,4.233000829136391
17,kcat_246,4.241605170703311
18,kcat_246,4.241878689630247
19,kcat_246,4.240267262132623
20,kcat_246,4.226929877182389
21,kcat_246,4.2172913532506575
22,kcat_246,4.206392858965906
23,kcat_246,4.208122295289582
24,kcat_246,4.208077269143783
25,kcat_246,4.203542386036869
26,kcat_246,4.201608132307855
27,kcat_246,4.202817698124481
28,kcat_246,4.196408522495022
29,kcat_246,4.199624168145911
30,kcat_246,4.206325395110778
31,kcat_246,4.203332520896476
32,kcat_246,4.206181897982547
33,kcat_246,4.202990010438173
34,kcat_246,4.206590891076207
35,kcat_246,4.20977285539477
36,kcat_246,4.209139147756378
37,kcat_246,4.209637720082747
38,kcat_246,4.203600408116201
39,kcat_246,4.210030232870894
40,kcat_246,4.207834541961246
41,kcat_246,4.21106428505249
42,kcat_246,4.214485414998072
43,kcat_246,4.214666416909087
44,kcat_246,4.222521773388689
45,kcat_246,4.217123649320916
46,kcat_246,4.2135655874512015
47,kcat_246,4.222459821482881
48,kcat_246,4.2175596316765604
49,kcat_246,4.218646572353111
0,kcat_247,4.068972966078179
1,kcat_247,4.071361922751942
2,kcat_247,4.06847675613766
3,kcat_247,4.055317406924576
4,kcat_247,4.054267396184288
5,kcat_247,4.062340802059157
6,kcat_247,4.08270428387292
7,kcat_247,4.064165632865593
8,kcat_247,4.076700744893988
9,kcat_247,4.083854873871636
10,kcat_247,4.08113499036758
11,kcat_247,4.084138853331538
12,kcat_247,4.075002115349019
13,kcat_247,4.0858847079366685
14,kcat_247,4.076817008181073
15,kcat_247,4.092982637682525
16,kcat_247,4.088756124726558
17,kcat_247,4.0886030496752905
18,kcat_247,4.086679143311733
19,kcat_247,4.084276204472485
20,kcat_247,4.083031005732744
21,kcat_247,4.080524821667728
22,kcat_247,4.082934345509415
23,kcat_247,4.083184824443317
24,kcat_247,4.098179049258443
25,kcat_247,4.105223257497422
26,kcat_247,4.100861731240975
27,kcat_247,4.112158639448167
28,kcat_247,4.113965577087464
29,kcat_247,4.111560021321739
30,kcat_247,4.105640459510551
31,kcat_247,4.11086774976401
32,kcat_247,4.1052870011854905
33,kcat_247,4.1108820623313
34,kcat_247,4.098655232713064
35,kcat_247,4.101358849276403
36,kcat_247,4.096570539207077
37,kcat_247,4.101738782152542
38,kcat_247,4.102573049396542
39,kcat_247,4.096126867290234
40,kcat_247,4.105455757607825
41,kcat_247,4.109503817339501
42,kcat_247,4.111935961638224
43,kcat_247,4.123353479003668
44,kcat_247,4.116214311141765
45,kcat_247,4.107988448690652
46,kcat_247,4.113629039886656
47,kcat_247,4.124028104724734
48,kcat_247,4.121667266022456
49,kcat_247,4.12627454573826
0,kcat_248,4.060213314908074
1,kcat_248,4.050103702488688
2,kcat_248,4.0575565210697215
3,kcat_248,4.053690545454569
4,kcat_248,4.068191826214033
5,kcat_248,4.08579739492295
6,kcat_248,4.075432136731583
7,kcat_248,4.067188812370978
8,kcat_248,4.07608569054923
9,kcat_248,4.09175502582902
10,kcat_248,4.083976980721859
11,kcat_248,4.087263611673441
12,kcat_248,4.088130654949042
13,kcat_248,4.08541323007369
14,kcat_248,4.0748876827281375
15,kcat_248,4.0750388934725015
16,kcat_248,4.073492094333048
17,kcat_248,4.077237475819641
18,kcat_248,4.0711966954537
19,kcat_248,4.0767683975636775
20,kcat_248,4.053953906844707
21,kcat_248,4.047546226071003
22,kcat_248,4.044742497150742
23,kcat_248,4.0461462892721105
24,kcat_248,4.044963353631842
25,kcat_248,4.048438666831328
26,kcat_248,4.038661439647879
27,kcat_248,4.033493415933965
28,kcat_248,4.0366392720999285
29,kcat_248,4.022542293307034
30,kcat_248,4.029289847092421
31,kcat_248,4.024207952492613
32,kcat_248,4.017411778287915
33,kcat_248,4.0216209584389775
34,kcat_248,4.026856823816372
35,kcat_248,4.0343958368461905
36,kcat_248,4.021024868482159
37,kcat_248,4.028454231717496
38,kcat_248,4.019187766259673
39,kcat_248,4.022894752780924
40,kcat_248,4.0239322439969385
41,kcat_248,4.024517384827394
42,kcat_248,4.018661178811787
43,kcat_248,4.013580609069197
44,kcat_248,4.009605857394397
45,kcat_248,3.9997294444940525
46,kcat_248,3.9993675517672744
47,kcat_248,3.992049739743507
48,kcat_248,3.99109566498573
49,kcat_248,3.9898054497498836
0,kcat_249,4.524515766827603
1,kcat_249,4.513602438206233
2,kcat_249,4.539451476373758
3,kcat_249,4.561052273984932
4,kcat_249,4.577193068065918
5,kcat_249,4.589529976134804
6,kcat_249,4.587790152971954
7,kcat_249,4.593547741513812
8,kcat_249,4.587851358962551
9,kcat_249,4.587904449609837
10,kcat_249,4.603008560762338
11,kcat_249,4.610181619863383
12,kcat_249,4.610832764483572
13,kcat_249,4.59089020024609
14,kcat_249,4.61016171299428
15,kcat_249,4.6357726768900305
16,kcat_249,4.638068344365555
17,kcat_249,4.642379300918452
18,kcat_249,4.6357352961537766
19,kcat_249,4.633944316807063
20,kcat_249,4.645007315845083
21,kcat_249,4.648967406944045
22,kcat_249,4.644910236850956
23,kcat_249,4.644866937719729
24,kcat_249,4.643155497784723
25,kcat_249,4.634017241475359
26,kcat_249,4.625625889615912
27,kcat_249,4.627584484937906
28,kcat_249,4.632029930271471
29,kcat_249,4.634619211133962
30,kcat_249,4.628473417571605
31,kcat_249,4.629968805191228
32,kcat_249,4.635796778681089
33,kcat_249,4.635703357240072
34,kcat_249,4.640678542545214
35,kcat_249,4.641908119284929
36,kcat_249,4.641111648049522
37,kcat_249,4.642660724682356
38,kcat_249,4.644658107056805
39,kcat_249,4.638639723414754
40,kcat_249,4.646759479932871
41,kcat_249,4.646363752916792
42,kcat_249,4.647616645954019
43,kcat_249,4.643823741091821
44,kcat_249,4.646796563700598
45,kcat_249,4.651041311532048
46,kcat_249,4.666630757948329
47,kcat_249,4.662561740494718
48,kcat_249,4.660105870355256
49,kcat_249,4.663092451781781
0,kcat_250,4.389974475256809
1,kcat_250,4.384509601483571
2,kcat_250,4.355891847159438
3,kcat_250,4.339224835026747
4,kcat_250,4.324223348216213
5,kcat_250,4.325037496726437
6,kcat_250,4.33006557518204
7,kcat_250,4.32604883378585
8,kcat_250,4.293834351002523
9,kcat_250,4.29241736539118
10,kcat_250,4.287002829756516
11,kcat_250,4.283780653514359
12,kcat_250,4.280204034541915
13,kcat_250,4.294538879354711
14,kcat_250,4.286002865664604
15,kcat_250,4.276490544702522
16,kcat_250,4.286682157135413
17,kcat_250,4.289657833311487
18,kcat_250,4.292361321529874
19,kcat_250,4.285588678115609
20,kcat_250,4.3022097812487425
21,kcat_250,4.307735500298946
22,kcat_250,4.315342012486015
23,kcat_250,4.316323280050034
24,kcat_250,4.321564115870231
25,kcat_250,4.332467227241649
26,kcat_250,4.3304252491222295
27,kcat_250,4.333174981371333
28,kcat_250,4.329378502384641
29,kcat_250,4.328915530667176
30,kcat_250,4.3149989902057735
31,kcat_250,4.320523475846198
32,kcat_250,4.3181421557625095
33,kcat_250,4.324444083092816
34,kcat_250,4.315305430205386
35,kcat_250,4.31469734809968
36,kcat_250,4.3130442171539105
37,kcat_250,4.308864598732768
38,kcat_250,4.310691105886729
39,kcat_250,4.306294925270683
40,kcat_250,4.306926888247948
41,kcat_250,4.313900414021056
42,kcat_250,4.305780771303055
43,kcat_250,4.303595980157538
44,kcat_250,4.299301478919865
45,kcat_250,4.285964433328286
46,kcat_250,4.276621919148556
47,kcat_250,4.273425817803872
48,kcat_250,4.272474752756881
49,kcat_250,4.277404584484707
0,kcat_251,4.78838385805953
1,kcat_251,4.793318228535822
2,kcat_251,4.786309691770762
3,kcat_251,4.786620500041078
4,kcat_251,4.785809819322128
5,kcat_251,4.7632727116662075
6,kcat_251,4.767440902048136
7,kcat_251,4.753513434851427
8,kcat_251,4.736645092942965
9,kcat_251,4.7309538681228345
10,kcat_251,4.73117661762578
11,kcat_251,4.720648713581444
12,kcat_251,4.7146762697037685
13,kcat_251,4.709871675836317
14,kcat_251,4.702336334000156
15,kcat_251,4.698892559887138
16,kcat_251,4.6946878696755245
17,kcat_251,4.6976316662230095
18,kcat_251,4.700951143735408
19,kcat_251,4.697818145262978
20,kcat_251,4.680247304764696
21,kcat_251,4.671690971979958
22,kcat_251,4.683109827649784
23,kcat_251,4.6814779152741925
24,kcat_251,4.681501636375287
25,kcat_251,4.686948484852652
26,kcat_251,4.693477302921583
27,kcat_251,4.689138661792304
28,kcat_251,4.689474736110351
29,kcat_251,4.698099524197924
30,kcat_251,4.686774785088072
31,kcat_251,4.690728707611231
32,kcat_251,4.697990720041813
33,kcat_251,4.69528234400208
34,kcat_251,4.702922208602268
35,kcat_251,4.698326808923615
36,kcat_251,4.696359721838681
37,kcat_251,4.699451841721132
38,kcat_251,4.701482566492739
39,kcat_251,4.698994019771614
40,kcat_251,4.694124886838582
41,kcat_251,4.699949134147028
42,kcat_251,4.704771361632522
43,kcat_251,4.716314944702778
44,kcat_251,4.720993428622019
45,kcat_251,4.71958422049948
46,kcat_251,4.722939462083383
47,kcat_251,4.724730869785214
48,kcat_251,4.714977544589856
49,kcat_251,4.71691768888079
